Sr. No.,Sample No.,Farmer Name,Tahsil,Survey Number,Village,Area,pH,EC,Organic Carbon (%),Nitrogen (kg/ha),Phosphorous (kg/ha),Potassium (kg/ha),Sulphur (ppm),Zinc (ppm),Boron (ppm),Iron (ppm),Manganese (ppm),Copper (ppm)
1,2679,Jalindar Yashwant Jadhav,Atpadi,1094,Walwan,0.66,8.22,0.25,0.64,213.25,32.99,112.00,9.38,0.88,0.84,2.04,4.08,2.96
2,2680,SUSHANT ANANDRAV JADHAV,Atpadi,102,Walwan,0.80,8.27,0.24,0.35,225.79,35.22,134.40,7.28,0.72,0.71,2.24,4.12,2.78
3,2681,SUNIL ANANDRAV JADHAV,Atpadi,97,Walwan,0.45,8.21,0.27,0.50,238.34,18.28,156.80,8.85,0.90,0.86,1.98,4.96,2.70
4,2682,Anandrao Bapu Jadhav,Atpadi,154,Walwan,1.36,8.47,0.28,0.42,200.70,23.18,168.00,8.46,1.04,0.82,2.24,5.86,3.98
5,2683,SADASHIV BHANUDAS DESHPANDE,Atpadi,524,Walwan,0.96,8.50,0.24,0.25,213.25,35.66,201.60,15.18,1.02,1.78,2.24,4.54,2.98
6,2684,BALASO CHANDAR MANE,Atpadi,91,Walwan,1.60,8.47,0.40,0.38,188.16,14.71,112.00,10.60,0.98,0.90,2.06,3.74,3.10
7,2685,NANDKUMAR NATHA JADHAV,Atpadi,878,Walwan,1.05,8.41,0.35,0.36,200.70,21.40,168.00,9.38,1.18,1.02,2.30,3.70,3.84
8,2686,Maruti Vithoba Jadhav,Atpadi,690,Walwan,1.03,8.19,0.25,0.36,175.62,21.40,224.00,11.08,1.00,0.88,0.76,4.52,2.90
9,2687,Balu santu jadhav,Atpadi,392,Walwan,1.02,8.67,0.77,0.35,188.16,10.25,179.20,8.38,1.24,0.70,1.30,4.70,3.08
10,2688,Dhondiram Savala Jadhav,Atpadi,545,Walwan,0.63,8.56,0.13,0.46,150.53,25.85,212.80,9.64,1.18,0.97,1.26,4.50,2.92
11,2689,DADASO NAMDEV JADHAV,Atpadi,181,Walwan,0.60,8.40,0.25,0.43,200.70,33.88,112.00,6.94,0.74,0.93,1.92,5.34,2.26
12,2690,RAMCHANDRA KRUSHNA KADAM,Atpadi,880,Walwan,0.96,9.07,1.10,0.33,150.53,35.22,112.00,9.33,1.94,0.83,1.62,3.78,2.72
13,2691,Dhondiram Nivarutti Kumbhar,Atpadi,457,Walwan,0.66,9.01,1.05,0.49,188.16,31.20,123.20,10.73,0.98,0.99,2.20,5.24,3.02
14,2692,tanaji akaram jadhav,Atpadi,917,Walwan,0.80,8.12,0.26,0.46,200.70,30.76,145.60,7.98,1.20,1.00,1.90,4.44,3.22
15,2693,abasaheb sambhaji jadhav,Atpadi,879,Walwan,0.65,8.70,0.91,0.57,175.62,29.42,201.60,9.99,0.98,0.81,1.76,4.40,2.68
16,2694,MURLIDHAR APPA THORAT,Atpadi,857,Walwan,0.90,8.48,0.26,0.60,150.53,25.41,246.40,9.16,1.38,0.83,2.00,3.30,2.20
17,2695,Sadashiv Pandurang jadhav,Atpadi,776,Walwan,0.60,8.59,0.23,0.36,188.16,30.31,112.00,7.90,0.84,0.95,2.08,3.54,2.88
18,2696,SHAHAJI TATOBA SHINDE,Atpadi,699,Walwan,0.50,8.51,0.15,0.51,163.07,33.43,134.40,7.15,0.94,0.88,1.56,4.22,2.66
19,2697,Vitthal Bapu Shinde,Atpadi,652,Walwan,0.80,8.61,0.23,0.56,200.70,29.87,190.40,13.35,0.94,0.80,1.70,3.94,2.96
20,2698,MOHAN TULASHIRAM SHINDE,Atpadi,642,Walwan,0.45,8.59,0.25,0.49,175.62,20.95,235.20,10.56,0.94,0.93,1.40,3.44,2.58
21,2699,ashok santu jadhav,Atpadi,622,Walwan,0.85,8.48,0.25,0.56,137.98,29.87,179.20,10.60,0.96,0.96,1.94,5.66,2.66
22,2700,BALU TATOBA JADHAV,Atpadi,55,Walwan,0.70,8.62,0.37,0.46,200.70,19.61,145.60,11.25,0.98,1.05,1.50,5.52,2.56
23,2701,JAGANNATH BABA POL,Atpadi,537,Walwan,0.60,8.63,0.30,0.46,188.16,13.37,168.00,6.46,0.96,0.90,1.72,6.20,2.40
24,2702,Suresh Savala Jadhav,Atpadi,516,Walwan,0.50,8.42,0.17,0.47,163.07,14.26,224.00,10.29,0.80,0.75,1.48,4.90,1.82
25,2703,Tukaram Bhau Jadhav,Atpadi,442,Walwan,0.46,8.49,0.37,0.29,200.70,17.38,145.60,9.81,0.64,0.75,1.76,5.22,2.24
26,2704,POPAT NAMDEV JADHAV,Atpadi,384,Walwan,0.50,8.52,0.91,0.28,175.62,15.16,112.00,9.47,1.46,1.33,1.40,4.10,2.32
27,2705,ananda sona suryavanshi,Atpadi,258,Walwan,0.96,8.57,0.25,0.28,188.16,13.37,156.80,8.81,1.32,1.07,1.38,5.16,2.58
28,2706,DILIP ANNA GURAV,Atpadi,216,Walwan,0.88,8.56,0.26,0.46,200.70,16.94,201.60,7.98,1.16,1.28,1.58,4.44,2.34
29,2707,PRATAP BHANUDAS JADHAV,Atpadi,138,Walwan,0.66,8.51,0.21,0.31,175.62,19.17,156.80,7.07,0.78,1.36,1.64,3.76,2.24
30,2708,Savitri Ramchandra Jadhav,Atpadi,1152,Walwan,0.66,8.02,0.99,0.18,150.53,19.61,190.40,10.16,0.80,1.05,1.50,4.52,2.48
31,2709,HANMANT KRUSHNA JADHAV,Atpadi,1136,Walwan,0.85,8.58,0.29,0.36,200.70,20.95,112.00,12.00,0.62,1.42,1.22,3.48,2.34
32,2710,kisan nivrutti jadhav,Atpadi,1106,Walwan,0.44,8.53,0.28,0.19,175.62,18.72,156.80,13.39,0.82,1.55,1.22,4.50,2.80
33,2711,RAGHUNATH PANDURANG JADHAV,Atpadi,1093,Walwan,0.45,8.48,0.30,0.40,150.53,13.82,179.20,13.00,0.62,1.59,1.56,4.44,2.76
34,2712,NAMDEV NARAYAN JADHAV,Atpadi,1092,Walwan,0.66,8.65,0.27,0.19,137.98,16.05,235.20,9.16,0.94,1.68,2.02,3.60,1.82
35,2713,SATYAVAN SHAHAJI JADHAV,Atpadi,1076,Walwan,0.55,8.52,0.23,0.26,163.07,20.06,179.20,10.69,0.90,0.98,1.92,3.74,2.78
36,2714,Hanamant Shankar Jadhav,Atpadi,1015,Walwan,0.44,8.56,0.30,0.17,200.70,22.73,112.00,8.51,1.08,1.39,2.06,5.06,2.16
37,2715,BABASO BAPU JADHAV,Atpadi,1009,Walwan,0.66,8.54,0.27,0.32,163.07,23.18,123.20,7.68,0.88,1.57,2.14,3.78,2.14
38,2716,ARJUN NAMDEV JADHAV,Atpadi,938,Walwan,0.96,8.51,0.27,0.22,213.25,24.96,168.00,10.56,0.94,1.62,2.04,4.88,2.58
39,2717,Vishnu Bhau Jadhav,Atpadi,928,Walwan,0.96,8.59,0.31,0.29,200.70,20.95,201.60,11.91,1.04,1.49,2.26,4.58,2.06
40,2718,TUKARAM VISHNU JADHAV,Atpadi,915,Walwan,0.90,8.44,0.29,0.17,175.62,17.83,168.00,12.69,0.80,1.37,1.74,3.68,2.02
41,2719,Vilas Sukdev Jadhav,Atpadi,884,Walwan,0.99,8.43,0.31,0.24,150.53,18.72,212.80,9.20,1.04,1.29,1.64,5.14,2.20
42,2720,Shivaji Vishwanath Jadhav,Atpadi,882,Walwan,1.30,8.54,0.26,0.25,200.70,19.17,224.00,11.52,0.92,1.64,1.24,4.66,1.60
43,2721,GOVIND MARUTI MORE,Atpadi,880,Walwan,1.30,8.65,0.23,0.22,163.07,22.29,112.00,6.85,0.88,1.55,2.36,3.80,1.24
44,2722,bhimarav pralhad jadhav,Atpadi,877,Walwan,0.99,8.39,1.02,0.18,200.70,21.40,134.40,9.73,1.66,1.41,1.80,5.02,2.46
45,2723,SUDAM MALHARI THORAT,Atpadi,813,Walwan,0.44,8.50,0.29,0.54,175.62,19.17,179.20,10.34,1.04,1.32,1.34,4.56,2.50
46,2724,Pavan Sahdev Thorat,Atpadi,813,Walwan,0.45,8.52,0.91,0.42,213.25,26.30,179.20,13.70,0.94,1.47,1.12,3.72,3.26
47,2725,Uttam Savala Tupe,Atpadi,752,Walwan,0.96,8.53,0.24,0.40,188.16,19.61,235.20,14.22,1.08,1.28,1.90,2.82,3.30
48,2726,Jagannath Ananda Karande,Atpadi,719,Walwan,0.40,8.59,0.29,0.35,225.79,17.83,179.20,12.65,1.04,1.72,2.02,3.40,2.88
49,2727,Vishvnath Ananda Karande,Atpadi,706,Walwan,60.69,8.61,0.28,0.25,213.25,19.61,112.00,9.03,1.02,1.69,1.94,2.24,3.82
50,2728,AMOL SURESH SHINDE,Atpadi,705,Walwan,2.10,8.60,0.25,0.24,175.62,22.73,145.60,9.77,1.06,1.22,1.94,4.72,3.80
51,2729,kisan baburao patil,Atpadi,659,Walwan,1.23,8.48,0.27,0.28,150.53,24.07,190.40,11.04,0.98,1.24,1.76,3.88,3.30
52,2730,KASHINATH NARAYAN DESHPANDE,Atpadi,552,Walwan,1.33,8.47,0.15,0.26,200.70,28.97,179.20,13.61,0.96,1.17,1.90,3.80,3.64
53,2731,Sayaji Baburao Mane,Atpadi,544,Walwan,0.85,8.61,0.91,0.56,175.62,27.64,246.40,8.94,0.88,1.10,1.44,3.00,3.10
54,2732,ramahari hanamant pol,Atpadi,535,Walwan,0.66,8.44,0.30,0.36,150.53,23.63,112.00,10.21,1.14,1.06,2.54,1.64,3.32
55,2733,shamrao baba pawar,Atpadi,499,Walwan,0.66,8.43,0.32,0.51,200.70,20.06,156.80,11.78,1.04,1.29,2.24,4.34,4.00
56,2734,Shantaram Ganapat Jadhav,Atpadi,460,Walwan,0.56,8.74,0.24,0.42,163.07,21.40,201.60,9.33,1.12,1.34,2.32,2.22,3.56
57,2735,parasu bapu jadhav,Atpadi,423,Walwan,0.65,8.53,0.24,0.25,200.70,20.95,190.40,7.90,1.64,1.43,1.90,3.82,3.84
58,2736,RAMESH YASHVANT JADHAV,Atpadi,418,Walwan,0.96,8.61,0.28,0.38,175.62,17.83,257.60,9.86,1.26,1.19,2.24,1.84,3.80
59,2737,Nanaso Sambhaji Jadhav,Atpadi,385,Walwan,0.69,8.54,0.23,0.35,200.70,24.96,112.00,8.68,1.30,1.15,2.08,3.50,4.52
60,2738,Tajuddin babalal mulani,Atpadi,373,Walwan,0.80,8.49,1.70,0.49,163.07,18.28,168.00,7.76,1.46,1.11,1.28,3.60,4.08
61,2739,SHAHAJI PANDURANG PATIL,Atpadi,365,Walwan,0.66,8.63,1.06,0.56,213.25,23.63,212.80,7.94,1.42,1.40,1.46,2.46,3.78
62,2740,Baban Ganpat Pawar,Atpadi,350,Walwan,0.66,8.43,0.26,0.36,200.70,20.06,246.40,9.29,1.26,1.44,1.08,4.48,3.58
63,2741,Vasant Maruti Pawar,Atpadi,337,Walwan,0.82,8.61,0.49,0.19,175.62,23.18,168.00,10.69,1.72,1.57,1.96,6.04,4.94
64,2742,dhanaji tukaram jadhav,Atpadi,330,Walwan,0.60,8.54,0.32,0.19,150.53,15.16,134.40,11.12,0.96,1.75,1.80,4.16,3.14
65,2743,bhaskar maruti pawar,Atpadi,295,Walwan,0.55,8.49,0.32,0.26,213.25,15.16,179.20,9.51,0.88,1.85,2.70,1.64,2.98
66,2744,JALINDAR RAJARAM PAWAR,Atpadi,290,Walwan,0.60,8.45,0.26,0.46,163.07,14.71,224.00,10.43,0.98,1.71,2.48,2.66,3.44
67,2745,Rahul Vilas Patil,Atpadi,212,Walwan,0.60,8.49,0.28,0.47,188.16,15.60,224.00,10.91,0.60,1.50,1.68,6.24,2.84
68,2746,vijay shamarav patil,Atpadi,211,Walwan,0.45,8.40,0.37,0.29,150.53,14.26,201.60,11.38,0.98,1.37,1.58,6.30,2.48
69,2747,SUKHDEV NANA JADHAV,Atpadi,187,Walwan,0.45,8.52,1.02,0.36,188.16,22.73,212.80,9.12,1.04,1.23,2.48,8.20,3.00
70,2748,Rajaram Nana Jadhav,Atpadi,187,Walwan,0.66,8.58,0.29,0.35,225.79,32.09,212.80,10.03,1.62,1.17,2.30,6.86,3.18
71,2749,madhukar namdev salunkhe,Atpadi,171,Walwan,0.55,8.49,0.22,0.26,188.16,30.31,201.60,10.08,0.68,1.32,1.28,5.60,2.98
72,2750,TATOBA SANTU JADHAV,Atpadi,163,Walwan,0.60,8.53,0.25,0.36,213.25,26.75,168.00,11.21,0.72,1.48,2.12,5.06,2.84
73,2751,tanaji natha jadhav,Atpadi,145,Walwan,0.60,8.53,0.26,0.26,175.62,31.65,179.20,11.73,0.80,1.76,2.06,5.72,2.66
74,2752,Tanaji Dadu Jadhav,Atpadi,141,Walwan,0.60,8.61,0.25,0.40,150.53,30.76,112.00,13.52,0.88,0.93,1.90,4.48,2.42
75,2753,ANNA SHIVAJI MANE,Atpadi,94,Walwan,0.45,8.58,0.26,0.42,188.16,31.20,235.20,14.61,1.06,1.00,1.56,5.56,3.26
76,2754,mahadev ishvar mane,Atpadi,89,Walwan,0.60,8.53,0.28,0.35,163.07,31.65,168.00,14.13,0.62,0.96,1.52,8.04,2.46
77,2755,Bramhdev Ramchandra Jadhav,Atpadi,87,Walwan,0.60,8.60,1.07,0.29,175.62,25.41,212.80,12.43,0.92,1.06,1.98,6.20,2.70
78,2756,arvind rajaram jadhav,Atpadi,77,Walwan,0.60,8.52,0.25,0.38,213.25,30.76,190.40,13.26,0.84,1.22,1.46,7.26,2.98
79,2757,RAGHUNATH HARIBA JADHAV,Atpadi,66,Walwan,0.55,8.56,0.78,0.46,175.62,20.50,179.20,13.00,1.04,1.48,1.14,5.10,3.54
80,2758,ANANDA NATHA JADHAV,Atpadi,19,Walwan,0.45,8.49,1.07,0.56,150.53,20.06,112.00,14.92,0.80,1.39,2.50,8.86,2.82
81,2759,Vasant Savata Pukale,Atpadi,782,Walwan,0.70,8.63,1.05,0.50,175.62,20.95,201.60,9.55,0.66,1.27,1.56,4.54,3.62
82,2760,Vijay Vithal Thombre,Atpadi,768,Walwan,0.30,8.08,0.32,0.29,150.53,19.61,224.00,10.47,0.58,1.35,1.84,4.28,2.98
83,2761,Tanaji Akaram Jadhav,Atpadi,748,Walwan,0.60,8.43,0.28,0.28,188.16,22.73,112.00,12.52,0.74,1.46,1.68,6.44,2.68
84,2762,Maruti Manappa Thorat,Atpadi,803,Walwan,0.50,8.60,0.26,0.28,150.53,25.85,134.40,8.51,0.72,1.51,1.36,4.52,3.28
85,2763,Dhanaji Pandurang Ingavale,Atpadi,763,Walwan,0.40,8.57,0.25,0.46,188.16,14.71,190.40,10.73,1.04,1.71,2.14,6.48,3.34
86,2764,Suresh Jotiram Shinde,Atpadi,707,Walwan,0.40,8.54,0.83,0.33,163.07,8.92,212.80,8.68,1.46,1.19,1.60,7.60,2.72
87,2765,Suhas Suresh Shinde,Atpadi,705,Walwan,0.40,8.62,0.73,0.44,213.25,31.20,235.20,11.95,1.76,1.28,2.56,6.88,3.04
88,2766,Shindutai Shivaji Jadhav,Atpadi,769,Walwan,0.40,8.57,0.26,0.26,175.62,22.73,224.00,13.74,1.38,1.39,2.20,5.00,2.90
89,2767,Popat Dnyanoba Jadhav,Atpadi,774,Walwan,0.80,8.53,0.98,0.38,150.53,23.18,201.60,13.26,1.10,1.18,2.94,2.96,2.40
90,2768,Damodar Bapu Karande,Atpadi,292,Walwan,0.40,8.45,0.21,0.31,188.16,23.18,190.40,12.34,1.48,1.30,7.80,3.26,2.00
91,2769,Umaji Balu Karande,Atpadi,292,Walwan,0.40,8.55,0.97,0.33,213.25,22.29,201.60,11.60,0.90,1.41,2.48,1.24,1.58
92,2770,Sharad Sukhadev Karande,Atpadi,701,Walwan,0.40,8.49,0.23,0.54,175.62,22.73,224.00,9.51,1.20,1.31,2.80,0.76,1.38
93,,Aananda Nivrutti Zanje,Atpadi,778,Ghanand,0.4,8.61,0.27,0.25,213.25,27.64,235.2,11.34,0.82,0.93,2.16,7.54,2.78
94,,Amrut Shivaji Mane,Atpadi,422,Ghanand,0.4,8.59,0.23,0.24,175.62,13.37,313.6,9.12,0.62,0.85,1.14,5.54,1.84
95,,Anil Pandurang Jadhav,Atpadi,501,Ghanand,0.4,8.59,0.23,0.28,150.53,16.94,280.0,6.24,0.68,0.99,0.98,7.54,2.12
96,,Ankush Sitaram Mane,Atpadi,421,Ghanand,0.4,8.56,0.24,0.26,188.16,22.29,235.2,8.29,0.60,1.04,0.98,5.98,1.76
97,,Ankush Sudam Katkar,Atpadi,51,Ghanand,0.4,8.26,0.23,0.25,213.25,16.49,425.6,16.58,0.50,1.10,0.98,7.18,1.74
98,,Ankush Vasant Jugadar,Atpadi,44,Ghanand,0.4,8.39,0.20,0.26,175.62,21.84,291.2,7.02,0.66,0.96,0.90,7.54,2.12
99,,Appa Dnyanu Bergal,Atpadi,118,Ghanand,0.4,8.45,0.22,0.25,150.53,18.72,380.8,5.71,0.60,1.02,1.02,6.36,1.84
100,,Appa Hariba Kadam,Atpadi,321,Ghanand,0.4,8.51,0.23,0.19,175.62,7.58,246.4,8.11,0.52,0.99,0.88,6.84,2.20
101,,Asha Popat Dhage,Atpadi,604,Ghanand,0.4,8.40,0.21,0.26,213.25,8.47,302.4,9.55,0.78,0.98,0.86,7.40,2.34
102,,Baban Vishnu Shinde,Atpadi,742,Ghanand,0.4,8.41,0.23,0.19,175.62,23.18,246.4,12.34,0.62,1.03,0.90,6.44,1.86
103,,Balasaheb Bhimrao Jugdar,Atpadi,1000,Ghanand,0.4,8.47,0.22,0.26,150.53,16.94,403.2,7.37,0.72,0.85,0.86,6.02,1.40
104,,Balaso Dashrath Kharat,Atpadi,115,Ghanand,0.4,8.43,0.21,0.43,188.16,18.28,369.6,13.52,0.58,1.19,0.90,5.34,1.20
105,,Balu Kundalik Patil,Atpadi,309,Ghanand,0.4,8.40,0.21,0.38,163.07,12.04,257.6,8.99,0.58,1.45,0.66,5.58,1.74
106,,Bapu Baba Pavane,Atpadi,622,Ghanand,0.4,8.49,0.22,0.38,213.25,19.61,224.0,14.35,0.72,1.10,0.94,5.34,1.56
107,,Bapu Samba Zanje,Atpadi,782,Ghanand,0.4,8.46,0.22,0.33,175.62,24.52,280.0,9.42,0.60,1.48,0.88,5.32,2.20
108,,Bharat Tulsiram Mane,Atpadi,789,Ghanand,0.4,8.59,0.29,0.42,150.53,8.92,257.6,7.63,0.82,1.20,0.92,6.04,1.92
109,,Dada Subhrao Patil,Atpadi,1003,Ghanand,0.4,8.54,0.27,0.25,188.16,22.29,380.8,7.46,0.66,1.36,0.78,5.80,1.82
110,,Dagadu Sudam Vakale,Atpadi,52,Ghanand,0.4,8.60,0.23,0.36,175.62,23.18,347.2,10.47,0.82,1.30,0.88,5.56,2.82
111,,Damodar Maruti Zanje,Atpadi,780,Ghanand,0.4,8.59,0.25,0.28,150.53,14.71,392.0,7.11,0.52,1.20,0.84,6.32,2.14
112,,Dashrath Eknath Jugadar,Atpadi,19,Ghanand,0.4,8.53,0.24,0.38,213.25,27.19,380.8,8.29,0.62,1.32,0.78,7.32,1.98
113,,Datta Khashaba Patil,Atpadi,681,Ghanand,0.4,8.51,0.23,0.43,188.16,32.09,291.2,15.31,0.62,1.09,0.88,6.04,2.02
114,,Devidas Tatoba Dhage,Atpadi,604,Ghanand,0.4,8.62,0.21,0.31,175.62,23.18,302.4,9.16,0.60,1.13,1.00,5.72,2.58
115,,Dhanaji Jaggnath Jugdar,Atpadi,15,Ghanand,0.4,8.62,0.18,0.19,213.25,27.19,235.2,10.91,0.68,1.31,0.96,5.84,2.20
116,,Dhondiram Ganpat Mane,Atpadi,421,Ghanand,0.4,8.54,0.20,0.32,188.16,15.16,257.6,11.65,0.56,1.40,0.86,8.96,1.88
117,,Dhondiram Tukaram Waghmode,Atpadi,620,Ghanand,0.2,8.56,0.21,0.22,188.16,16.94,347.2,13.13,0.48,1.37,0.92,6.32,1.68
118,,Dilip Appa Honmane,Atpadi,1004,Ghanand,0.4,8.51,0.29,0.21,163.07,28.08,425.6,12.43,0.70,1.48,0.54,6.76,2.08
119,,Dilip Yetal Waghmare,Atpadi,757,Ghanand,0.21,8.52,0.21,0.15,188.16,18.72,358.4,10.51,0.82,1.51,0.54,5.12,2.96
120,,Dnyandev Anna Katare,Atpadi,310,Ghanand,0.4,8.59,0.22,0.19,213.25,20.95,425.6,8.38,0.64,1.54,0.56,6.68,1.74
121,,Dnyanu Sandipan Zanje,Atpadi,778,Ghanand,0.4,8.56,0.25,0.17,175.62,13.82,436.8,9.38,0.74,1.69,1.00,6.42,1.78
122,,Ganesh Kundalik Bergal,Atpadi,118,Ghanand,0.4,8.53,0.22,0.26,213.25,16.05,358.4,12.08,0.64,1.21,0.58,5.42,1.24
123,,Ganpat Parshuram Ramugade,Atpadi,90,Ghanand,0.4,8.52,0.22,0.17,163.07,15.60,224.0,13.00,0.60,1.43,0.70,6.50,1.42
124,,Hindurao Ganpat Mane,Atpadi,421,Ghanand,0.4,8.56,0.21,0.15,213.25,10.70,235.2,11.82,0.70,1.18,0.70,4.96,1.46
125,,Ishwar Kedari Kadam,Atpadi,319,Ghanand,0.4,8.52,0.21,0.22,188.16,10.25,235.2,10.56,0.62,1.43,0.58,4.94,1.38
126,,Khashaba Bhimrao Jugdar,Atpadi,1000,Ghanand,0.4,8.54,0.22,0.14,188.16,18.72,246.4,13.43,0.50,1.35,0.82,5.46,1.60
127,,Kundalik Ramchandra Pisal,Atpadi,350,Ghanand,0.4,8.51,0.22,0.25,112.90,30.31,336.0,14.26,0.56,1.67,0.72,5.56,1.42
128,,Madhukar Yashwant Mane,Atpadi,789,Ghanand,0.4,8.41,0.25,0.14,200.70,27.19,280.0,12.65,0.60,1.74,0.84,4.54,1.28
129,,Mahesh Rajaram Dhage,Atpadi,401,Ghanand,0.4,8.46,0.26,0.19,200.70,30.76,257.6,11.47,0.56,1.77,1.02,5.10,1.08
130,,Manage Jaggnath Dhage,Atpadi,982,Ghanand,0.4,8.45,0.22,0.24,175.62,25.41,224.0,10.03,0.60,1.60,0.96,5.92,1.78
131,,Mohan Ramchandra Pisal,Atpadi,350,Ghanand,0.4,8.48,0.24,0.22,200.70,25.85,235.2,10.25,0.56,1.10,0.90,5.44,1.84
132,,Muralidhar Shivaji Mane,Atpadi,422,Ghanand,0.4,8.49,0.24,0.21,175.62,20.50,246.4,9.77,0.58,1.29,1.02,5.12,1.32
133,,Namdev Chilu mane,Atpadi,784,Ghanand,0.4,8.50,0.23,0.15,213.25,16.49,235.2,9.29,0.60,1.35,0.98,4.86,1.50
134,,Namdev Tukaram Waghmode,Atpadi,632,Ghanand,0.2,8.47,0.24,0.26,200.70,20.06,201.6,11.69,0.52,1.44,0.88,5.28,1.26
135,,Nana Anna Patil,Atpadi,680,Ghanand,0.4,8.53,0.25,0.15,175.62,16.05,168.0,12.61,0.60,1.49,0.86,6.38,1.74
136,,Nandkumar Dada Kadam,Atpadi,316,Ghanand,0.4,8.54,0.20,0.18,200.70,20.06,112.0,11.34,0.56,1.31,1.02,6.10,1.40
137,,Narayan Devaba Zanje,Atpadi,1002,Ghanand,0.4,8.53,0.23,0.17,175.62,15.16,190.4,10.69,0.74,1.17,0.94,6.56,1.22
138,,Narayan Dnyanu Jugadar,Atpadi,674,Ghanand,0.4,8.50,0.23,0.21,175.62,24.07,156.8,12.30,0.74,1.34,1.08,5.72,1.88
139,,Pandurang Anna Katare,Atpadi,303,Ghanand,0.4,8.48,0.20,0.14,137.98,28.08,268.8,9.29,0.64,1.41,0.94,5.88,2.02
140,,Parvati Tanaji Shinde,Atpadi,773,Ghanand,0.48,8.53,0.24,0.19,213.25,23.63,224.0,7.90,0.94,1.46,1.16,5.86,1.84
141,,Prakash Shrirang Deshmukh,Atpadi,989,Ghanand,0.5,8.47,0.33,0.25,175.62,23.18,179.2,8.59,0.46,1.56,1.04,6.08,1.46
142,,Prashant Tanaji Shinde,Atpadi,767,Ghanand,0.4,8.49,0.39,0.24,200.70,27.64,156.8,9.12,0.62,1.64,1.06,4.88,1.88
143,,Raghunath Jagannath Jugdar,Atpadi,970,Ghanand,0.4,8.49,0.22,0.28,175.62,22.73,280.0,10.29,0.54,1.61,0.82,5.22,1.78
144,,Rajaram Pandu Mane,Atpadi,796,Ghanand,0.4,8.58,0.47,0.26,163.07,18.28,257.6,10.03,0.54,2.02,0.76,7.00,1.52
145,,Ramdas Appa Katare,Atpadi,142,Ghanand,0.4,8.52,0.28,0.25,175.62,16.94,156.8,8.20,0.60,1.69,0.86,7.60,1.58
146,,Rangnath Jaysing Shinde,Atpadi,753,Ghanand,0.4,8.54,0.26,0.28,200.70,21.84,134.4,7.63,0.62,1.59,0.88,7.76,1.68
147,,Ranjana Akaram Shinde,Atpadi,742,Ghanand,0.4,8.51,0.31,0.21,137.98,16.49,280.0,7.81,0.54,1.55,0.82,9.18,1.04
148,,Ratan Rajaram Mane,Atpadi,421,Ghanand,0.4,8.50,0.57,0.26,163.07,16.94,257.6,6.76,0.54,1.33,0.94,6.88,1.32
149,,Sachin Aanda Kadam,Atpadi,339,Ghanand,0.4,8.61,0.32,0.40,200.70,21.84,123.2,12.87,0.50,1.29,0.98,8.20,1.94
150,,Sadashiv Ishwara Dhage,Atpadi,501,Ghanand,0.4,8.59,0.33,0.35,175.62,20.95,291.2,14.57,0.54,1.14,1.42,15.92,1.72
151,,Sagar Appa Katare,Atpadi,140,Ghanand,0.4,8.53,0.34,0.33,213.25,16.94,313.6,13.61,0.54,1.38,1.06,8.02,2.46
152,,Sagar Balu Patil,Atpadi,309,Ghanand,0.4,8.49,0.37,0.38,175.62,16.05,134.4,8.59,0.60,1.26,1.16,3.86,1.94
153,,Sajabai Dnyanu Shinde,Atpadi,760,Ghanand,0.2,8.54,0.38,0.25,163.07,20.95,123.2,14.00,0.50,1.50,1.04,8.14,2.62
154,,Sanjay Nana Dhage,Atpadi,982,Ghanand,0.4,8.48,0.36,0.35,213.25,20.06,190.4,9.12,0.56,1.45,1.20,4.60,2.10
155,,Sanjay Sudam Vakale,Atpadi,54,Ghanand,0.4,8.48,0.37,0.28,150.53,16.05,201.6,14.83,0.54,1.27,1.00,6.82,2.10
156,,Satish Tukaram Jugadar,Atpadi,670,Ghanand,0.4,8.51,0.36,0.38,213.25,15.60,123.2,8.24,0.48,1.12,1.08,4.68,2.00
157,,Shahaji Dada Kadam,Atpadi,316,Ghanand,0.4,8.49,0.31,0.43,213.25,21.40,235.2,7.63,0.54,1.16,1.32,6.02,2.08
158,,Shahaji Tatoba Shinde,Atpadi,410/1,Ghanand,0.6,8.58,0.35,0.31,163.07,19.61,212.8,10.60,0.58,1.37,1.10,6.28,2.02
159,,Shalan Dattu Zanje,Atpadi,778,Ghanand,0.4,8.59,0.32,0.19,188.16,19.17,190.4,12.82,0.50,1.44,1.10,4.74,2.26
160,,Shankar Bhimrao Kadam,Atpadi,135,Ghanand,0.4,8.58,0.32,0.32,175.62,14.26,179.2,12.43,0.54,1.48,1.22,4.90,1.88
161,,Shivaji Krishna Yedage,Atpadi,779,Ghanand,0.4,8.48,0.39,0.22,200.70,25.85,280.0,9.29,0.68,1.28,1.02,7.32,1.90
162,,Shrimant Hariba Katare,Atpadi,145,Ghanand,0.4,8.54,0.36,0.26,200.70,17.83,201.6,8.38,0.64,1.57,1.02,4.76,1.98
163,,Sima Anil Jugadar,Atpadi,125,Ghanand,0.4,8.48,0.39,0.28,175.62,19.61,246.4,13.74,0.68,1.38,1.24,4.60,2.42
164,,Soma Baba Zanje,Atpadi,351,Ghanand,0.4,8.49,0.38,0.31,188.16,23.18,246.4,11.95,0.78,1.45,1.08,8.54,2.80
165,,Sopan Sitaram Mane,Atpadi,422,Ghanand,0.4,8.52,0.36,0.25,175.62,24.07,212.8,8.46,0.48,1.32,1.32,5.98,2.72
166,,Subhash Dada Kadam,Atpadi,316,Ghanand,0.4,8.49,0.37,0.22,200.70,18.72,257.6,11.47,0.60,1.28,0.94,8.38,1.86
167,,Sukhdev Aba Zanje,Atpadi,354,Ghanand,0.4,8.59,0.27,0.26,163.07,16.94,224.0,10.25,0.46,1.50,1.22,8.04,1.56
168,,Suman Bhagwan Shinde,Atpadi,742,Ghanand,0.3,8.55,0.36,0.19,188.16,13.37,246.4,12.13,0.58,1.45,1.20,5.00,2.04
169,,Suvarna Rajkumar Pawar,Atpadi,295,Ghanand,0.4,8.51,0.37,0.26,175.62,27.64,201.6,15.05,0.68,1.34,1.14,6.02,2.58
170,,Suvrna Jotiram Patil,Atpadi,310,Ghanand,0.4,8.43,0.36,0.40,200.70,28.97,190.4,13.65,0.66,1.28,1.24,5.12,2.36
171,,Tanaji Shivaji Yedage,Atpadi,779,Ghanand,0.4,8.51,0.38,0.29,175.62,27.19,201.6,8.55,0.52,1.48,1.08,7.32,2.46
172,,Tukaram Namdev Kadam,Atpadi,315,Ghanand,0.4,8.48,0.38,0.25,200.70,27.64,212.8,8.24,0.48,1.36,1.14,6.50,2.04
173,,Tukaram Sudam Dhage,Atpadi,594,Ghanand,0.4,8.54,0.36,0.26,188.16,28.53,257.6,11.86,0.58,1.20,1.08,6.60,1.54
174,,Umesh Vishnu Dhage,Atpadi,199,Ghanand,0.4,8.56,0.41,0.28,163.07,24.07,190.4,8.94,0.62,1.31,1.24,5.28,1.90
175,,Varsha Adhik Dhage,Atpadi,409,Ghanand,0.4,8.48,0.34,0.31,200.70,22.73,179.2,16.58,0.60,1.37,1.08,3.64,2.60
176,,Vijay Mahadev Patil,Atpadi,680,Ghanand,0.4,8.54,0.40,0.33,175.62,22.29,168.0,11.56,0.64,1.47,1.18,5.04,3.60
177,,Vikas Dhondiram Zanje,Atpadi,1002,Ghanand,0.4,8.59,0.38,0.25,150.53,19.17,156.8,13.22,0.64,1.54,1.00,7.76,2.60
178,,Vilas Kundalik Patil,Atpadi,309,Ghanand,0.4,8.51,0.37,0.26,200.70,18.28,179.2,8.46,0.48,1.70,1.14,6.10,3.12
179,,Vishnu Eknath Jugdar,Atpadi,19,Ghanand,0.4,8.58,0.32,0.29,175.62,25.85,302.4,10.43,0.60,1.75,1.26,5.86,1.78
180,,Vishwash Ramachandran Dhage,Atpadi,436,Ghanand,0.4,8.49,0.34,0.31,150.53,17.83,336.0,11.65,0.58,1.28,1.02,8.50,2.18
181,,Vitthal Krushna Yedage,Atpadi,778,Ghanand,0.4,8.43,0.33,0.33,213.25,18.72,168.0,12.21,0.58,1.32,1.14,4.30,2.24
182,,Yashoda Damodar Garale,Atpadi,141,Ghanand,0.4,8.58,0.41,0.42,188.16,22.29,291.2,9.90,0.70,1.38,1.12,4.58,2.42
183,,Yashwant Sidu Jugadar,Atpadi,671,Ghanand,0.4,8.47,0.35,0.26,163.07,25.85,212.8,10.99,0.68,1.17,1.18,8.14,1.78
184,,Yuvraj Kendari Kadam,Atpadi,319,Ghanand,0.4,8.49,0.36,0.29,200.70,22.73,224.0,11.91,0.60,1.30,1.30,6.88,1.98
185,2863,Ganesh Gangaram More,Atpadi,1382,Dighanchi,0.40,8.31,0.11,0.43,213.25,13.82,324.80,7.94,0.30,1.44,7.82,8.42,2.48
186,2864,Pandit Bapuso Deshmukh,Atpadi,1360,Dighanchi,0.45,8.41,0.11,0.56,175.62,11.14,403.20,7.28,0.18,1.48,6.34,7.34,2.14
187,2865,Ashok Ganpat Deshmukh,Atpadi,1361,Dighanchi,0.80,8.20,0.27,0.58,213.25,21.40,212.80,7.46,0.50,1.46,6.08,9.64,2.12
188,2866,Indu Dnyaneshwar Salunkhe,Atpadi,1380,Dighanchi,0.40,8.46,0.10,0.49,163.07,8.92,246.40,7.55,0.18,1.39,6.96,7.26,1.94
189,2867,Jagannath Bapu Deshmukh,Atpadi,1361,Dighanchi,0.80,8.36,0.12,0.47,200.70,12.48,392.00,7.59,0.18,1.07,6.92,7.98,2.02
190,2868,Gorakh Shivaji Padale,Atpadi,389,Dighanchi,0.04,8.43,0.10,0.47,213.25,22.29,336.00,7.20,0.24,1.32,4.68,8.38,2.28
191,2869,Ashok Hanumant More,Atpadi,775,Dighanchi,0.50,8.44,0.12,0.35,175.62,12.48,235.20,7.90,0.20,1.36,4.68,7.60,1.90
192,2870,Dattatray Shivaji Yadav,Atpadi,1499,Dighanchi,0.50,8.44,0.11,0.51,225.79,16.05,448.00,8.24,0.12,1.39,5.20,6.72,1.80
193,2871,Bapu  Nana Kumnhar,Atpadi,1369,Dighanchi,0.60,8.43,0.11,0.39,175.62,11.59,369.60,7.76,0.22,1.31,6.32,8.18,2.00
194,2872,Godabai Krishna Chavan,Atpadi,460,Dighanchi,1.50,8.50,0.11,0.26,175.62,9.36,201.60,6.98,0.20,1.28,5.80,7.30,1.72
195,2873,Mayuri Aba Chavan,Atpadi,460,Dighanchi,1.20,8.57,0.10,0.29,163.07,21.84,268.80,10.82,0.26,1.41,5.96,8.46,1.90
196,2874,Aba Krishna Chavan,Atpadi,460,Dighanchi,1.00,8.40,0.35,0.39,238.34,20.50,280.00,11.95,0.24,1.10,6.06,10.72,1.66
197,2875,Mahadev tukaram padale,Atpadi,447,Dighanchi,0.80,8.60,0.30,0.22,200.70,12.93,347.20,12.21,0.16,1.01,6.98,10.66,1.76
198,2876,Haridas Ramchandra More,Atpadi,390,Dighanchi,1.10,8.52,0.12,0.38,200.70,8.92,414.40,11.69,0.18,1.37,6.32,7.52,2.16
199,2877,Chandrakant Krushna Yadav,Atpadi,427,Dighanchi,0.60,8.53,0.41,0.28,225.79,11.14,291.20,11.25,0.18,1.39,6.16,12.24,2.24
200,2878,Suhas Chandrakant Yadav,Atpadi,427,Dighanchi,0.60,8.49,0.10,0.39,200.70,10.70,235.20,12.17,0.22,1.28,6.74,6.24,2.12
201,2879,Bhamabai Ramchandra More,Atpadi,399,Dighanchi,0.40,8.53,0.10,0.36,163.07,13.37,257.60,11.56,0.24,1.31,5.86,6.08,2.04
202,2880,Sadashiv Ananta More,Atpadi,511,Dighanchi,0.40,8.48,0.10,0.31,225.79,14.26,336.00,12.13,0.18,1.28,6.06,6.24,1.96
203,2881,Ranjit Sadashiv More,Atpadi,583,Dighanchi,0.60,8.43,0.19,0.43,175.62,16.49,291.20,9.68,0.20,1.41,4.72,8.64,1.94
204,2882,Rajendra Sadashiv More,Atpadi,583,Dighanchi,0.80,8.51,0.11,0.49,213.25,12.93,358.40,12.08,0.32,1.10,5.14,8.66,1.88
205,2883,Rajesh Mahadev Padale,Atpadi,397,Dighanchi,0.80,8.54,0.10,0.39,175.62,16.05,302.40,12.04,0.18,1.03,4.70,5.68,1.98
206,2884,Bhimrav Ramchandra More,Atpadi,398,Dighanchi,0.40,8.53,0.10,0.42,213.25,15.16,280.00,12.78,0.22,1.37,6.04,7.60,2.22
207,2885,Dipak Ramchandra More,Atpadi,398,Dighanchi,0.50,8.56,0.11,0.53,225.79,22.73,392.00,10.64,0.18,1.39,6.70,7.74,1.96
208,2886,Sakhubai Jagannath Landage,Atpadi,384,Dighanchi,1.00,8.53,0.10,0.39,175.62,24.07,246.40,11.17,0.14,1.29,5.66,6.36,2.16
209,2887,Ruturaj Jagannath Landage,Atpadi,384,Dighanchi,1.50,8.55,0.10,0.44,200.70,27.64,336.00,9.07,0.18,1.22,6.30,4.30,1.78
210,2888,Jagannath Pandurang Landage,Atpadi,384,Dighanchi,0.80,8.54,0.12,0.49,163.07,24.52,179.20,10.64,0.16,1.28,4.72,5.84,1.92
211,2889,Suresh Ashok Yadav,Atpadi,385,Dighanchi,0.50,8.44,0.15,0.53,200.70,16.49,212.80,12.00,0.28,1.16,5.82,9.14,1.58
212,2890,Ramesh Ashok Yadav,Atpadi,385,Dighanchi,0.80,8.54,0.41,0.44,213.25,27.64,134.40,11.82,0.12,1.21,5.54,8.54,1.82
213,2891,Sakhubai Ashok Yadav.,Atpadi,396,Dighanchi,0.78,8.55,0.35,0.42,163.07,31.20,190.40,12.30,0.18,1.12,4.64,10.20,1.64
214,2892,Ashok Krushna Yadav,Atpadi,387,Dighanchi,1.20,8.51,0.10,0.42,200.70,33.88,201.60,10.69,0.16,1.26,5.58,5.50,1.74
215,2893,Manohar Krushna Yadav,Atpadi,387,Dighanchi,1.20,8.53,0.33,0.31,225.79,16.94,246.40,10.82,0.14,1.15,7.30,8.48,2.12
216,2894,Sharad Bhauso Yadav,Atpadi,387,Dighanchi,0.50,8.50,0.10,0.49,213.25,15.60,190.40,12.17,0.22,1.23,5.74,8.78,1.94
217,2895,Ramesh Namdev Yadav,Atpadi,387,Dighanchi,68.00,8.53,0.11,0.42,263.42,31.65,235.20,10.64,0.20,1.37,5.96,6.28,2.26
218,2896,Vilas Namdev Yadav,Atpadi,387,Dighanchi,0.60,8.54,0.10,0.29,188.16,26.75,358.40,11.08,0.18,1.20,6.56,7.26,2.16
219,2897,Prabhakar Namdev Yadav,Atpadi,387,Dighanchi,0.65,8.56,0.13,0.32,213.25,23.63,212.80,12.52,0.22,0.97,5.84,7.70,2.00
220,2898,Ramchandra Narayan Fadtare,Atpadi,498,Dighanchi,0.50,8.45,0.10,0.51,188.16,19.61,392.00,12.52,0.20,1.00,6.20,6.98,1.60
221,2899,Pandurang Babu Katkar,Atpadi,1405,Dighanchi,0.80,8.43,0.10,0.39,150.53,14.26,380.80,11.17,0.20,1.12,5.94,6.30,1.58
222,2900,Rahul Madhukar Kumbhar,Atpadi,1373,Dighanchi,0.20,8.51,0.10,0.29,213.25,17.38,246.40,11.52,0.26,1.25,5.94,5.14,1.76
223,2901,Kalavati Devba Katkar,Atpadi,1393,Dighanchi,0.50,8.49,0.10,0.39,225.79,12.48,313.60,10.69,0.14,1.57,6.04,5.58,1.30
224,2902,Haridas Ananta Kumbhar,Atpadi,1372,Dighanchi,1.00,8.43,0.11,0.22,213.25,20.95,369.60,11.56,0.14,0.98,5.18,5.52,1.76
225,2903,Dhananjay Bhimrav Kumbhar,Atpadi,1364,Dighanchi,0.80,8.51,0.21,0.38,163.07,21.84,268.80,10.08,0.18,1.14,6.48,6.26,1.90
226,2904,Ranjana Madhukar Kumbhar,Atpadi,1364,Dighanchi,0.80,8.47,0.13,0.28,213.25,28.08,448.00,10.12,0.20,1.33,4.96,5.10,1.26
227,2905,Natha Goralh Kumbhar,Atpadi,1365,Dighanchi,0.50,8.39,0.13,0.39,188.16,34.32,369.60,10.95,0.34,1.44,4.80,4.92,1.56
228,2906,Hanamant Pandharinath Kumbhar,Atpadi,1491,Dighanchi,0.20,8.47,0.11,0.36,100.35,24.96,459.20,10.91,0.18,1.50,6.50,6.76,1.80
229,2907,Anita Hanmant Kumbhar,Atpadi,1364,Dighanchi,0.20,8.50,0.14,0.31,225.79,17.38,324.80,11.86,0.02,1.37,5.04,5.62,1.52
230,2908,Dattatraya Parshursm Javalkar,Atpadi,1363,Dighanchi,0.50,8.43,0.17,0.43,87.81,25.85,347.20,12.30,0.18,1.22,6.32,6.12,1.86
231,2909,Somnath Parshuram Javalkar,Atpadi,1363,Dighanchi,0.50,8.41,0.11,0.49,100.35,28.53,268.80,9.81,0.18,1.46,6.36,6.24,1.64
232,2910,Jaibai Sadashiv Hagavane,Atpadi,1407,Dighanchi,1.90,8.20,0.13,0.39,213.25,34.32,179.20,10.56,0.18,1.65,6.22,3.94,2.08
233,2911,Sadashiv Sarjerav Hagavane,Atpadi,1407,Dighanchi,1.90,8.36,0.26,0.39,100.35,35.22,313.60,11.78,0.18,1.69,6.90,7.88,1.90
234,2912,Hanumant Sadashiv Hagavane,Atpadi,1407,Dighanchi,1.50,8.41,0.17,0.42,200.70,32.09,358.40,12.21,0.16,1.20,7.26,8.14,1.96
235,2913,Laxman Sadashiv Hagavane,Atpadi,1407,Dighanchi,1.98,8.35,0.21,0.35,225.79,32.54,302.40,11.17,0.20,1.10,6.08,7.06,2.14
236,2914,Ajit Haridas More,Atpadi,1361,Dighanchi,0.50,8.20,0.23,0.38,75.26,28.53,459.20,11.73,0.22,1.19,4.70,6.54,1.90
237,2915,Amit Haridas More,Atpadi,1361,Dighanchi,0.50,8.31,0.36,0.50,225.79,19.17,336.00,11.38,0.16,1.43,7.32,6.94,2.00
238,2916,Kakaso Balu Jare,Atpadi,1346,Dighanchi,0.20,8.37,0.32,0.39,137.98,32.09,257.60,12.13,0.16,1.63,5.16,5.96,1.66
239,2917,Santosh Bajarang Yadav,Atpadi,1346,Dighanchi,0.55,8.43,0.19,0.46,137.98,35.66,324.80,13.13,0.12,1.79,5.54,5.72,1.62
240,2918,Namdev Tulshiram Yadav,Atpadi,1346,Dighanchi,0.50,8.47,0.20,0.31,301.06,29.87,380.80,13.30,0.18,1.75,5.66,6.62,2.08
241,2919,Vishnu Dada Yadav,Atpadi,1346,Dighanchi,0.55,8.32,0.31,0.26,150.53,14.26,313.60,12.87,0.14,1.48,7.48,6.86,1.92
242,2920,Satish Ganpatrav Deshmukh,Atpadi,1348,Dighanchi,0.50,8.37,0.26,0.29,200.70,15.16,268.80,9.68,0.16,1.59,5.82,6.02,1.64
243,2921,Yash Vasant Javalkar,Atpadi,1673,Dighanchi,0.30,8.43,0.15,0.42,225.79,12.04,291.20,10.82,0.14,1.50,6.32,7.36,1.96
244,2922,Vishnu Sopana Kumbhar,Atpadi,1369,Dighanchi,1.00,8.31,0.18,0.43,213.25,12.93,336.00,9.81,0.14,1.42,4.34,5.88,1.78
245,2923,Lata Mohan Budhavale,Atpadi,281,Dighanchi,0.20,8.39,0.21,0.33,175.62,9.36,392.00,12.21,0.12,1.27,5.32,5.96,1.72
246,2924,Pandurang Kashinath Dhole,Atpadi,234,Dighanchi,0.20,8.31,0.16,0.44,238.34,14.71,313.60,10.47,0.16,1.41,6.00,5.82,1.82
247,2925,Ankush Gajendra Dhole,Atpadi,262,Dighanchi,1.00,8.43,0.13,0.24,188.16,8.47,224.00,10.64,0.18,1.49,5.86,6.38,1.74
248,2926,Sambhaji Gajendra Dhole,Atpadi,282,Dighanchi,0.80,8.45,0.13,0.28,188.16,12.48,280.00,10.56,0.14,1.72,4.52,6.54,1.58
249,2927,Gangadhar Ramhari More,Atpadi,314,Dighanchi,0.60,8.27,0.12,0.43,213.25,11.14,201.60,9.95,0.14,1.25,3.38,6.40,1.36
250,2928,Pandurang Sopan More,Atpadi,307,Dighanchi,0.60,8.37,0.15,0.49,225.79,28.53,324.80,10.03,0.18,1.35,5.92,6.66,1.80
251,2929,Akshay Gangadhar Dhole,Atpadi,324,Dighanchi,0.60,8.31,0.17,0.42,175.62,30.31,358.40,9.64,0.14,1.39,5.44,5.54,1.78
252,2930,Mohan Dashrath Dhole,Atpadi,224,Dighanchi,0.80,8.29,0.10,0.31,200.70,26.30,403.20,9.90,0.30,1.48,6.64,7.02,2.18
253,2931,Mahadev Sopan More,Atpadi,322,Dighanchi,0.80,8.40,0.15,0.49,163.07,21.40,224.00,11.95,0.14,1.18,4.62,6.30,1.96
254,2932,Rajendra Shahaji Dhole,Atpadi,224,Dighanchi,1.00,8.43,0.21,0.22,125.44,19.17,268.80,11.52,0.20,1.38,6.66,6.22,2.02
255,2933,Ashok Vitthal Dhole,Atpadi,205,Dighanchi,0.41,8.41,0.28,0.47,200.70,28.53,313.60,11.60,0.16,1.43,5.62,6.02,1.96
256,2934,Vishnu Sopana Dhole,Atpadi,217,Dighanchi,0.07,8.37,0.22,0.35,150.53,23.63,336.00,11.12,0.14,1.70,5.22,6.32,1.60
257,2935,Gokula Mahadev Dhole,Atpadi,224,Dighanchi,1.00,8.33,0.17,0.42,175.62,14.26,280.00,10.82,0.16,1.53,5.14,6.96,1.74
258,2936,Santosh Vishnu Dhole,Atpadi,264,Dighanchi,0.35,8.39,0.18,0.25,150.53,15.16,201.60,10.16,0.16,1.45,4.18,6.22,1.96
259,2937,Dhanaj vishnu Dhole,Atpadi,264,Dighanchi,0.35,8.43,0.17,0.35,213.25,12.04,369.60,12.08,0.14,1.34,4.92,6.64,1.58
260,2938,Kiran Dnyandev Dhole,Atpadi,281,Dighanchi,2.00,8.43,0.17,0.29,238.34,10.25,414.40,11.86,0.30,1.18,5.72,6.42,1.90
261,2939,Sulakshana Ranjit Dhole,Atpadi,281,Dighanchi,1.00,8.31,0.21,0.38,200.70,19.17,291.20,12.78,0.14,1.22,4.84,4.68,2.34
262,2940,Gopika Dnyandev Dhole,Atpadi,310,Dighanchi,1.00,8.38,0.27,0.38,225.79,18.28,168.00,9.90,0.18,1.19,4.68,5.84,1.92
263,2941,Sanjay Mahadev Dhole,Atpadi,281,Dighanchi,0.80,8.47,0.29,0.25,188.16,14.26,212.80,12.82,0.14,1.13,4.24,6.40,2.00
264,2942,Mahadev Krishna Dhole,Atpadi,282,Dighanchi,0.80,8.31,0.27,0.38,150.53,12.04,246.40,9.73,0.16,1.49,5.62,13.34,1.54
265,2943,Uttam Vithhal Dhole,Atpadi,205,Dighanchi,0.40,8.83,0.21,0.54,225.79,20.06,324.80,9.25,0.20,1.38,3.22,8.44,1.62
266,2944,Ranjit Dnyandev Dhole,Atpadi,251,Dighanchi,0.39,8.51,0.26,0.56,137.98,18.72,235.20,10.43,0.14,1.06,3.22,6.20,1.54
267,2945,Suraj Ganpati Dhole,Atpadi,284,Dighanchi,0.80,8.41,0.17,0.43,213.25,13.82,201.60,12.30,0.12,1.04,1.28,15.54,1.58
268,2946,Bhimrav Ramcandra Jamdade,Atpadi,172,Dighanchi,0.40,8.38,0.11,0.36,213.25,29.87,179.20,11.52,0.38,1.25,2.60,10.20,1.34
269,2947,Prajakta Vaibhav Dhole,Atpadi,284,Dighanchi,0.80,8.33,0.29,0.40,188.16,35.66,347.20,11.60,0.28,1.36,3.12,7.96,1.60
270,2948,Urmila Hanmant Dhole,Atpadi,280,Dighanchi,0.40,8.39,0.16,0.15,200.70,30.31,313.60,11.69,0.12,1.22,2.96,5.86,1.62
271,2949,Dnyandev Shivaji Dhole,Atpadi,275,Dighanchi,1.00,8.32,0.21,0.21,263.42,15.16,280.00,11.91,0.28,1.11,3.56,1.80,1.40
272,2950,Vishal Ganpati Dhole,Atpadi,285,Dighanchi,0.80,8.36,0.18,0.17,200.70,28.08,212.80,12.30,0.24,1.30,2.24,13.18,1.26
273,2951,Dnyaneshwar Sidram Dhole,Atpadi,265,Dighanchi,1.20,8.41,0.20,0.26,250.88,23.63,425.60,12.13,0.14,1.50,2.90,9.50,2.46
274,2952,Shivaji Ramchandra Pusavale,Atpadi,1077,Dighanchi,2.00,8.35,0.26,0.40,163.07,16.49,358.40,12.61,0.54,1.68,2.26,3.70,1.40
275,2953,Nivrutti Martand Pusavle,Atpadi,1077,Dighanchi,2.00,8.39,0.17,0.24,87.81,12.48,302.40,9.12,0.20,1.56,4.06,10.42,1.46
276,2954,Vitthal Ramchandra Pusavale,Atpadi,1077,Dighanchi,2.00,8.38,0.15,0.26,75.26,11.14,246.40,12.87,0.20,1.43,2.42,9.10,0.80
277,2955,Dilip Pandurang Savane,Atpadi,110,Kharsundi,0.50,8.14,0.15,0.21,188.16,13.82,201.60,11.38,0.72,1.06,14.66,17.82,4.02
278,2956,Sudir Vijay Patil,Atpadi,248,Kharsundi,0.50,8.41,0.13,0.18,175.62,11.14,112.00,11.17,0.44,0.98,14.44,13.26,2.78
279,2957,Mahadev Aapp Pujari,Atpadi,127,Kharsundi,0.50,8.38,0.15,0.18,213.25,21.40,179.20,11.25,0.48,0.91,9.52,14.52,3.42
280,2958,Tai Ramchandra Pujari,Atpadi,71,Kharsundi,0.40,8.37,0.11,0.26,163.07,8.92,134.40,10.29,0.42,0.77,12.74,13.14,2.84
281,2959,Vijay Yashwant Kamkdharne,Atpadi,469,Kharsundi,0.60,8.42,0.13,0.21,188.16,12.48,123.20,13.04,0.32,0.93,7.62,12.46,2.64
282,2960,JayShri Nandakumar Mohite,Atpadi,381,Kharsundi,0.40,8.69,0.12,0.17,163.07,22.29,190.40,12.87,0.42,0.84,12.60,13.04,3.08
283,2961,Jaypal Deepak Patil,Atpadi,455,Kharsundi,0.70,8.55,0.17,0.68,213.25,12.48,134.40,12.78,0.38,0.95,8.62,12.04,2.80
284,2962,Rukmani Rajaram Pujari,Atpadi,317,Kharsundi,0.60,8.65,0.12,0.94,163.07,16.05,179.20,12.48,0.46,0.80,9.36,12.28,3.26
285,2963,Shashikant Siddheshwar Sutar,Atpadi,434,Kharsundi,1.00,8.68,0.16,0.18,188.16,11.59,145.60,3.58,0.42,0.78,9.06,12.46,2.78
286,2964,Vasudev Maruti Pomdharne,Atpadi,417,Kharsundi,0.40,8.61,0.15,0.19,175.62,9.36,134.40,12.61,0.34,1.25,10.40,13.16,2.58
287,2965,Ashok Dagadu Kamkdharne,Atpadi,674,Kharsundi,0.50,8.59,0.15,0.21,213.25,21.84,123.20,12.17,0.38,1.32,8.64,12.66,2.72
288,2966,Sona  Yeshvant Kharat,Atpadi,766,Kharsundi,0.60,8.62,0.15,0.28,175.62,20.50,123.20,12.13,0.34,1.33,9.88,12.20,2.70
289,2967,Haridas Ganpati Pujari,Atpadi,93,Kharsundi,1.00,8.55,0.11,0.32,175.62,12.93,156.80,11.86,0.40,1.26,12.68,12.46,2.88
290,2968,Bharat Sakharaam Patil,Atpadi,222,Kharsundi,0.40,8.53,0.14,0.24,200.70,8.92,201.60,12.00,0.34,1.32,11.94,14.62,2.90
291,2969,Dilip Baburao Gurv,Atpadi,12,Kharsundi,1.00,8.37,0.14,0.35,213.25,11.14,145.60,11.91,0.34,0.79,10.32,12.38,3.04
292,2970,Mohan Nana Bhosale,Atpadi,52,Kharsundi,0.80,8.64,0.15,0.36,175.62,10.70,224.00,13.00,0.48,1.25,11.86,12.64,3.40
293,2971,Prajakata Vilas Kalebag,Atpadi,426,Kharsundi,1.00,8.62,0.11,0.22,213.25,13.37,201.60,12.78,0.46,1.27,10.56,13.90,2.94
294,2972,Atma Dilipkumar Sakharam Patil,Atpadi,213,Kharsundi,1.00,8.42,0.15,0.19,213.25,14.26,168.00,12.61,0.44,1.09,8.22,13.66,3.26
295,2973,Tanaji Dhondiram Engvale,Atpadi,378,Kharsundi,0.80,8.45,0.16,0.22,175.62,16.49,156.80,12.52,0.30,1.36,10.80,13.24,2.68
296,2974,Kisan Gunda Bhange,Atpadi,382,Kharsundi,0.60,8.50,0.09,0.50,188.16,12.93,190.40,12.34,0.40,1.29,9.36,12.70,2.98
297,2975,Rajandra Jayram Pujari,Atpadi,78,Kharsundi,0.40,8.43,0.16,0.26,163.07,16.05,134.40,8.94,0.30,1.16,9.50,12.58,2.62
298,2976,Atma Vaibhav Devidas Pujari,Atpadi,786,Kharsundi,1.00,8.44,0.14,0.25,213.25,15.16,123.20,10.82,0.28,0.84,10.12,11.92,2.66
299,2977,Rahul Babaso Pujari,Atpadi,286,Kharsundi,0.60,8.53,0.10,0.25,213.25,22.73,179.20,10.21,0.46,1.09,10.76,10.92,3.62
300,2978,Nanaso Babaso Deshmukh,Atpadi,426,Kharsundi,1.00,8.51,0.17,0.19,175.62,24.07,112.00,9.86,0.48,1.28,10.38,13.04,3.18
301,2979,Ravsaheb Babaso Deshmukh,Atpadi,426,Kharsundi,1.00,8.48,0.10,0.22,163.07,27.64,123.20,13.17,0.38,1.31,9.72,12.66,2.82
302,2980,Uattam Natha Engvale,Atpadi,623,Kharsundi,0.40,8.46,0.15,0.19,188.16,24.52,168.00,13.00,0.36,1.47,6.44,10.98,2.38
303,2981,Vishal Dinkar Bhosale,Atpadi,524,Kharsundi,1.00,8.55,0.14,0.19,175.62,16.49,212.80,9.68,0.40,1.56,8.90,9.66,2.50
304,2982,Jgdhish Ramchandra Pujari,Atpadi,757,Kharsundi,0.40,8.40,0.17,0.28,213.25,27.64,246.40,10.82,0.34,1.62,8.52,11.08,2.66
305,2983,Chandhar Mhaka Jankar,Atpadi,522,Kharsundi,1.00,8.48,0.24,0.22,188.16,31.20,190.40,11.73,0.30,1.67,9.70,10.76,2.94
306,2984,Gajanan Gorkhnanth Pomdharne,Atpadi,456,Kharsundi,1.00,8.60,0.15,0.18,200.70,33.88,179.20,10.64,0.34,1.71,8.94,11.76,2.88
307,2985,Baban Shankar Sanp,Atpadi,387,Kharsundi,0.60,8.50,0.15,0.25,163.07,16.94,201.60,10.69,0.34,1.75,7.74,11.78,2.46
308,2986,Amar Aananda Pujari,Atpadi,85,Kharsundi,0.60,8.52,0.17,0.19,213.25,15.60,145.60,10.51,0.36,1.35,10.04,11.22,2.86
309,2987,Rajan Shankar Deshpande,Atpadi,555-2,Kharsundi,1.00,8.54,0.12,0.17,188.16,31.65,224.00,8.77,0.44,1.21,10.34,11.90,2.76
310,2988,Mayur Prmod Deshpande,Atpadi,555-2,Kharsundi,1.00,8.52,0.15,0.26,200.70,26.75,235.20,12.65,0.50,1.35,7.70,10.22,3.46
311,2989,Alka Prmod Deshpande,Atpadi,551-1,Kharsundi,1.00,8.30,0.12,0.21,175.62,23.63,190.40,9.95,0.38,1.38,8.96,12.50,3.10
312,2990,Avdhut Prmod Deshpande,Atpadi,555-1,Kharsundi,1.00,8.46,0.16,0.18,188.16,19.61,190.40,10.69,0.54,1.44,9.28,11.06,2.80
313,2991,Rajandra Baburao Pujarie,Atpadi,119,Kharsundi,1.00,8.43,0.16,0.22,150.53,14.26,224.00,9.81,0.34,1.50,8.42,12.60,2.44
314,2992,Chadrakant Krushana Gurav,Atpadi,247,Kharsundi,0.70,8.45,0.12,0.28,175.62,17.38,179.20,9.25,0.42,1.55,10.80,10.46,3.10
315,2993,Chandrakant Daulata Pujari,Atpadi,309,Kharsundi,1.00,8.47,0.15,0.21,200.70,12.48,168.00,10.56,0.42,1.60,8.42,11.86,3.06
316,2994,Raghunat Nana Yele,Atpadi,145,Kharsundi,0.40,8.44,0.18,0.26,163.07,20.95,201.60,12.61,0.38,1.38,10.16,13.06,2.94
317,2995,Sikandhar Husen Sekha,Atpadi,484,Kharsundi,1.00,8.42,0.16,0.32,200.70,21.84,168.00,12.13,0.34,1.00,10.08,11.82,2.82
318,2996,Humayun Husen Shekh,Atpadi,484,Kharsundi,0.80,8.48,0.15,0.19,150.53,28.08,134.40,11.86,0.36,1.17,8.04,11.40,2.38
319,2997,Balaji Baburao Pujari,Atpadi,119,Kharsundi,0.80,8.55,0.17,0.24,200.70,34.32,190.40,12.43,0.42,1.35,8.14,10.94,2.68
320,2998,Popat Gunda Bhange,Atpadi,250,Kharsundi,0.60,8.41,0.18,0.29,175.62,24.96,212.80,9.60,0.42,1.40,6.56,11.24,2.90
321,2999,Gajanan Aandrao Patil,Atpadi,158,Kharsundi,1.00,8.25,0.09,0.22,163.07,17.38,123.20,9.55,0.24,1.48,9.06,10.66,2.76
322,3000,Ekanath Ramchandra Bhosale,Atpadi,450,Kharsundi,1.00,8.54,0.15,0.25,175.62,25.85,224.00,10.60,1.50,1.32,9.92,11.62,2.72
323,3001,Dhondiram Balvant Pujari,Atpadi,447,Kharsundi,0.40,8.52,0.10,0.21,175.62,28.53,212.80,10.69,0.36,1.22,9.66,11.26,3.18
324,3002,Gopal Babaso Pujari,Atpadi,286,Kharsundi,0.40,8.43,0.16,0.31,188.16,34.32,179.20,9.16,0.50,1.14,11.44,11.74,3.30
325,3003,Bharat Bapu Gurv,Atpadi,283,Kharsundi,0.50,8.82,0.17,0.25,200.70,35.22,168.00,13.52,0.52,1.23,14.32,11.52,3.66
326,3004,Laxmi Arjun Bhandare,Atpadi,723,Kharsundi,0.40,8.27,0.14,0.24,175.62,32.09,212.80,13.30,0.52,1.41,11.54,13.70,3.14
327,3005,Dipali Pandurang Kengar,Atpadi,712,Kharsundi,0.40,8.75,0.16,0.24,163.07,32.54,123.20,15.01,0.62,1.23,13.66,15.94,3.58
328,3006,Sanjubai Shankar Bhandre,Atpadi,718,Kharsundi,0.40,8.46,0.18,0.22,150.53,28.53,190.40,13.52,0.50,1.39,12.92,13.30,3.44
329,3007,Manisha Nitin Bansode,Atpadi,722,Kharsundi,0.40,8.40,0.10,0.32,188.16,19.17,168.00,12.65,0.58,1.47,11.78,11.42,3.40
330,3008,Nikita Sanjay Bhise,Atpadi,691,Kharsundi,0.40,8.44,0.17,0.26,200.70,32.09,134.40,12.69,0.38,1.11,12.14,12.46,3.06
331,3009,Varsha Dagdu Bhise,Atpadi,698,Kharsundi,0.40,8.63,0.15,0.25,163.07,35.66,246.40,12.82,0.46,1.22,13.20,12.66,3.74
332,3010,Reshma Ajit Bhise,Atpadi,698,Kharsundi,0.40,8.77,0.15,0.22,150.53,29.87,123.20,11.25,0.46,1.49,12.18,12.54,3.20
333,3011,Vimal Udhav Bhise,Atpadi,307,Kharsundi,0.40,8.54,0.14,0.24,163.07,14.26,168.00,11.12,0.50,1.26,13.46,12.38,3.90
334,3012,Archana Maruti Bhandare,Atpadi,729,Kharsundi,0.40,8.58,0.16,0.28,175.62,15.16,134.40,11.17,0.78,1.10,12.70,13.66,3.90
335,3013,Sima Rajandra Bhandare,Atpadi,635,Kharsundi,0.40,8.39,0.15,0.33,137.98,12.04,190.40,11.30,0.50,1.21,12.94,12.58,3.04
336,3014,Rupali Bhaskar Bhise,Atpadi,712,Kharsundi,0.40,8.59,0.17,0.26,175.62,12.93,134.40,10.03,0.64,1.57,13.10,10.92,3.62
337,3015,Sunita Bhagvan Bhise,Atpadi,691,Kharsundi,0.40,8.58,0.15,0.21,163.07,9.36,145.60,10.08,0.46,1.48,12.16,11.94,2.92
338,3016,Komal Datt Bhise,Atpadi,712,Kharsundi,0.40,8.57,0.10,0.25,200.70,14.71,168.00,10.82,0.54,1.44,12.10,10.94,3.12
339,3017,Puja Bapu Bhandare,Atpadi,738,Kharsundi,0.40,8.62,0.17,0.35,175.62,8.47,190.40,11.86,0.52,1.28,12.60,10.98,3.06
340,3018,Ashvini Sagar Bhise,Atpadi,751,Kharsundi,0.40,8.53,0.15,0.28,163.07,12.48,123.20,12.13,0.48,1.13,12.36,10.76,2.70
341,3019,Shobha Subhash Pujari,Atpadi,796,Kharsundi,0.50,8.59,0.17,0.21,200.70,11.14,145.60,10.99,0.52,1.25,13.22,11.74,3.48
342,3020,Sulochana Subhash Pujari,Atpadi,91,Kharsundi,40.00,8.57,0.17,0.21,175.62,28.53,224.00,10.91,0.42,1.36,12.32,12.70,2.96
343,3021,Ravindra Subhash Pujari,Atpadi,813,Kharsundi,0.40,8.61,0.17,0.26,200.70,30.31,168.00,10.69,0.38,1.44,10.76,12.56,3.32
344,3022,Vijay Subhash Pujari,Atpadi,192,Kharsundi,0.50,8.46,0.16,0.36,188.16,26.30,156.80,10.64,0.44,1.28,11.82,10.96,3.34
345,3023,Ajit Shamrao Patil,Atpadi,388,Kharsundi,0.40,8.93,0.17,0.21,175.62,21.40,190.40,12.13,0.52,1.09,12.60,11.76,3.34
346,3024,Sunil Pandhrinath Pujari,Atpadi,107,Kharsundi,0.80,8.70,0.10,0.28,188.16,19.17,179.20,10.64,0.54,1.00,11.40,11.84,2.84
347,3025,Gajanan Ramchadra Pujari,Atpadi,76,Kharsundi,1.00,8.67,0.16,0.21,213.25,28.53,201.60,16.23,0.48,1.44,12.12,10.48,2.76
348,3026,Babasaheb Ramchadra Pujari,Atpadi,76,Kharsundi,1.00,8.68,0.09,0.24,225.79,23.63,212.80,11.82,0.46,1.48,12.50,10.94,3.52
349,3027,Anjana Shivaji Pujari,Atpadi,71,Kharsundi,1.00,8.77,0.17,0.29,188.16,14.26,179.20,13.17,0.58,1.34,7.72,12.64,3.54
350,3028,Atma Kanta Ramchandra Gurav,Atpadi,73,Kharsundi,1.00,8.55,0.16,0.18,175.62,15.16,224.00,10.86,0.42,1.17,12.00,13.24,3.12
351,3029,Dinkar  Ramchandra Pujari,Atpadi,76,Kharsundi,1.00,8.58,0.16,0.21,200.70,12.04,123.20,12.13,0.50,1.15,13.16,13.02,3.14
352,3030,Shivaji Ramchandra Pujari,Atpadi,72,Kharsundi,1.00,8.67,0.14,0.19,188.16,10.25,212.80,11.21,0.42,1.31,10.96,11.22,3.32
353,3031,Amit Shivaji Pujari,Atpadi,71,Kharsundi,1.00,8.69,0.14,0.26,200.70,19.17,190.40,10.64,0.40,0.98,13.04,11.62,3.32
354,3032,Vinayk Shivaji Pujarie,Atpadi,71,Kharsundi,1.00,8.58,0.08,0.21,188.16,18.28,134.40,11.47,0.66,1.47,13.06,11.28,3.58
355,3033,Kiran Sukadev Pujari,Atpadi,120,Kharsundi,0.60,8.52,0.16,0.25,175.62,14.26,168.00,10.12,0.50,1.27,14.00,11.20,2.66
356,3034,Kiran Sukadev Pujari,Atpadi,120,Kharsundi,0.60,8.54,0.16,0.17,163.07,12.04,201.60,11.08,0.50,1.17,13.84,11.26,3.30
357,3035,Narayan Maruti Pujari,Atpadi,352,Kharsundi,1.00,8.46,0.17,0.21,225.79,20.06,168.00,10.73,0.56,1.49,12.64,11.18,2.30
358,3036,Ramesh Dinkar Kolekar,Atpadi,583,Kharsundi,0.60,8.63,0.15,0.28,175.62,18.72,134.40,12.52,0.34,1.30,10.92,11.12,2.86
359,3037,Vijaykumar Kisan Bhange,Atpadi,382,Kharsundi,1.00,8.42,0.15,0.22,188.16,13.82,224.00,11.17,0.46,1.19,13.74,11.16,2.50
360,3038,Vijay Laxman Pujari,Atpadi,387,Kharsundi,1.00,8.48,0.16,0.25,225.79,29.87,123.20,11.52,0.72,1.36,13.78,12.42,2.96
361,3039,Pandrinath Ganpati Metkari,Atpadi,674,Kharsundi,0.80,8.55,0.13,0.28,188.16,35.66,145.60,10.69,0.44,1.42,11.52,12.46,2.46
362,3040,Mama Dada Bergal,Atpadi,9,Kharsundi,0.40,8.40,0.17,0.25,175.62,30.31,190.40,11.56,0.48,1.27,9.32,12.44,2.64
363,3041,Madukar Vithoba Jankar,Atpadi,614,Kharsundi,1.00,8.46,0.15,0.29,225.79,15.16,179.20,13.43,0.46,1.10,14.18,13.24,2.64
364,3042,Dilip Vithoba Jankar,Atpadi,614,Kharsundi,1.00,8.50,0.17,0.22,188.16,28.08,134.40,10.12,0.56,1.18,14.72,13.62,2.52
365,3043,Ramesh Yeshavant Shitole,Atpadi,623,Kharsundi,0.50,8.54,0.14,0.24,188.16,23.63,168.00,10.95,0.46,1.46,13.54,13.24,2.66
366,3044,Sanjay Vasant Gurav,Atpadi,282,Kharsundi,0.40,8.45,0.14,0.28,200.70,16.49,145.60,11.86,0.58,1.21,13.12,13.30,2.94
367,3045,Pandurang Sandipan Dadas,Atpadi,613,Kharsundi,0.50,8.53,0.18,0.32,175.62,12.48,134.40,12.30,0.58,1.18,13.24,14.04,3.22
368,3046,Tukaram Sandipan Dadas,Atpadi,613,Kharsundi,0.50,8.33,0.19,0.25,188.16,11.14,156.80,10.77,0.66,1.31,13.22,13.08,2.64
369,3047,Ajinath Raghunath Sawat,Atpadi,88,Palaskhel,0.40,8.44,0.46,0.78,175.62,17.83,168.00,16.01,1.00,1.00,4.46,13.94,4.24
370,3048,Ajinath Vishvanath Sawat,Atpadi,671,Palaskhel,0.30,8.42,0.41,0.57,213.25,25.41,112.00,6.98,0.58,0.57,2.64,11.32,2.86
371,3049,Anil Shankar Dhole,Atpadi,113,Palaskhel,0.40,8.47,0.40,0.56,188.16,16.05,156.80,19.72,0.68,0.85,3.46,13.22,2.54
372,3050,Ankur Gorakh Javir,Atpadi,514,Palaskhel,0.40,8.25,0.49,0.75,150.53,32.09,190.40,9.99,0.80,1.09,3.70,12.94,3.48
373,3051,Ankush Kondiba Sawar,Atpadi,439,Palaskhel,0.40,8.40,0.37,0.67,200.70,20.95,134.40,6.72,0.60,0.65,2.56,11.70,3.44
374,3052,Anna Sravan Randive,Atpadi,477,Palaskhel,0.50,8.36,0.41,0.54,175.62,14.26,156.80,8.03,0.58,0.84,3.66,13.86,3.86
375,3053,Appa Bhaghwan Sawat,Atpadi,308,Palaskhel,0.40,8.53,0.33,0.58,137.98,10.25,78.40,13.09,0.28,0.60,6.00,8.52,3.54
376,3054,Ashok Chenda Mane,Atpadi,536,Palaskhel,0.40,8.18,0.61,0.83,225.79,15.16,257.60,28.53,0.66,0.65,4.22,14.86,3.50
377,3055,Ashok Dagadu Sawar,Atpadi,15,Palaskhel,0.40,8.22,0.43,0.53,175.62,17.38,134.40,8.11,0.68,0.74,2.88,12.80,2.54
378,3056,Babaso Shripati Atpadkar,Atpadi,483,Palaskhel,0.90,8.36,0.39,0.54,200.70,8.92,134.40,9.64,0.62,0.76,2.84,10.28,3.38
379,3057,Balu Sukhdev Waghmare,Atpadi,235,Palaskhel,0.40,8.46,0.42,0.78,163.07,21.40,179.20,7.98,0.70,0.65,2.88,11.92,3.74
380,3058,Bhagavat Nivrutti Sawat,Atpadi,653,Palaskhel,0.40,8.48,0.41,0.65,200.70,26.30,168.00,7.94,0.72,0.90,2.74,12.30,3.02
381,3059,Bhagwan Appa Dhafal,Atpadi,545,Palaskhel,0.40,8.39,0.37,0.68,225.79,26.75,156.80,8.64,0.62,0.56,2.80,9.82,3.40
382,3060,Bhagyavant Agnu Javir,Atpadi,49,Palaskhel,0.40,8.45,0.26,0.61,163.07,15.16,112.00,8.20,0.58,0.64,3.18,9.84,3.04
383,3061,Bharat Vishvanath Sawat,Atpadi,302,Palaskhel,0.40,8.40,0.39,0.61,200.70,23.63,156.80,7.55,0.42,0.80,3.12,11.98,2.76
384,3062,Chandrakant Kuchekar,Atpadi,460,Palaskhel,0.40,8.47,0.38,0.60,225.79,11.14,112.00,9.99,0.38,0.99,4.10,7.62,2.88
385,3063,Changdev Bapu Atpadkar,Atpadi,516,Palaskhel,0.50,8.46,0.38,0.81,175.62,9.81,123.20,11.43,0.70,0.70,4.42,7.86,2.28
386,3064,Dada Krushna Sawar,Atpadi,138,Palaskhel,0.40,8.56,0.11,0.74,150.53,26.30,145.60,15.96,0.72,0.79,2.44,6.88,3.08
387,3065,Dadaso Ganpat Sawat,Atpadi,645,Palaskhel,0.70,8.54,0.35,0.72,200.70,19.17,224.00,11.12,0.62,0.60,2.84,10.86,2.62
388,3066,Dadaso Jagganath Kuchekar,Atpadi,446,Palaskhel,0.40,8.54,0.34,0.53,175.62,12.93,112.00,24.86,0.76,0.72,2.64,10.16,3.32
389,3067,Dasa Pitambar Sawat,Atpadi,3,Palaskhel,0.40,8.49,0.38,0.67,137.98,26.30,112.00,11.65,0.62,0.64,2.86,10.52,3.72
390,3068,Dattaray Kuchekar,Atpadi,527,Palaskhel,0.40,8.43,0.37,0.63,200.70,19.61,134.40,11.56,0.82,0.88,2.28,10.96,3.26
391,3069,Dhanaji Jagganath Kuchekar,Atpadi,621,Palaskhel,0.40,8.47,0.29,0.76,175.62,11.14,112.00,18.63,0.76,0.57,3.38,11.02,3.30
392,3070,Dhaneshwar Dagadu Sawat,Atpadi,630,Palaskhel,0.40,8.51,0.36,0.60,163.07,20.06,112.00,12.08,0.76,0.60,2.98,9.60,3.74
393,3071,Dipak Arjun Kale,Atpadi,327,Palaskhel,0.40,8.28,0.47,0.76,175.62,16.94,224.00,13.61,0.70,0.94,3.14,10.30,3.12
394,3072,Duryodhana Sopan Kavitake,Atpadi,517,Palaskhel,0.40,8.41,0.35,0.57,200.70,24.52,156.80,14.57,0.62,0.97,2.70,8.80,3.28
395,3073,Dyanu Sawat,Atpadi,444,Palaskhel,0.70,8.45,0.33,0.71,225.79,15.16,100.80,12.61,0.64,0.84,3.84,9.38,2.40
396,3074,Fulabaei Pralhad Sarnobat,Atpadi,680,Palaskhel,0.40,8.49,0.22,0.64,163.07,31.20,123.20,10.99,0.64,0.68,3.08,9.22,3.44
397,3075,Harichand Subhash Atpadkar,Atpadi,481,Palaskhel,0.60,8.55,0.33,0.54,200.70,20.06,123.20,12.04,0.70,0.70,3.02,8.56,3.64
398,3076,Haridas Krushna Sawat,Atpadi,138,Palaskhel,0.40,8.52,0.33,0.72,150.53,13.37,168.00,12.87,0.78,0.82,2.84,8.98,2.80
399,3077,Jaganath Dilip Waghamare,Atpadi,489,Palaskhel,0.70,8.70,0.35,0.50,200.70,9.36,100.80,13.04,0.74,1.00,3.08,8.82,2.88
400,3078,Jaganath Rajaram Sawat,Atpadi,436,Palaskhel,0.40,8.40,0.36,0.74,225.79,14.26,168.00,13.48,0.80,0.97,3.40,6.56,3.22
401,3079,Javed Mubarak Tamboli,Atpadi,132,Palaskhel,0.40,8.48,0.39,0.79,200.70,16.49,112.00,14.09,0.58,0.79,3.68,6.32,2.60
402,3080,Kalpna Dhanaji Kavitake,Atpadi,706,Palaskhel,0.40,8.63,0.40,0.74,213.25,9.81,123.20,11.38,0.76,0.99,3.56,8.44,3.60
403,3081,Khashaba Mahadev Kuchekar,Atpadi,526,Palaskhel,0.40,8.70,0.33,0.68,175.62,20.50,134.40,12.61,0.54,0.91,4.42,8.44,3.60
404,3082,Kondiba Anata Randive,Atpadi,514,Palaskhel,0.40,8.42,0.32,0.76,150.53,25.41,112.00,14.66,0.68,0.77,3.60,7.94,3.92
405,3083,Kondiba Mahadev Saeat,Atpadi,589,Palaskhel,0.40,8.48,0.35,0.71,200.70,25.85,100.80,11.69,0.66,0.70,3.12,9.00,3.74
406,3084,Kumar Shrimant Phulare,Atpadi,62,Palaskhel,0.40,8.50,0.25,0.74,175.62,14.26,190.40,10.60,0.68,0.88,3.84,7.90,4.14
407,3085,Mahadev Narayan Sawat,Atpadi,82,Palaskhel,0.40,8.57,0.44,0.65,150.53,22.73,145.60,10.25,0.62,0.93,3.62,9.16,3.20
408,3086,Mahesh Bhagwan Kakade,Atpadi,313,Palaskhel,0.40,8.48,0.41,0.44,200.70,12.04,145.60,12.26,0.66,0.77,3.14,10.30,3.28
409,3087,Manisha Dhanaji Kavitake,Atpadi,706,Palaskhel,0.40,8.69,0.39,0.50,175.62,10.70,134.40,11.95,0.72,0.74,4.02,9.16,2.96
410,3088,Maruti Shankar Kuchekar,Atpadi,13,Palaskhel,0.40,8.64,0.40,0.53,225.79,24.07,134.40,11.43,0.78,1.06,3.94,11.80,3.70
411,3089,Minakshi Prakash Atpadkar,Atpadi,502,Palaskhel,0.70,8.60,0.38,0.74,188.16,19.17,134.40,14.87,0.76,1.18,3.98,8.82,3.18
412,3090,Mohan Kuchekar,Atpadi,313,Palaskhel,0.40,8.63,0.32,0.63,163.07,13.37,145.60,15.57,0.48,0.98,4.66,5.44,3.42
413,3091,Nana Pandurang Pise,Atpadi,441,Palaskhel,0.40,8.53,0.38,0.75,200.70,26.75,112.00,14.31,0.60,0.83,5.10,9.92,2.78
414,3092,Navanth Vasant Sawat,Atpadi,658,Palaskhel,0.40,8.58,0.22,0.58,175.62,20.06,168.00,12.69,0.68,0.95,2.66,9.84,3.00
415,3093,Atma Navnath Ganpati Sawant,Atpadi,645,Palaskhel,2.00,8.41,0.47,0.71,137.98,11.59,156.80,12.00,0.68,0.71,3.10,9.66,2.44
416,3094,Nila Balaso Atpadkar,Atpadi,481,Palaskhel,0.80,8.48,0.35,0.57,200.70,20.50,224.00,12.91,0.72,1.07,4.32,10.44,2.72
417,3095,Pandurang Hariba Sawat,Atpadi,575,Palaskhel,0.06,8.45,0.32,0.68,175.62,17.38,145.60,14.83,0.44,0.99,3.94,6.80,2.28
418,3096,Pandurang Jyoti Sawat,Atpadi,435,Palaskhel,0.40,8.46,0.65,0.49,225.79,18.72,201.60,10.95,0.58,1.18,4.86,8.38,2.66
419,3097,Popat Bapu Atpadakr,Atpadi,481,Palaskhel,0.50,8.06,0.64,0.71,175.62,10.70,123.20,10.03,0.82,1.09,3.60,7.06,3.22
420,3098,Popat Tukaram Kavitake,Atpadi,517,Palaskhel,0.40,8.67,0.41,0.49,200.70,13.37,156.80,9.95,0.64,0.81,3.84,7.46,3.22
421,3099,Popat Waghmare,Atpadi,234,Palaskhel,0.40,8.56,0.33,0.71,163.07,16.49,190.40,11.21,0.72,1.10,4.34,7.70,2.82
422,3100,Prakash Dhondiba Atpadkar,Atpadi,503,Palaskhel,0.80,8.54,0.43,0.76,200.70,19.61,145.60,12.17,0.66,1.06,3.62,7.58,2.46
423,3101,Prashant Balaso Sawat,Atpadi,440,Palaskhel,0.70,8.68,0.39,0.74,175.62,16.94,156.80,12.65,0.78,0.97,3.28,9.56,3.16
424,3102,Pravin Prakash Atpadkar,Atpadi,506,Palaskhel,0.70,8.65,0.39,0.68,150.53,23.18,134.40,10.95,0.78,1.05,3.78,9.56,2.72
425,3103,Raghunath Sahebrao Kuchekar,Atpadi,36,Palaskhel,0.40,8.55,0.38,0.71,200.70,14.26,100.80,10.69,0.82,0.95,3.26,9.22,2.74
426,3104,Raghunath Tulshiram Sawat,Atpadi,88,Palaskhel,0.40,8.60,0.33,0.72,188.16,30.31,156.80,12.96,0.92,0.83,3.52,8.74,2.72
427,3105,Rajendra Vishwambhar Sawat,Atpadi,653,Palaskhel,0.70,8.62,0.38,0.65,225.79,12.93,134.40,13.52,0.78,0.96,2.94,9.28,3.02
428,3106,Atma Ratan Baban Kavitake,Atpadi,706,Palaskhel,1.70,8.42,0.35,0.44,200.70,21.84,156.80,15.05,0.68,0.86,3.68,9.92,2.90
429,3107,Sabhaji Sawar,Atpadi,575,Palaskhel,0.40,8.58,0.19,0.50,188.16,20.06,179.20,15.83,0.80,1.12,3.42,8.60,3.06
430,3108,Atma Sachin Dashrath Sawant,Atpadi,56,Palaskhel,0.40,8.26,0.27,0.63,175.62,13.37,190.40,16.23,0.80,0.70,4.44,8.18,2.28
431,3109,Sagar Jaganath Sawat,Atpadi,152,Palaskhel,0.60,8.60,0.39,0.67,150.53,13.37,145.60,15.35,0.78,0.79,3.84,7.76,3.10
432,3110,Sagar Shivaji Atpadkar,Atpadi,506,Palaskhel,0.70,8.32,0.55,0.56,200.70,21.40,145.60,14.57,0.72,0.81,4.24,9.64,3.18
433,3111,Sandesh Nagesh Khatake,Atpadi,27,Palaskhel,0.40,8.42,0.54,0.58,175.62,10.70,268.80,12.04,0.66,1.05,4.82,8.44,2.94
434,3112,Sangita Nana Javir,Atpadi,242,Palaskhel,0.70,8.91,0.42,0.53,150.53,23.18,100.80,11.34,0.50,0.93,5.04,6.10,2.64
435,3113,Sanjay Kavitake,Atpadi,442,Palaskhel,0.40,8.55,0.34,0.69,188.16,19.17,168.00,13.61,0.68,0.98,3.40,6.02,3.06
436,3114,Sanjay Sawat,Atpadi,63,Palaskhel,0.40,8.37,0.40,0.74,150.53,13.82,224.00,16.53,0.74,0.89,3.76,5.62,3.16
437,3115,Santosh Dada Sawat,Atpadi,291,Palaskhel,0.70,8.55,0.39,0.67,175.62,25.85,123.20,13.61,0.70,0.91,3.70,7.16,2.84
438,3116,Sarjerao Kisan Sawat,Atpadi,165,Palaskhel,0.40,8.57,0.36,0.60,213.25,18.72,112.00,13.17,0.80,1.01,3.40,6.00,3.10
439,3117,Satish Bspu Jare,Atpadi,112,Palaskhel,0.40,8.40,0.48,0.63,175.62,12.04,134.40,12.61,0.76,0.99,3.90,4.74,2.92
440,3118,Satyavan Anyaba Sawat,Atpadi,298,Palaskhel,0.60,8.64,0.41,0.46,213.25,20.06,123.20,13.83,0.58,0.70,4.06,5.64,2.88
441,3119,Shabana Atar,Atpadi,66,Palaskhel,0.40,8.55,0.40,0.63,188.16,16.49,134.40,15.09,0.88,0.82,2.66,4.36,2.92
442,3120,Shobha Shivaji Atpadakar,Atpadi,502,Palaskhel,0.40,8.29,0.58,0.57,163.07,18.72,201.60,12.00,0.78,1.01,3.90,3.20,3.70
443,3121,Shobha Shivaji Atpadkar,Atpadi,481,Palaskhel,0.60,8.53,0.38,0.72,137.98,11.14,156.80,14.66,0.68,0.59,3.00,6.62,3.44
444,3122,Shrimant Appa Koli,Atpadi,205,Palaskhel,0.40,8.58,0.41,0.64,188.16,14.26,134.40,15.18,0.92,0.74,3.90,4.04,3.92
445,3123,Sidram Tukaram Sawat,Atpadi,512,Palaskhel,0.40,8.63,0.36,0.54,213.25,16.49,134.40,13.96,0.76,0.95,3.44,3.92,3.18
446,3124,Subhash Namdev Atpadakar,Atpadi,482,Palaskhel,0.80,8.61,0.39,0.58,175.62,20.06,168.00,14.05,0.66,1.09,2.90,4.16,3.06
447,3125,Sukhadev Ramchandra Godase,Atpadi,501,Palaskhel,0.40,8.40,0.48,0.51,150.53,17.38,145.60,13.26,0.66,0.97,2.58,4.36,2.72
448,3126,Atma Sumit Bapu Sawant,Atpadi,305,Palaskhel,1.50,8.75,0.39,0.75,188.16,22.29,112.00,12.08,0.88,0.90,3.12,5.98,3.04
449,3127,Sunanda Jagganath Pawar,Atpadi,243,Palaskhel,0.40,8.74,0.24,0.74,213.25,15.16,123.20,11.04,0.38,0.79,3.22,7.20,2.04
450,3128,Sushma Pandung Ghrade,Atpadi,458,Palaskhel,0.40,8.72,0.49,0.74,188.16,13.37,168.00,10.21,0.58,1.05,4.10,4.14,3.42
451,3129,Tanaji Appa Kavitake,Atpadi,503,Palaskhel,0.40,8.77,0.32,0.67,163.07,18.72,100.80,12.43,0.50,1.08,3.38,7.30,2.66
452,3130,Tanaji Shankar Dhole,Atpadi,119,Palaskhel,0.40,8.40,0.20,0.71,188.16,13.82,190.40,11.43,0.30,0.94,5.76,4.70,3.44
453,3131,Tushar Changdev Atpadkar,Atpadi,516,Palaskhel,0.80,8.42,0.28,0.74,150.53,20.06,134.40,13.00,0.20,0.86,4.60,3.60,3.94
454,3132,Vaibhav Nana Pise,Atpadi,399,Palaskhel,0.40,8.38,0.38,0.71,213.25,10.70,112.00,12.39,0.80,1.07,4.52,3.74,3.64
455,3133,Vijay Deshmukh,Atpadi,316,Palaskhel,0.40,8.49,0.26,0.65,175.62,19.17,145.60,14.66,0.46,0.91,2.52,7.32,3.78
456,3134,Vijay Subhash Atpadakr,Atpadi,481,Palaskhel,0.80,8.56,0.32,0.44,137.98,14.71,190.40,13.30,0.50,0.85,4.48,2.68,2.50
457,3135,Vishvanath Bapu Sawat,Atpadi,13,Palaskhel,0.40,8.33,0.24,0.50,188.16,18.28,112.00,10.64,0.34,0.96,3.90,3.04,3.80
458,3136,Vishwambhar Vithoba Kare,Atpadi,62,Palaskhel,0.40,8.41,0.36,0.43,150.53,22.73,123.20,12.48,0.82,1.01,3.68,2.06,3.34
459,3137,Vithoba Mahadev Sawat,Atpadi,309,Palaskhel,0.40,8.31,0.60,0.53,188.16,18.72,134.40,11.82,0.85,1.09,3.24,5.52,2.96
460,3138,Vitthal Bhimrao Kuchekar,Atpadi,63,Palaskhel,0.40,8.59,0.43,0.63,175.62,12.93,134.40,10.86,0.78,0.88,2.36,4.68,3.12
461,3139,Shantabai Arjun Waghmode,Atpadi,37/1,Kamth,0.40,8.18,0.36,0.22,188.16,8.92,89.60,7.72,7.48,0.82,7.48,5.58,2.34
462,3140,Chyaya Maruti Sarak,Atpadi,37,Kamth,0.40,8.36,0.42,0.39,163.07,26.30,134.40,10.47,5.00,0.94,5.00,16.78,2.36
463,3141,Malan Babaso Kokare,Atpadi,34,Kamth,0.80,8.18,0.32,0.21,188.16,20.06,89.60,9.68,6.46,0.84,6.46,7.22,2.32
464,3142,Navnath Dnyanoba Sarak,Atpadi,355/1,Kamth,0.40,8.10,0.28,0.40,150.53,23.63,425.60,10.77,5.50,0.88,5.50,7.50,2.20
465,3143,Ankush Baba Mane,Atpadi,40,Kamth,0.60,8.08,0.83,0.67,175.62,14.26,369.60,12.34,6.12,0.85,6.12,30.80,3.94
466,3144,Shankar Ramu Mane,Atpadi,38,Kamth,0.80,8.56,1.04,0.47,175.62,16.05,425.60,10.34,5.44,0.93,5.44,26.42,2.82
467,3145,Bhagvan Ganpati Sarak,Atpadi,52,Kamth,0.60,8.38,0.42,0.57,163.07,29.42,179.20,12.78,4.68,0.72,4.68,20.16,2.70
468,3146,Bhamabai Uttam Sarak,Atpadi,51/1,Kamth,0.40,8.23,0.92,0.36,188.16,20.95,224.00,12.34,5.46,0.93,5.46,14.86,1.82
469,3147,Mahadev Tatya Sarak,Atpadi,26/1,Kamth,0.60,8.36,0.77,0.82,150.53,23.63,392.00,8.85,5.02,0.86,5.02,14.50,3.00
470,3148,Nevruti Pandurang Sarak,Atpadi,30,Kamth,0.60,8.29,0.72,0.26,175.62,15.16,100.80,10.12,4.80,0.97,4.80,30.58,2.48
471,3149,Suresh Shivaji Mahadik,Atpadi,476,Kamth,0.40,8.37,1.14,0.40,200.70,7.58,168.00,10.38,3.38,0.89,3.38,11.22,1.24
472,3150,Rajaram Maruti Mahadik,Atpadi,477,Kamth,0.40,8.32,1.08,0.71,150.53,12.93,380.80,12.43,4.12,0.86,4.12,7.90,2.32
473,3151,Uttam Rajaram Sarak,Atpadi,1,Kamth,0.50,8.48,0.67,0.56,188.16,16.49,436.80,23.99,4.72,0.81,4.72,26.10,2.66
474,3152,Anna Kashinath Sarak,Atpadi,363,Kamth,0.50,8.49,0.58,0.51,200.70,24.07,190.40,10.60,5.22,0.75,5.22,29.32,3.40
475,3153,Tanubai Taayappa Thorat,Atpadi,377,Kamth,0.40,8.17,0.68,0.61,175.62,18.72,100.80,12.61,4.28,0.64,4.28,20.60,3.02
476,3154,Malan Vithoba Shingade,Atpadi,401,Kamth,0.40,8.26,0.92,0.64,150.53,25.85,313.60,12.08,4.24,0.91,4.24,15.94,4.00
477,3155,Dada Daau Pinjari,Atpadi,329,Kamth,0.40,8.13,0.88,0.53,188.16,10.70,201.60,12.21,3.56,0.74,3.56,22.06,2.00
478,3156,Janabai Kashinath Mudhe,Atpadi,246,Kamth,0.40,8.73,0.41,0.33,175.62,7.58,123.20,15.09,7.60,0.78,7.60,20.22,0.96
479,3157,Aba Shankar Mudhe,Atpadi,247,Kamth,0.30,8.17,1.33,0.39,188.16,8.92,224.00,10.51,4.46,0.67,4.46,7.00,3.22
480,3158,Jagnnath Bapu Mudhe,Atpadi,276,Kamth,0.40,8.30,0.34,0.33,200.70,16.49,89.60,11.69,4.26,0.76,4.26,18.62,3.64
481,3159,Bhagavan Shankar Mudhe,Atpadi,295,Kamth,0.20,8.35,0.26,0.22,163.07,12.04,89.60,12.39,8.18,0.54,8.18,21.24,2.30
482,3160,Tanaji Shankar Rajage,Atpadi,301,Kamth,0.40,8.32,0.45,0.19,188.16,8.02,179.20,13.00,6.66,0.69,6.66,9.78,2.04
483,3161,Narmada Pandurang Sarak,Atpadi,305,Kamth,0.80,8.11,0.55,0.32,175.62,12.93,156.80,12.74,8.12,0.81,8.12,7.24,3.32
484,3162,Valappa Bhiva Rajage,Atpadi,300/1,Kamth,0.40,7.89,0.33,0.32,150.53,17.83,145.60,11.56,3.56,0.87,3.56,12.68,3.04
485,3163,Ramhari Dnyanu Rajage,Atpadi,303,Kamth,0.60,8.32,0.43,0.33,313.60,9.81,112.00,13.61,7.94,0.70,7.94,14.46,2.04
486,3164,Satu Tukaram Mudhe,Atpadi,280,Kamth,0.40,7.92,0.35,0.29,213.25,25.41,112.00,13.30,9.22,0.74,9.22,7.88,2.68
487,3165,Laxman Tukaram Mudhe,Atpadi,279,Kamth,0.40,8.07,0.35,0.29,163.07,19.17,89.60,9.51,5.32,0.58,5.32,18.64,2.20
488,3166,Mangesh Rajaram Magdum,Atpadi,237,Kamth,0.50,8.03,0.58,0.49,175.62,22.29,123.20,12.82,6.98,0.88,6.98,19.96,3.18
489,3167,Akkatai Dada Mudhe,Atpadi,226,Kamth,0.50,8.67,0.55,0.50,200.70,14.71,145.60,12.43,8.88,0.96,8.88,15.76,2.94
490,3168,Ankush Sidha Mudhe,Atpadi,208,Kamth,0.40,8.56,0.35,0.63,175.62,15.60,268.80,11.47,6.18,0.83,6.18,21.06,4.00
491,3169,Babaso Namdev Mudhe,Atpadi,209,Kamth,1.30,8.11,1.25,0.67,200.70,26.75,459.20,14.66,5.82,0.86,5.82,23.98,4.00
492,3170,Dadasaheb Baba Mudhe,Atpadi,210,Kamth,0.53,8.48,0.70,0.25,150.53,22.73,470.40,14.00,6.64,0.98,6.64,33.30,3.96
493,3171,Tanubai Namdev Mudhe,Atpadi,212,Kamth,0.30,8.79,0.66,0.25,313.60,22.73,190.40,12.78,4.16,1.10,4.16,18.74,3.08
494,3172,Uvaraj Sattu Mudhe,Atpadi,218,Kamth,0.90,7.47,1.20,0.56,200.70,15.60,224.00,10.64,5.70,0.96,5.70,21.10,3.08
495,3173,Atmaram Bhiva Rajage,Atpadi,216,Kamth,0.54,8.67,0.53,0.64,225.79,12.04,246.40,11.65,6.98,0.84,6.98,38.42,3.26
496,3174,Sindhubai Mohan Mudhe,Atpadi,294,Kamth,0.80,8.35,0.78,0.44,200.70,13.37,380.80,1.53,3.38,0.97,3.38,11.66,2.88
497,3175,Ravsaheb Dagadu Shingade,Atpadi,376,Kamth,0.33,8.10,0.57,0.50,175.62,15.60,347.20,12.48,6.36,1.27,6.36,17.28,3.12
498,3176,Anna Appa Sarak,Atpadi,454,Kamth,0.60,8.13,0.46,0.40,213.25,22.73,436.80,13.83,6.00,0.90,6.00,25.48,2.08
499,3177,Housabai Kashinath Sarak,Atpadi,427,Kamth,0.80,8.17,0.40,0.38,150.53,18.28,190.40,15.66,6.66,0.93,6.66,16.42,2.74
500,3178,Hanmant Tukaram Sarak,Atpadi,318,Kamth,0.40,8.67,0.40,0.46,225.79,23.18,224.00,15.92,4.68,0.84,4.68,13.38,1.40
501,3179,Vasant Ramhari Sarak,Atpadi,361,Kamth,1.20,7.76,0.62,0.54,188.16,11.14,145.60,16.53,3.80,0.90,3.80,6.04,1.36
502,3180,Madhukar Keru Khot,Atpadi,238,Kamth,0.60,8.48,0.41,0.28,125.44,12.04,78.40,14.96,4.32,1.05,4.32,12.82,1.38
503,3181,Uttam Appa Kokare,Atpadi,390,Kamth,0.60,8.30,0.64,0.65,188.16,9.36,369.60,12.69,7.22,0.98,7.22,8.96,3.44
504,3182,Laxman Tulshiram Kharat,Atpadi,354,Kamth,0.30,8.53,0.46,0.58,213.25,16.49,515.20,10.38,4.48,1.07,4.48,10.92,2.40
505,3183,Gokula Govind Kokare,Atpadi,462,Kamth,0.40,8.05,1.09,0.46,188.16,12.48,403.20,11.30,3.26,0.86,3.26,24.82,7.00
506,3184,Vaman Govind Kokare,Atpadi,430,Kamth,0.40,8.52,0.40,0.32,238.34,16.94,302.40,12.13,4.62,1.00,4.62,12.32,2.98
507,3185,Annaso Kundalik Shinde,Atpadi,462/1,Kamth,0.40,7.66,1.40,0.36,200.70,12.93,425.60,12.87,5.28,1.07,5.28,26.30,2.62
508,3186,Suvarna Arjun Kokare,Atpadi,434,Kamth,0.40,8.35,0.67,0.39,188.16,17.83,459.20,13.04,6.22,1.18,6.22,17.70,2.54
509,3187,Ashok Mhaka Kolape,Atpadi,50/2,Kamth,0.60,8.09,1.15,0.35,175.62,9.81,425.60,8.72,6.16,0.94,6.16,38.96,3.32
510,3188,Maruti Dnyanu Sarak,Atpadi,50/1,Kamth,0.60,8.34,0.56,0.40,188.16,22.73,257.60,13.52,5.06,0.99,5.06,32.26,1.96
511,3189,Atma Sambhaji Tukaram Kokare,Atpadi,49,Kamth,0.50,7.81,1.30,0.67,313.60,19.17,268.80,14.48,5.68,1.09,5.68,19.94,4.56
512,3190,Sadashiv Sukhdev Sarak,Atpadi,57,Kamth,0.40,8.33,0.64,0.47,150.53,22.29,212.80,15.05,8.26,0.88,8.26,37.42,3.32
513,3191,Arun Janardhan Sarak,Atpadi,59,Kamth,1.00,8.36,0.43,0.57,238.34,14.71,302.40,12.82,6.70,1.32,6.70,25.96,3.82
514,3192,Gokula Dashrath Sarak,Atpadi,72/2/1,Kamth,0.50,8.13,1.21,0.36,163.07,15.60,280.00,11.43,8.38,1.03,8.38,24.86,3.54
515,3193,Sunil Laxman Sarak,Atpadi,74/2,Kamth,0.50,8.62,0.32,0.68,238.34,25.85,201.60,12.00,9.86,0.81,9.86,18.62,2.32
516,3194,Hanmant Bapu Sarak,Atpadi,288/1/1,Kamth,0.60,8.35,0.40,0.40,288.51,22.73,212.80,13.87,9.46,1.16,9.46,9.94,4.28
517,3195,Krishna Appa Sarak,Atpadi,74/3/1,Kamth,0.40,8.33,0.45,0.40,100.35,22.73,235.20,12.69,9.46,1.06,9.46,7.44,2.30
518,3196,Vilas Kundalik Sarak,Atpadi,74/1/2,Kamth,0.40,8.08,0.72,0.71,200.70,15.60,459.20,10.56,4.42,0.77,4.42,13.94,3.12
519,3197,Indabai Hanmant Sarak,Atpadi,148/2,Kamth,0.60,8.32,0.25,0.56,150.53,12.48,212.80,13.74,6.90,0.95,6.90,24.70,2.80
520,3198,Sukhdev Ramu Sarak,Atpadi,148/1,Kamth,0.50,8.29,0.24,0.51,175.62,11.14,235.20,14.22,7.96,1.04,7.96,26.86,3.10
521,3199,Shivaji Nana Patil,Atpadi,96,Kamth,0.40,8.55,0.28,0.61,137.98,20.06,336.00,15.18,9.50,1.09,9.50,13.42,1.34
522,3200,Ratnabai Nana Patil,Atpadi,109,Kamth,0.70,8.56,0.33,0.64,188.16,19.17,235.20,12.91,9.66,1.01,9.66,15.68,1.80
523,3201,Jayant Appa Sarak,Atpadi,108,Kamth,0.60,8.58,0.26,0.53,150.53,14.26,224.00,12.39,9.38,0.75,9.38,21.74,1.08
524,3202,Hariba Ramu Valkunde,Atpadi,111,Kamth,0.50,8.33,0.26,0.39,175.62,14.26,179.20,10.77,7.86,1.22,7.86,5.68,2.52
525,3203,Vithoba Bira Valkunde,Atpadi,110,Kamth,0.40,8.30,0.27,0.36,150.53,27.19,224.00,12.48,7.72,1.09,7.72,19.72,2.50
526,3204,Vijay Vishnu Sarak,Atpadi,113,Kamth,0.40,8.64,0.31,0.33,188.16,20.06,123.20,12.74,8.34,1.00,8.34,21.44,2.68
527,3205,Tukaram Bira Valkunde,Atpadi,117,Kamth,0.60,8.42,0.35,0.32,238.34,22.73,179.20,13.43,9.86,0.92,9.86,10.76,1.34
528,3206,Appa Vitthal Kachare,Atpadi,115,Kamth,0.50,8.39,0.19,0.29,188.16,15.16,257.60,14.26,6.84,0.73,6.84,10.58,2.62
529,3207,Dhondabai Aba Sarak,Atpadi,116,Kamth,0.60,8.48,0.27,0.49,200.70,12.04,89.60,14.61,10.02,1.07,10.02,21.72,1.20
530,3208,Nakusabai Pandharinath Sarak,Atpadi,137,Kamth,0.40,8.37,0.78,0.50,175.62,12.93,179.20,13.48,6.12,0.88,6.12,7.18,1.74
531,3209,Sakharam Balu Sarak,Atpadi,140/1,Kamth,0.40,8.43,0.24,0.63,200.70,9.81,246.40,10.12,6.12,0.84,6.12,9.92,2.30
532,3210,Parshuram Sripati Sarak,Atpadi,162,Kamth,0.80,8.52,0.12,0.81,163.07,23.18,212.80,11.47,9.58,0.70,9.58,20.20,2.68
533,3211,Hanmantrav Sukhdev Sarak,Atpadi,156,Kamth,0.80,8.45,0.58,0.36,188.16,18.28,235.20,11.21,6.20,0.83,6.20,23.50,1.04
534,3212,Namdev Tatoba Mudhe,Atpadi,264,Kamth,0.40,8.55,0.55,0.64,163.07,14.71,425.60,10.64,7.90,0.92,7.90,8.60,3.62
535,3213,Ishvara Bira Mudhe,Atpadi,266,Kamth,0.40,8.54,0.35,0.65,137.98,18.72,212.80,10.34,7.68,0.89,7.68,23.82,2.50
536,3214,Vikas Mahadev Mudhe,Atpadi,265,Kamth,0.30,8.53,0.35,0.44,175.62,16.05,291.20,11.17,9.76,0.96,9.76,23.50,2.58
537,3215,Pakash Mahadev Mudhe,Atpadi,263,Kamth,0.50,8.33,0.53,0.50,200.70,12.04,89.60,12.13,7.68,0.85,7.68,18.42,1.72
538,3216,Ramesh Namdev Pavane,Atpadi,251,Kamth,0.30,8.44,0.38,0.40,188.16,12.93,190.40,12.87,6.84,0.91,6.84,25.06,3.68
539,3217,Tukaram Bapu Khot,Atpadi,261,Kamth,0.40,8.60,0.27,0.46,163.07,18.72,179.20,13.48,8.28,0.89,8.28,10.64,3.92
540,3218,Hanmant Gangaram Mudhe,Atpadi,242,Kamth,0.30,8.77,0.36,0.54,137.98,15.16,89.60,16.23,7.86,0.73,7.86,18.44,1.64
541,3219,Appa Dnyanu Mudhe,Atpadi,277,Kamth,0.40,8.32,0.28,0.28,175.62,12.48,112.00,13.65,7.94,0.87,7.94,16.58,2.02
542,3220,Chaya Tanaji Sarak,Atpadi,313,Kamth,0.80,8.44,0.36,0.65,200.70,9.81,134.40,12.82,7.32,1.00,7.32,13.06,2.54
543,3221,Dhondiba Sopan Shingade,Atpadi,316,Kamth,0.40,8.42,0.28,0.58,188.16,12.04,179.20,13.52,9.82,0.93,9.82,17.06,2.40
544,3222,Dadaso Ramhari Rajage,Atpadi,455,Kamth,0.60,8.46,0.36,0.32,137.98,17.83,246.40,14.57,7.26,0.85,7.26,19.40,1.74
545,3223,Chandrakant Mhaku Kokare,Atpadi,424,Kamth,0.60,8.54,0.36,0.39,188.16,12.93,459.20,14.87,10.60,0.91,10.60,19.86,2.24
546,3224,Atma Sakharam Ashok Pavane,Atpadi,411,Kamth,0.60,8.34,0.27,0.33,163.07,22.73,324.80,11.86,7.96,0.87,7.96,11.14,1.18
547,3225,Avinash Baba Kokare,Atpadi,420,Kamth,0.60,8.47,0.34,0.61,200.70,16.05,369.60,12.39,9.12,0.80,9.12,22.62,2.34
548,3226,Hanmant Mhaka Valkunde,Atpadi,35,Kamth,0.40,8.44,0.37,0.50,188.16,11.14,257.60,12.48,8.98,1.03,8.98,19.78,2.14
549,3227,Ranuka Dharmraj Karande,Atpadi,34,Kamth,0.80,8.51,0.37,0.53,188.16,17.38,235.20,11.86,8.06,1.07,8.06,23.24,1.82
550,3228,Maya Bhimrav Kokare,Atpadi,36/2,Kamth,0.40,8.41,0.45,0.65,175.62,12.93,336.00,11.60,8.78,0.95,8.78,7.36,2.22
551,3229,Rambhau Bhimrav Kokare,Atpadi,36/1,Kamth,0.50,8.42,0.38,0.61,150.53,10.70,246.40,10.82,7.68,0.81,7.68,11.78,1.50
552,3230,Tatoba Sidha Sarak,Atpadi,354,Kamth,0.4,8.38,0.25,0.42,275.97,18.72,268.8,12.69,8.22,0.87,8.22,12.44,3.84
553,,Hanmant Subarav Bhagat,Atpadi,76,TADAWALE,1.1,8.67,0.18,0.71,275.97,8.47,112.0,7.72,0.38,1.01,6.70,15.42,3.14
554,,Mahadev Kaka Gidde,Atpadi,188,TADAWALE,1.56,8.78,0.15,0.72,188.16,7.58,201.6,10.47,0.14,0.89,4.80,11.12,2.00
555,,Manik Maruti Mote,Atpadi,434,TADAWALE,0.96,8.74,0.11,0.65,150.53,8.92,179.2,9.68,0.28,0.97,8.30,10.80,2.22
556,,Alankar Popat Shende,Atpadi,328,TADAWALE,0.96,8.71,0.11,0.71,175.62,10.25,112.0,10.77,0.26,1.11,8.28,11.76,2.04
557,,Ashok Hanmant Gavli,Atpadi,76,TADAWALE,0.46,8.73,0.11,1.03,188.16,8.47,123.2,12.34,0.22,1.14,6.16,11.10,2.10
558,,Dattatray Kisan Aiwale,Atpadi,524,TADAWALE,0.55,8.68,0.10,0.90,188.16,11.14,134.4,10.34,0.22,1.13,6.30,10.98,2.24
559,,Vitthal Shahaji Shende,Atpadi,247,TADAWALE,0.6,8.72,0.10,0.92,213.25,10.25,145.6,12.78,0.20,1.00,4.06,10.70,2.12
560,,Dattu Sona Chavan,Atpadi,522,TADAWALE,0.8,8.73,0.16,0.83,225.79,12.48,112.0,12.34,0.26,0.96,8.22,13.90,2.68
561,,Dhondiram Sona Chavan,Atpadi,713,TADAWALE,1.35,8.70,0.10,0.57,288.51,11.14,134.4,8.85,0.22,0.90,3.20,11.74,2.32
562,,Jitendra Maruti Gidde,Atpadi,363,TADAWALE,0.99,8.76,0.14,0.56,338.69,9.81,112.0,10.12,0.26,1.03,7.98,10.20,1.62
563,,Hanmant Yedu Gidde,Atpadi,70,TADAWALE,1.53,8.75,0.12,0.74,275.97,10.25,235.2,10.38,0.24,1.07,7.32,12.36,1.56
564,,Murlidhar Sambhaji Dabade,Atpadi,334,TADAWALE,0.9,8.66,0.12,0.82,288.51,11.14,112.0,12.43,0.20,0.97,9.14,8.94,2.14
565,,Ashok Shivaji Gidde,Atpadi,261,TADAWALE,0.65,8.62,0.12,0.71,326.14,12.48,112.0,23.99,0.26,1.04,7.00,11.00,1.62
566,,Ananda Pandurang Shende,Atpadi,804,TADAWALE,0.55,8.79,0.14,0.42,288.51,16.05,123.2,10.60,0.22,0.98,7.94,8.06,1.38
567,,Appa Aba Aiwale,Atpadi,29,TADAWALE,0.8,8.65,0.13,0.44,288.51,14.26,112.0,12.61,0.24,1.12,5.54,9.72,1.40
568,,Maruti Mahadev Gidde,Atpadi,429,TADAWALE,0.45,8.37,0.16,0.51,288.51,8.47,123.2,12.08,0.22,1.08,8.52,11.38,1.84
569,,Bhagyawant Murlidhar Dabade,Atpadi,704,TADAWALE,0.65,8.65,0.14,0.54,288.51,12.04,134.4,12.21,0.20,0.91,6.54,10.24,1.70
570,,Dipak Shankar Jare,Atpadi,75,TADAWALE,0.65,8.46,0.15,0.49,288.51,12.93,156.8,15.09,0.16,1.03,6.58,9.40,1.94
571,,Balaso Namdev Bhagat,Atpadi,699,TADAWALE,0.45,8.67,0.32,0.60,288.51,10.70,123.2,10.51,0.28,1.04,5.58,12.40,1.88
572,,Vijaykumar Krushhna Gidde,Atpadi,17/2,TADAWALE,0.65,8.71,0.14,0.65,213.25,14.71,112.0,11.69,0.20,1.02,5.02,11.40,2.24
573,,Bapuso Dada Kadam,Atpadi,567,TADAWALE,0.6,8.54,0.24,0.68,313.60,29.87,123.2,12.39,0.26,1.03,5.00,13.70,2.44
574,,Usha Dasharath Kadam,Atpadi,640,TADAWALE,0.65,8.53,0.12,0.54,301.06,16.94,123.2,13.00,0.20,0.90,6.38,9.06,1.96
575,,Shankar Aba Kadam,Atpadi,567,TADAWALE,0.6,8.75,0.19,0.81,275.97,12.93,134.4,12.74,0.22,1.22,5.66,11.04,1.40
576,,Laxman Shankar Kadam,Atpadi,703,TADAWALE,0.6,8.72,0.13,0.75,326.14,13.82,145.6,11.56,0.30,1.01,10.86,11.48,1.90
577,,Bhagwan Bhiku Dhanavade,Atpadi,698,TADAWALE,0.65,8.70,0.19,0.75,313.60,15.60,123.2,13.61,0.26,0.93,7.36,13.22,2.26
578,,Machindra Kaka Gidde,Atpadi,187,TADAWALE,0.6,8.66,0.14,0.67,275.97,12.04,112.0,13.30,0.20,0.84,6.86,9.76,2.32
579,,Avinash Bhimrav Gidde,Atpadi,474,TADAWALE,0.4,8.68,0.15,0.39,313.60,11.59,168.0,9.51,0.12,0.80,7.66,9.06,1.86
580,,Shahaji Jagannath Ghadage,Atpadi,21/2,TADAWALE,1.2,7.74,1.07,0.68,275.97,16.94,212.8,12.82,0.30,0.73,3.74,18.52,1.14
581,,Kamal Shahaji Ghadage,Atpadi,202,TADAWALE,0.6,8.73,0.14,0.67,338.69,17.38,179.2,12.43,0.18,0.92,6.74,11.88,1.28
582,,Sitaram Santu Gidde,Atpadi,392,TADAWALE,0.4,8.70,0.14,0.42,326.14,17.83,134.4,11.47,0.30,0.79,4.94,11.48,2.06
583,,Parmeshwar Santu Gidde,Atpadi,392,TADAWALE,0.4,8.71,0.16,0.39,288.51,18.28,112.0,14.66,0.16,0.61,5.00,12.28,2.10
584,,Parmeshwar Pandhari Gidde,Atpadi,318,TADAWALE,0.4,8.73,0.14,0.42,275.97,19.17,123.2,14.00,0.18,0.77,0.90,6.22,1.96
585,,Hanmant Dadu Shende,Atpadi,45,TADAWALE,0.45,8.76,0.15,0.79,313.60,21.84,156.8,12.78,0.22,0.84,6.38,13.42,1.46
586,,Rahul Hanmant Shende,Atpadi,42,TADAWALE,0.4,8.76,0.21,0.60,125.44,14.26,168.0,10.64,0.50,0.75,6.02,16.66,2.48
587,,Mohan Damu Kadam,Atpadi,395,TADAWALE,0.4,8.66,0.13,0.72,150.53,13.37,112.0,11.65,0.24,0.96,7.84,12.58,2.26
588,,Sunita Mahadev Gidde,Atpadi,519,TADAWALE,0.6,8.78,0.16,0.50,188.16,12.04,123.2,1.53,0.20,0.67,5.78,10.60,2.06
589,,Tanaji Bhanudas Gidde,Atpadi,80,TADAWALE,0.4,8.77,0.15,0.54,163.07,15.60,112.0,12.48,0.28,0.73,6.90,10.98,1.54
590,,Ganesh Bhanudas Gidde,Atpadi,465,TADAWALE,0.8,8.79,0.16,0.74,137.98,10.70,123.2,13.83,0.18,0.70,3.98,13.54,2.20
591,,Maruti Namdev Gidde,Atpadi,618,TADAWALE,0.45,8.50,0.10,0.89,125.44,12.48,112.0,15.66,0.20,0.85,6.82,11.04,1.58
592,,Namdev Yashwant Gidde,Atpadi,510,TADAWALE,0.65,8.72,0.13,0.90,163.07,16.49,123.2,15.92,0.22,0.92,7.62,11.38,1.82
593,,Maruti Bansirav Gidde,Atpadi,398,TADAWALE,0.6,8.71,0.16,0.71,163.07,19.61,123.2,16.53,0.26,0.79,6.10,10.46,1.96
594,,Bansirav Dhondi Gidde,Atpadi,62,TADAWALE,0.4,8.75,0.14,0.64,213.25,20.95,134.4,14.96,0.26,1.02,6.58,8.66,1.54
595,,Savitribai Maruti Gidde,Atpadi,860,TADAWALE,0.4,8.69,0.19,0.47,150.53,19.17,156.8,12.69,0.38,0.99,5.66,13.64,2.20
596,,Nitin Maruti Gidde,Atpadi,298,TADAWALE,0.4,8.67,0.16,0.38,213.25,15.60,134.4,10.38,0.28,1.06,5.58,11.56,1.18
597,,Vishwanath Ganapati Gidde,Atpadi,208,TADAWALE,0.45,8.54,0.28,0.49,238.34,20.95,123.2,11.30,0.24,0.86,7.46,11.42,1.44
598,,Nandatai Arun Gidde,Atpadi,335,TADAWALE,0.69,8.72,0.14,0.64,200.70,24.07,112.0,12.13,0.18,1.08,7.18,12.42,2.00
599,,Arun Mahadev Gidde,Atpadi,334,TADAWALE,0.85,8.66,0.13,0.78,200.70,24.96,168.0,12.87,0.22,1.17,8.24,10.84,1.32
600,,Vishwanath Gopal Gidde,Atpadi,922,TADAWALE,0.56,8.70,0.18,0.92,163.07,23.63,112.0,13.04,0.14,0.98,4.44,9.96,2.16
601,,Aruna Balasaheb Gidde,Atpadi,227,TADAWALE,0.66,8.75,0.22,0.85,200.70,19.17,123.2,12.65,0.28,0.84,8.72,15.96,1.94
602,,Anil Bhimrav Gidde,Atpadi,380,TADAWALE,0.5,8.60,0.23,0.58,200.70,16.05,123.2,13.52,0.16,1.23,7.24,20.00,1.68
603,,Suresh Sarjerao Chavan,Atpadi,382,TADAWALE,0.4,8.60,0.21,0.40,188.16,12.48,156.8,14.48,0.36,0.80,8.08,17.28,2.74
604,,Dattatray Namdev Shende,Atpadi,211,TADAWALE,0.8,8.63,0.21,0.99,200.70,8.92,134.4,15.05,0.40,0.73,8.48,16.72,2.62
605,,Tukaram Pandurang Shende,Atpadi,152,TADAWALE,0.65,8.57,0.17,0.51,213.25,10.25,145.6,12.82,0.20,1.09,10.92,16.34,2.44
606,,Hanmant Rudrappa Pawale,Atpadi,453,TADAWALE,0.45,8.74,0.18,0.35,200.70,19.61,156.8,11.43,0.24,0.76,8.96,17.62,1.86
607,,Dattatray Rudrappa Pawale,Atpadi,266,TADAWALE,0.6,8.71,0.16,0.96,200.70,8.47,168.0,12.00,0.26,0.82,8.66,18.36,1.78
608,,Dashrath Namdev Jadhav,Atpadi,415,TADAWALE,0.4,8.77,0.22,0.46,175.62,10.25,112.0,13.87,0.30,1.16,12.02,15.72,2.04
609,,Bhimrav Namdev Jadhav,Atpadi,415,TADAWALE,0.4,8.72,0.21,0.39,163.07,11.59,112.0,12.69,0.66,0.92,10.70,15.48,2.96
610,,Suman Shivaji Margale,Atpadi,214,TADAWALE,2.12,8.71,0.17,0.79,150.53,11.14,112.0,10.56,0.28,0.89,10.26,14.18,1.88
611,,Dashrath Damu Kadam,Atpadi,244,TADAWALE,0.65,8.70,0.17,0.57,100.35,15.16,123.2,13.74,0.28,1.03,10.58,14.90,2.68
612,,Batu Ganapati Jadhav,Atpadi,326,TADAWALE,2.1,8.72,0.20,0.44,150.53,20.95,123.2,14.22,0.46,0.77,10.02,14.48,3.20
613,,Parvati Shivaji Gavade,Atpadi,219,TADAWALE,0.4,8.64,0.17,0.68,175.62,21.40,123.2,15.18,0.32,0.93,11.02,14.98,2.36
614,,Shalan Shivaji Gavade,Atpadi,219,TADAWALE,1.2,8.70,0.22,0.90,163.07,26.30,112.0,12.91,0.34,1.24,5.70,21.44,3.16
615,,Appaso Dadaso Marggal,Atpadi,212/2,TADAWALE,1.2,8.69,0.21,0.65,150.53,23.18,112.0,12.39,0.20,0.79,7.08,14.50,1.60
616,,Dilip Jalindar Gidde,Atpadi,912,TADAWALE,0.4,7.63,1.07,0.46,150.53,16.05,224.0,10.77,0.42,0.68,5.44,20.56,1.74
617,,Jalindar Nnamdev Gidde,Atpadi,410,TADAWALE,0.4,8.70,0.14,0.36,250.88,19.61,112.0,12.48,0.32,0.98,8.26,13.64,2.38
618,,Vijay Laxman Hubale,Atpadi,142,TADAWALE,0.8,7.84,1.02,0.47,225.79,18.28,212.8,12.74,0.52,0.58,4.48,24.50,1.52
619,,Dipak Sopan Gidde,Atpadi,797,TADAWALE,0.4,8.60,0.12,0.60,188.16,12.93,112.0,13.43,0.22,0.64,8.80,12.20,2.16
620,,Sunil Sopan Gdde,Atpadi,797,TADAWALE,0.6,8.75,0.10,0.76,112.90,8.92,123.2,14.26,0.32,0.89,10.18,13.94,1.86
621,,Nandatai Kisan Bhagat,Atpadi,121,TADAWALE,1.1,8.73,0.15,0.71,213.25,15.16,123.2,14.61,0.18,0.72,8.02,13.50,1.58
622,,Vimal Tukaram Dhon,Atpadi,948,TADAWALE,0.4,8.64,0.16,0.61,163.07,15.60,112.0,13.48,0.30,0.56,8.14,11.72,2.30
623,,Sarubai Pandurang Hubale,Atpadi,948,TADAWALE,0.45,8.70,0.20,0.42,200.70,10.70,134.4,10.12,0.24,0.70,8.80,16.96,2.54
624,,Mohan Krushna Hubale,Atpadi,153,TADAWALE,0.4,8.73,0.23,0.67,213.25,15.60,112.0,11.47,0.26,0.83,6.80,13.20,1.92
625,,Navnath Jaywant Hubale,Atpadi,440,TADAWALE,0.6,8.67,0.16,0.89,163.07,21.40,168.0,11.21,0.26,0.56,7.54,14.38,2.52
626,,Jalindar Jaywant Hubale,Atpadi,438,TADAWALE,0.6,8.76,0.20,0.99,150.53,25.41,112.0,10.64,0.42,0.81,8.86,12.38,2.88
627,,Jaywant Maruti Hubale,Atpadi,584,TADAWALE,0.6,8.63,0.29,0.53,175.62,22.73,179.2,10.34,0.22,0.49,7.50,13.20,2.20
628,,Ankush Shivaji Jadhav,Atpadi,172,TADAWALE,0.6,8.73,0.11,0.38,213.25,14.26,123.2,11.17,0.22,0.54,7.42,13.20,2.12
629,,Navnath Shivaji Jadhav,Atpadi,174,TADAWALE,0.6,8.63,0.11,0.53,213.25,11.59,156.8,12.13,0.22,0.58,7.50,13.14,1.90
630,,Pradip Shivaji Jadhav,Atpadi,183,TADAWALE,0.4,7.92,1.00,0.61,200.70,9.36,201.6,12.87,0.64,0.54,5.74,11.62,2.28
631,,Subhadra Shivaji Jadhav,Atpadi,173,TADAWALE,0.6,8.69,0.14,0.49,150.53,15.60,112.0,13.48,0.28,0.74,8.48,23.62,2.42
632,,Dadaso Ananda Hubale,Atpadi,197,TADAWALE,0.6,8.72,0.12,0.81,175.62,18.72,134.4,16.23,0.26,0.52,7.84,10.56,2.04
633,,Sujata Dadaso Hubale,Atpadi,95,TADAWALE,0.8,8.65,0.15,0.86,213.25,22.73,156.8,13.65,0.24,0.79,6.02,11.78,2.12
634,,Satyawan Vaman Hubale,Atpadi,157,TADAWALE,0.45,8.61,0.14,0.46,175.62,24.52,112.0,12.82,0.34,0.75,9.68,10.78,2.56
635,,Hanmant Ananda Gidde,Atpadi,72,TADAWALE,0.55,8.73,0.10,0.28,137.98,19.17,112.0,13.52,0.50,0.91,10.04,13.32,2.72
636,,Shankar Baba Gidde,Atpadi,152,TADAWALE,0.4,8.75,0.21,0.46,200.70,14.26,123.2,14.57,0.28,0.88,10.60,9.66,2.22
637,,Shivaji Baba Gidde,Atpadi,152,TADAWALE,0.4,8.72,0.10,0.72,163.07,10.70,123.2,14.87,0.28,0.82,9.18,18.56,2.08
638,,Namdev Baba Gidde,Atpadi,152,TADAWALE,0.4,8.58,0.11,0.65,163.07,12.93,134.4,11.86,0.30,0.90,8.74,18.90,2.60
639,,Mahadev Rangnath Gidde,Atpadi,374,TADAWALE,0.4,8.63,0.13,0.60,175.62,11.59,156.8,12.39,0.34,1.03,9.04,14.98,2.52
640,,Sambhaji Ranganath Gidde,Atpadi,374,TADAWALE,0.4,8.61,0.16,0.44,175.62,11.14,112.0,12.48,0.24,0.98,7.08,11.24,2.18
641,,Patang Tukaram Gidde,Atpadi,194,TADAWALE,0.4,8.70,0.15,0.36,150.53,14.71,112.0,11.86,0.28,1.16,8.96,11.60,2.68
642,,Sunita Patang Gidde,Atpadi,194,TADAWALE,0.4,8.51,0.11,0.60,175.62,21.40,123.2,11.60,0.36,1.07,9.70,17.58,2.52
643,,Damu Dhondiba Aiwale,Atpadi,209,TADAWALE,0.6,8.75,0.14,0.82,125.44,22.73,156.8,10.82,0.36,0.91,8.56,12.52,2.82
644,,Niranjan Damu Aiwale,Atpadi,209,TADAWALE,0.8,8.62,0.14,0.86,137.98,17.83,134.4,12.69,0.30,1.04,9.50,15.46,2.48
645,3323,Vishvtej Vijay Lavte,Atpadi,84,Umbargaon,0.20,8.53,0.13,0.33,213.25,21.40,112.00,10.47,0.72,1.07,11.64,13.06,3.90
646,3324,Aagatrav Baba Gadhave,Atpadi,160,Umbargaon,0.20,8.56,0.15,0.44,175.62,24.96,246.40,9.25,0.78,1.36,10.28,14.00,4.76
647,3325,Suvarna Laxman Shinde,Atpadi,33,Umbargaon,0.30,8.46,0.16,0.39,225.79,10.25,235.20,11.56,0.74,0.99,9.88,16.88,4.38
648,3326,Jalindar Ramling Gadhave,Atpadi,28,Umbargaon,0.20,8.54,0.15,0.51,275.97,15.16,224.00,12.91,0.84,1.01,9.26,16.50,4.50
649,3327,Sunil Hanmant Thombare,Atpadi,455,Umbargaon,0.20,8.51,0.16,0.43,476.67,23.18,179.20,13.30,0.90,1.21,9.02,18.62,4.40
650,3328,Hanmant Jagu Thombare,Atpadi,416,Umbargaon,0.20,8.26,0.15,0.36,188.16,28.97,112.00,12.52,0.86,1.04,6.50,18.26,3.86
651,3329,Bharat Manohar Thombare,Atpadi,416,Umbargaon,0.30,8.33,0.16,0.65,188.16,17.38,224.00,10.25,1.12,0.96,6.08,20.18,3.74
652,3330,Sangram Mohan Thombare,Atpadi,497,Umbargaon,0.20,8.40,0.17,0.71,125.44,10.25,190.40,10.51,0.70,1.10,9.02,17.98,4.16
653,3331,Vikas Janardhan Thombare,Atpadi,340,Umbargaon,0.20,8.24,0.16,0.60,175.62,14.26,201.60,11.43,0.66,1.02,9.08,18.20,3.88
654,3332,Sadashiv Nana Thombare,Atpadi,422,Umbargaon,0.20,8.41,0.14,0.35,238.34,17.83,212.80,8.07,0.48,1.14,10.82,10.66,4.22
655,3333,Ishvara Shripati Thombare,Atpadi,466,Umbargaon,0.20,8.28,0.16,0.28,188.16,12.93,224.00,9.16,1.04,1.13,5.82,18.36,3.32
656,3334,Suresh Laxman Thombare,Atpadi,338,Umbargaon,0.20,8.70,0.10,0.26,225.79,15.60,212.80,11.69,0.32,0.92,9.84,12.70,2.78
657,3335,Madhukar Laxman Thombare,Atpadi,447,Umbargaon,0.20,8.16,0.18,0.63,163.07,23.18,257.60,10.60,0.26,0.94,11.14,9.28,3.50
658,3336,Dattu Bhima Thombare,Atpadi,456,Umbargaon,0.30,8.40,0.14,0.74,175.62,20.50,336.00,9.51,1.36,1.05,6.00,11.22,2.76
659,3337,Bira Bhimrao Dadas,Atpadi,123,Umbargaon,0.20,8.55,0.12,0.79,213.25,32.99,201.60,8.46,0.16,1.12,9.06,7.94,3.22
660,3338,Shivaji Baburao Gadhave,Atpadi,520,Umbargaon,0.20,8.37,0.16,0.86,238.34,31.20,190.40,9.29,0.12,1.09,8.30,5.80,2.64
661,3339,Parmeshwar Rama Gadhave,Atpadi,15,Umbargaon,0.20,8.19,0.10,0.61,175.62,31.65,302.40,13.39,0.26,1.07,10.56,6.44,2.38
662,3340,Ashok Shankar Gadhave,Atpadi,316,Umbargaon,0.20,8.58,0.15,0.50,188.16,16.05,212.80,9.29,0.62,1.39,7.86,15.20,3.94
663,3341,Sadashiv Gangaram Gadhave,Atpadi,321,Umbargaon,0.20,8.67,0.11,0.57,175.62,25.41,179.20,7.72,0.20,1.31,8.12,9.90,2.84
664,3342,Rajaram Baba Gadhave,Atpadi,122,Umbargaon,0.20,8.28,0.13,0.36,213.25,20.06,291.20,8.24,0.42,1.01,8.88,11.98,3.66
665,3343,Ajinath Arjun Gadhave,Atpadi,520,Umbargaon,0.20,8.18,0.14,0.67,238.34,23.18,268.80,9.95,0.16,0.95,8.52,6.06,2.96
666,3344,Kondiba Jaganath Gadhave,Atpadi,320,Umbargaon,0.40,8.40,0.12,0.82,175.62,9.36,224.00,10.47,0.56,1.02,11.30,11.96,3.68
667,3345,Sanjay Nagnath Gadhave,Atpadi,440,Umbargaon,0.20,8.34,0.11,0.51,225.79,32.09,168.00,9.64,0.24,0.97,10.10,13.50,3.64
668,3346,Someshvar Bhau Gadhave,Atpadi,124/1,Umbargaon,0.20,8.45,0.13,0.67,263.42,27.19,201.60,11.43,0.22,1.24,7.98,12.68,3.26
669,3347,Suresh Bira Gadhave,Atpadi,161/1,Umbargaon,0.20,8.74,0.14,0.47,250.88,18.72,212.80,12.04,0.36,0.58,7.32,13.28,3.42
670,3348,Tai Hanumant Lavte,Atpadi,161/1,Umbargaon,0.20,8.16,0.27,0.61,275.97,12.04,324.80,10.34,0.70,0.62,4.06,10.52,3.70
671,3349,Uttam Ramling Gadhave,Atpadi,28,Umbargaon,0.20,8.28,0.11,0.78,213.25,15.60,179.20,9.42,0.24,0.70,7.58,7.02,3.12
672,3350,Amol Shankar Kuchekar,Atpadi,57,Umbargaon,0.20,8.15,0.11,0.85,250.88,23.18,280.00,8.38,0.12,0.83,6.20,2.92,2.66
673,3351,Ramchandra Maruti Gore,Atpadi,41,Umbargaon,0.20,8.60,0.18,1.01,275.97,28.97,201.60,10.25,0.26,1.08,5.76,12.26,3.34
674,3352,Kundlik Jagannath Gadhave,Atpadi,198,Umbargaon,0.20,8.70,0.20,0.49,150.53,30.76,291.20,7.98,0.26,0.86,6.38,10.08,2.46
675,3353,Nandkumar Maruti Kudale,Atpadi,198,Umbargaon,0.20,8.14,0.18,0.65,188.16,22.73,145.60,10.64,0.42,1.05,5.68,9.02,2.84
676,3354,Tulshiram Satyaba Dadas,Atpadi,118,Umbargaon,0.20,8.17,0.11,0.72,175.62,29.87,190.40,9.51,0.10,0.96,6.66,3.02,2.22
677,3355,Vilas Pandurang Mali,Atpadi,38,Umbargaon,0.20,8.19,0.12,0.81,213.25,30.76,212.80,10.29,0.14,0.78,7.22,4.70,2.66
678,3356,Sambhaji Aaba Phadtare,Atpadi,485,Umbargaon,0.30,8.30,0.15,0.71,150.53,17.83,179.20,11.04,0.24,1.09,7.68,3.02,3.34
679,3357,Madhukar Baba Jare,Atpadi,476,Umbargaon,0.40,8.49,0.12,0.60,175.62,15.60,291.20,11.73,0.26,0.91,8.60,5.60,2.46
680,3358,Rama Dhula Gadhave,Atpadi,216,Umbargaon,0.40,8.45,0.12,0.43,213.25,16.05,168.00,9.47,0.28,0.49,7.06,8.84,2.84
681,3359,Sindhu Mahadev Dadas,Atpadi,188,Umbargaon,0.20,8.41,0.13,0.92,112.90,24.07,280.00,10.12,0.76,0.67,5.56,6.10,2.22
682,3360,Navnath Tulshiram Mali,Atpadi,622,Umbargaon,0.40,8.70,0.16,0.74,175.62,13.37,179.20,12.26,0.80,0.81,4.78,11.28,2.66
683,3361,Mhankal Aaba Gadhave,Atpadi,112,Umbargaon,0.20,8.56,0.17,0.47,313.60,23.18,179.20,10.99,1.14,0.75,8.36,8.24,2.84
684,3362,Tanaji Bapu Shingare,Atpadi,366,Umbargaon,0.20,8.52,0.12,0.35,213.25,18.28,302.40,10.86,0.42,0.83,7.68,9.42,2.56
685,3363,Laxman Shahaji Bhosle,Atpadi,31,Umbargaon,0.20,8.32,0.11,0.50,250.88,14.26,190.40,10.03,0.28,0.95,7.62,4.66,2.74
686,3364,Nitin Dilip Phadtare,Atpadi,631,Umbargaon,0.20,8.71,0.12,0.67,213.25,10.70,168.00,11.30,0.26,1.04,6.74,3.82,4.08
687,3365,Gorakh Krushna Kuchekar,Atpadi,57,Umbargaon,0.20,8.34,0.16,0.75,125.44,9.36,156.80,12.00,0.32,0.80,6.80,9.30,4.12
688,3366,Haridas Santu Mali,Atpadi,655,Umbargaon,0.20,8.68,0.12,0.32,225.79,15.16,145.60,10.51,0.62,0.84,7.44,6.32,3.54
689,3367,Nandkumar Dnyanu Thombare,Atpadi,338,Umbargaon,0.20,8.31,0.16,0.40,250.88,19.61,145.60,10.16,0.24,0.90,4.68,3.28,3.52
690,3368,Prashant Sukhdev Shinde,Atpadi,51,Umbargaon,0.20,8.22,0.11,0.56,301.06,26.30,156.80,9.81,0.46,1.03,6.68,6.54,2.68
691,3369,Popat Baba Gadhave,Atpadi,122,Umbargaon,0.20,8.17,0.12,0.68,225.79,16.05,156.80,9.33,0.44,0.77,8.00,7.48,4.04
692,3370,Anjana Kundlik Gadhave,Atpadi,111,Umbargaon,0.20,8.10,0.12,0.49,213.25,11.14,134.40,11.86,0.28,0.85,6.44,8.84,2.96
693,3371,Malan Uttam Lavte,Atpadi,122,Umbargaon,0.20,8.19,0.13,0.38,250.88,19.61,156.80,9.95,0.34,0.91,9.78,6.96,2.76
694,3372,Bhamabai Navala Dadas,Atpadi,205,Umbargaon,0.20,8.30,0.21,0.51,275.97,24.07,145.60,9.55,0.12,0.72,6.84,6.36,3.00
695,3373,Bira Shamu Mane,Atpadi,428,Umbargaon,0.20,8.35,0.15,0.54,213.25,15.60,212.80,10.03,0.22,0.76,10.16,11.10,3.30
696,3374,Nana Khashaba Jare,Atpadi,71,Umbargaon,0.20,8.23,0.23,0.31,238.34,16.94,224.00,10.95,1.06,0.88,10.94,13.06,2.72
697,3375,JyotiRam Maruti Dadas,Atpadi,480,Umbargaon,0.20,8.22,0.11,0.40,213.25,24.96,190.40,13.52,0.46,0.97,9.88,13.74,2.76
698,3376,Narendr Nivrutti Gonjari,Atpadi,522,Umbargaon,0.20,8.37,0.19,0.61,150.53,13.82,212.80,9.03,2.02,1.02,12.56,6.94,2.86
699,3377,Gorakh Shrirang Ghode,Atpadi,531,Umbargaon,0.20,8.16,0.12,0.74,87.81,9.81,235.20,14.13,0.04,1.06,10.10,12.28,3.90
700,3378,Machindra Santu Shingare,Atpadi,385/1,Umbargaon,0.20,8.21,0.14,0.90,137.98,11.14,324.80,8.07,0.10,0.90,7.70,7.18,3.80
701,3379,Mallikarjun Narayan Dhole,Atpadi,10,Umbargaon,0.20,8.49,0.15,0.58,175.62,12.48,201.60,12.39,0.32,1.13,9.82,7.40,4.52
702,3380,Ishwar Dagadu Aivale,Atpadi,60,Umbargaon,0.20,8.38,0.11,0.85,175.62,16.49,257.60,10.34,0.06,0.85,10.78,6.58,3.18
703,3381,Sarjerao Gunda Padmalkar,Atpadi,667,Umbargaon,0.20,8.28,0.16,0.53,163.07,20.06,291.20,11.17,0.16,0.64,9.96,6.78,4.24
704,3382,Mahananda Ramling Gadhave,Atpadi,293,Umbargaon,0.20,8.51,0.12,0.39,175.62,19.17,235.20,9.42,0.22,0.80,7.86,8.46,3.22
705,3383,Aabaso Tukaram Padmakar,Atpadi,667,Umbargaon,0.20,8.68,0.11,0.33,163.07,28.53,268.80,12.78,0.30,1.04,10.56,7.98,3.96
706,3384,Pandurang Jagannath Mahadik,Atpadi,116,Umbargaon,0.20,8.16,0.14,0.61,150.53,29.87,302.40,9.81,0.28,0.83,10.28,9.42,3.30
707,3385,Hanumant Sambhaji Mane,Atpadi,509,Umbargaon,0.20,8.12,0.11,0.90,250.88,26.75,257.60,9.51,0.22,0.73,10.34,11.96,3.24
708,3386,Jalindar Santu Mali,Atpadi,405,Umbargaon,0.20,8.30,0.13,0.93,200.70,32.09,190.40,12.39,0.74,0.94,8.46,6.86,3.56
709,3387,Ashok Bira Dadas,Atpadi,501,Umbargaon,0.20,8.37,0.21,0.83,137.98,21.84,246.40,8.42,1.04,1.05,12.32,18.32,2.92
710,3388,Dharma Bira Gadhave,Atpadi,16,Umbargaon,0.20,8.19,0.17,0.72,225.79,31.65,336.00,7.46,0.96,1.00,10.32,9.50,3.68
711,3389,Atma Vishnu Shivaji Fadtare,Atpadi,631,Umbargaon,1.60,8.28,0.19,0.49,163.07,32.99,347.20,10.29,0.40,1.04,8.10,9.52,4.72
712,3390,Dagadu Sadashiv Phadtare,Atpadi,492,Umbargaon,0.40,8.55,0.12,0.38,163.07,15.60,235.20,11.65,0.48,0.83,4.46,11.16,3.40
713,3391,Santosh Bhimrao Phadtare,Atpadi,624,Umbargaon,0.40,8.37,0.15,0.64,200.70,21.40,257.60,12.74,1.16,0.92,9.98,9.68,3.96
714,3392,Dipak Dattatray Phadtare,Atpadi,61,Umbargaon,0.40,8.19,0.17,0.31,200.70,24.96,291.20,6.37,0.22,0.72,10.14,4.58,3.80
715,3393,Dipak Hanumant Shinde,Atpadi,34/1,Umbargaon,0.40,8.58,0.11,0.90,175.62,28.97,324.80,9.38,0.18,0.82,9.06,11.42,3.62
716,3394,Pankaj Laxman Shinde,Atpadi,34/2,Umbargaon,0.40,8.28,0.18,0.97,163.07,31.20,235.20,10.99,3.70,0.79,10.38,13.60,4.32
717,3395,Ravsaheb Maruti Gadhave,Atpadi,101,Umbargaon,0.40,8.53,0.14,0.85,225.79,23.18,257.60,12.69,0.30,0.67,6.80,10.16,3.80
718,3396,Nilesh Madhukar Patil,Atpadi,126/2,Umbargaon,0.40,8.46,0.16,0.72,163.07,20.06,134.40,10.60,0.84,1.00,10.84,6.66,2.52
719,3397,Santosh Guruling Gadhave,Atpadi,59,Umbargaon,0.40,8.54,0.26,1.01,175.62,13.82,280.00,9.64,0.14,1.10,11.04,11.94,4.74
720,3398,Yogesh Mallikarjun Gadhave,Atpadi,108,Umbargaon,0.40,8.26,0.11,1.07,175.62,21.40,201.60,9.55,0.32,0.96,12.18,12.06,3.74
721,3399,Nitin Parmeshvar Gadhave,Atpadi,68,Umbargaon,0.40,8.33,0.18,0.49,225.79,20.95,291.20,10.47,0.42,0.87,9.08,10.22,3.76
722,3400,Nanadkumar Mohan Dadas,Atpadi,154,Umbargaon,154.00,8.24,0.18,0.61,175.62,25.85,145.60,11.47,0.26,0.79,8.12,15.22,2.84
723,3401,Shamrao Dnyanu Dadas,Atpadi,96,Umbargaon,0.40,8.41,0.20,0.76,175.62,18.72,212.80,9.51,0.52,0.84,9.40,11.68,3.78
724,3402,Amar Mohan Dadas,Atpadi,197,Umbargaon,0.40,8.28,0.12,0.60,225.79,16.05,179.20,11.04,0.66,0.92,11.56,8.18,3.24
725,3403,Babalu Kundlik Gadhave,Atpadi,111,Umbargaon,0.40,8.40,0.13,0.89,163.07,11.14,291.20,8.38,0.20,0.89,11.68,12.58,3.26
726,3404,Babaso Tanaji Shingare,Atpadi,65,Umbargaon,0.40,8.19,0.17,0.57,225.79,17.38,190.40,10.25,0.54,0.76,8.40,18.48,3.76
727,3405,Subhash Shankar Gadhave,Atpadi,122,Umbargaon,0.60,8.37,0.16,0.94,163.07,20.95,257.60,12.34,1.46,0.60,9.56,19.28,3.80
728,3406,Daji Appa Thombare,Atpadi,339,Umbargaon,0.60,8.18,0.17,0.54,200.70,18.72,212.80,9.68,0.44,0.75,10.16,13.96,4.62
729,3407,Pandurang Ramhari Patil,Atpadi,684,Umbargaon,0.40,8.74,0.11,0.42,150.53,27.19,179.20,8.55,0.22,0.55,6.28,11.26,3.96
730,3408,Vijay Gorakh Lavte,Atpadi,14,Umbargaon,0.40,8.16,0.15,0.38,188.16,29.42,257.60,9.29,0.18,0.88,13.24,20.86,4.36
731,3409,Sunil Raghunath Gadhave,Atpadi,45,Umbargaon,0.40,8.28,0.13,0.49,200.70,31.20,291.20,11.04,0.94,0.65,11.36,12.48,3.36
732,3410,Ramesh Bira Dadas,Atpadi,127,Umbargaon,0.40,8.15,0.12,0.72,213.25,32.54,246.40,13.26,0.30,0.69,11.56,17.08,3.88
733,3411,manik Shankar Gadhave,Atpadi,122,Umbargaon,0.40,8.70,0.13,0.71,150.53,32.99,257.60,10.34,0.34,0.83,11.98,12.56,3.30
734,3412,Balu Maruti Gadhave,Atpadi,321,Umbargaon,0.40,8.19,0.27,0.86,200.70,28.53,190.40,11.04,0.22,1.01,13.64,15.22,2.60
735,3413,Mohan Dattatray Jadhav,Atpadi,44,Umbargaon,0.40,8.32,0.16,0.60,213.25,16.05,168.00,10.51,0.54,1.04,10.58,19.06,2.64
736,3414,Vitthal Ramchandra Pusavale,Atpadi,1077,Dighanchi,2.00,8.38,0.15,0.26,75.26,11.14,246.40,12.87,0.20,1.43,2.42,9.10,0.80
737,3415,Sandipan Vishnu Devkule,Atpadi,64,Sherewadi,0.50,8.47,0.10,0.60,213.25,16.94,112.00,12.52,0.48,0.61,12.32,11.40,4.88
738,3416,Sukhdev Pandurang Bandgar,Atpadi,538,Sherewadi,0.40,8.39,0.14,0.46,275.97,9.81,179.20,11.73,0.36,0.55,9.52,4.94,3.30
739,3417,Jaivant Dnyanu Borade,Atpadi,36,Sherewadi,0.50,8.12,0.32,0.54,263.42,11.14,201.60,12.13,0.48,0.68,9.66,9.48,2.56
740,3418,Ramchandra Vasant Sutar,Atpadi,79,Sherewadi,0.40,8.13,0.23,0.58,188.16,9.36,257.60,12.04,0.44,0.72,12.34,8.02,2.40
741,3419,Bayadabai Jalindar Irkar,Atpadi,117,Sherewadi,0.70,8.21,0.13,0.60,225.79,19.61,313.60,19.41,0.42,0.67,10.20,8.90,3.08
742,3420,Dattu Kalappa Baad,Atpadi,31,Sherewadi,0.30,8.29,0.19,0.88,175.62,28.08,694.40,19.76,1.66,0.80,7.74,14.96,4.94
743,3421,Krushna Shripati Baad,Atpadi,27,Sherewadi,0.45,8.38,0.18,0.61,238.34,29.42,268.80,9.64,1.10,0.68,6.44,9.20,1.26
744,3422,Shalan Nandkumar Baad,Atpadi,25,Sherewadi,0.70,8.39,0.15,0.58,225.79,13.37,358.40,12.91,0.44,0.61,9.78,10.06,2.78
745,3423,Laxman Kashinath Baad,Atpadi,12,Sherewadi,0.35,8.37,0.15,0.72,275.97,13.37,425.60,10.91,0.44,0.67,12.00,8.28,2.90
746,3424,Dilip Gopinath Kadam,Atpadi,29,Sherewadi,0.50,8.34,0.17,0.74,175.62,25.85,224.00,11.12,0.36,0.65,9.72,9.38,2.52
747,3425,Sunil Maruti Kadam,Atpadi,40,Sherewadi,0.70,8.46,0.11,0.50,188.16,14.71,313.60,19.93,0.26,0.60,9.52,8.46,2.78
748,3426,Mahesh Chandrakant Kadam,Atpadi,24,Sherewadi,0.60,8.51,0.12,0.32,225.79,18.72,156.80,11.25,0.32,0.69,8.50,6.00,2.78
749,3427,Pandurang Baba Bandgar,Atpadi,42,Sherewadi,0.50,8.40,0.11,0.42,188.16,11.14,280.00,11.43,0.30,0.89,9.44,4.24,3.74
750,3428,Harshal Sukhdev Bandgar,Atpadi,108,Sherewadi,0.40,8.39,0.18,0.46,163.07,8.92,100.80,1.13,0.48,0.69,5.80,4.68,2.72
751,3429,Sonaji Baba Bandgar,Atpadi,41,Sherewadi,0.60,8.40,0.16,0.76,225.79,14.71,313.60,15.09,0.54,0.65,8.24,6.66,3.18
752,3430,Dnyaneshwar Ramchandra Patil,Atpadi,58,Sherewadi,0.50,8.55,0.11,0.64,225.79,6.24,324.80,9.86,0.20,0.60,10.42,2.80,2.40
753,3431,Gorakh Namdev Patil,Atpadi,78,Sherewadi,0.60,8.53,0.12,0.65,188.16,9.36,280.00,10.56,0.28,0.55,12.68,7.36,3.12
754,3432,Shilavati Kalidas Patil,Atpadi,2,Sherewadi,0.40,8.57,0.11,0.69,175.62,12.48,347.20,10.86,0.28,0.78,11.42,7.00,2.82
755,3433,Dhanaji Laxman Patil,Atpadi,61,Sherewadi,0.70,8.60,0.13,0.65,213.25,9.81,313.60,11.43,0.26,0.72,11.90,6.08,2.34
756,3434,Vijay Narayan Patil,Atpadi,78,Sherewadi,0.60,8.49,0.10,0.58,175.62,12.04,280.00,12.61,0.24,0.74,10.40,7.72,2.30
757,3435,Sanjay Suryaba Bandgar,Atpadi,12,Sherewadi,0.50,8.60,0.11,0.54,225.79,13.37,257.60,12.08,0.24,0.58,11.22,4.80,2.02
758,3436,Daiva Mahadev Kalel,Atpadi,23,Sherewadi,0.70,8.51,0.10,0.65,188.16,10.25,212.80,19.80,0.28,0.53,7.92,8.12,3.58
759,3437,Dhanaji Mahadev Kalel,Atpadi,20,Sherewadi,0.50,8.48,0.13,0.54,250.88,13.37,179.20,9.99,0.28,0.65,7.66,1.90,2.78
760,3438,Bhamabai Hanmant Kalel,Atpadi,22,Sherewadi,0.60,8.53,0.11,0.54,313.60,14.26,224.00,12.39,0.34,0.70,11.32,7.48,1.84
761,3439,Ramchandra Dhondiram Kupekar,Atpadi,89,Sherewadi,0.60,8.45,0.10,0.29,213.25,16.05,268.80,11.38,0.26,0.71,8.98,5.52,2.00
762,3440,Jagannath Manik Borade,Atpadi,543,Sherewadi,0.40,8.50,0.10,0.35,213.25,11.14,425.60,12.00,0.50,0.57,8.78,7.10,2.34
763,3441,Jagubai Mahadev Bandgar,Atpadi,528,Sherewadi,0.50,8.46,0.10,0.42,213.25,9.36,280.00,10.56,0.52,0.59,9.22,9.56,2.54
764,3442,Sundrabai Bhimrav Honmane,Atpadi,523,Sherewadi,0.32,8.37,0.26,0.21,175.62,18.72,89.60,10.16,0.30,0.56,6.26,8.16,1.12
765,3443,Jagannath Sadashiv Irkar,Atpadi,519,Sherewadi,0.40,8.40,0.31,0.14,238.34,20.06,156.80,11.30,0.34,0.74,6.76,10.74,1.22
766,3444,Suvarna Jagannath Irkar,Atpadi,107,Sherewadi,0.40,8.34,0.29,0.18,213.25,18.72,235.20,12.13,0.30,0.59,6.72,10.62,1.64
767,3445,Shrimant Dada Irkar,Atpadi,109/1,Sherewadi,0.50,8.54,0.12,0.40,225.79,14.26,257.60,12.26,0.48,0.55,11.26,12.02,2.26
768,3446,Ratan Mahadev Bidgar,Atpadi,109,Sherewadi,0.40,8.55,0.16,0.26,225.79,12.93,224.00,13.57,0.86,0.52,5.22,5.74,2.44
769,3447,Rajendra Dada Irkar,Atpadi,81,Sherewadi,0.40,8.42,0.24,0.25,225.79,23.18,100.80,15.14,0.58,0.61,6.34,9.60,3.56
770,3448,Tanaji Dnyanu Irkar,Atpadi,114,Sherewadi,0.50,8.48,0.10,0.32,225.79,14.71,168.00,15.35,0.20,0.52,11.82,7.34,3.86
771,3449,Laxmi Dinkar Borade,Atpadi,517,Sherewadi,0.30,8.50,0.15,0.38,238.34,18.28,212.80,15.92,0.62,0.66,7.10,9.02,1.92
772,3450,Ganesh Dinkar Borade,Atpadi,517,Sherewadi,0.40,8.29,0.18,0.49,263.42,11.14,179.20,7.28,0.86,0.60,6.74,8.98,2.38
773,3451,Sunil Bapu Irkar,Atpadi,134,Sherewadi,0.50,8.44,0.13,0.61,200.70,9.36,347.20,6.32,0.46,0.82,11.20,4.46,2.38
774,3452,Raviraj Dinkar Borade,Atpadi,73,Sherewadi,0.40,8.37,0.10,0.40,288.51,19.17,392.00,3.88,0.44,0.58,7.86,8.88,1.76
775,3453,Prashant Digambar Borade,Atpadi,5,Sherewadi,0.40,8.45,0.11,0.42,225.79,12.93,313.60,3.66,0.28,0.73,11.60,7.60,1.36
776,3454,Suresh Digambar Borade,Atpadi,4,Sherewadi,0.50,8.51,0.10,0.53,288.51,17.38,235.20,5.28,0.30,0.65,10.00,6.12,1.34
777,3455,Dilip Mahadev Borade,Atpadi,4,Sherewadi,0.28,8.54,0.12,0.25,263.42,13.37,358.40,3.27,0.32,0.60,10.90,5.60,1.56
778,3456,Abaso Nagnath Borade,Atpadi,57,Sherewadi,0.30,8.41,0.20,0.31,250.88,21.40,280.00,3.40,0.48,0.67,7.52,5.44,1.72
779,3457,Suraj Anil Borade,Atpadi,57,Sherewadi,0.40,8.55,0.11,0.17,238.34,12.48,302.40,7.98,0.28,0.74,10.52,3.56,1.88
780,3458,Avinash Digambar Borade,Atpadi,44,Sherewadi,0.50,8.57,0.10,0.35,288.51,9.81,302.40,8.51,0.26,0.78,11.44,4.56,1.88
781,3459,Bharat Shankar Borade,Atpadi,31,Sherewadi,0.40,8.41,0.19,0.72,250.88,12.04,324.80,9.16,0.12,0.82,11.28,6.70,1.96
782,3460,Vishal Bhausaheb Patil,Atpadi,78,Sherewadi,0.50,8.47,0.10,0.35,225.79,13.37,414.40,10.25,0.26,0.57,7.68,3.54,1.58
783,3461,Bayaji Mhaku Irkar,Atpadi,109,Sherewadi,0.50,8.41,0.19,0.33,225.79,10.25,246.40,9.29,0.28,0.64,11.08,2.54,2.14
784,3462,Arjun Narayan Pujari,Atpadi,77,Sherewadi,0.40,8.50,0.11,0.33,263.42,11.14,235.20,12.08,0.74,0.71,9.30,4.96,1.68
785,3463,Sagar Arun Borade,Atpadi,111,Sherewadi,0.70,8.40,0.16,0.51,188.16,9.36,179.20,12.91,0.38,0.93,7.04,5.74,1.52
786,3464,Atma Laxman Bhimrav Devkule,Atpadi,82,Sherewadi,1.20,8.39,0.21,0.46,238.34,9.81,268.80,13.30,0.66,0.86,12.02,7.68,1.98
787,3465,Santosh Ananda Irkar,Atpadi,65,Sherewadi,0.50,8.41,0.20,0.36,238.34,14.71,358.40,14.48,0.52,0.68,10.32,6.56,1.46
788,3466,Chandrakant Mahadev Borade,Atpadi,109,Sherewadi,1.00,8.46,0.20,0.38,250.88,18.72,324.80,15.14,0.56,0.92,9.06,4.44,1.42
789,3467,Pandharinath Mhaku Irkar,Atpadi,108,Sherewadi,0.40,8.41,0.15,0.32,200.70,12.93,179.20,12.56,0.56,0.82,10.44,5.44,1.44
790,3468,Atma Satish Mahadev Borade,Atpadi,1074,Sherewadi,0.92,8.44,0.12,0.15,200.70,12.48,246.40,12.69,0.42,0.86,7.62,6.24,1.66
791,3469,Yogita Chandrakant Borade,Atpadi,537,Sherewadi,0.40,8.41,0.20,0.40,288.51,10.25,347.20,10.99,0.76,0.78,12.12,8.38,1.64
792,3470,Lilavati Dilip Borade,Atpadi,537,Sherewadi,0.80,8.51,0.10,0.33,250.88,9.81,392.00,9.60,0.38,0.70,9.34,4.24,1.88
793,3471,Akshay Arun Borade,Atpadi,516,Sherewadi,0.23,8.41,0.11,0.42,238.34,11.14,459.20,10.60,0.32,0.84,10.68,4.50,1.44
794,3472,Arun Mahadev Borade,Atpadi,601,Sherewadi,0.20,8.49,0.12,0.17,301.06,14.26,313.60,12.65,0.44,0.92,11.56,6.30,1.40
795,3473,Paputai Arun Borade,Atpadi,537/2,Sherewadi,0.40,8.54,0.10,0.25,275.97,14.71,369.60,13.87,0.60,0.73,11.80,3.34,0.30
796,3474,Ramchandra Shankar Chopade,Atpadi,533,Sherewadi,1.00,8.48,0.16,0.31,263.42,9.36,403.20,14.09,0.44,0.81,12.38,3.20,0.34
797,3475,Yesabai Bhanudas Kupekar,Atpadi,112,Sherewadi,0.80,8.51,0.10,0.25,263.42,11.59,280.00,15.01,0.20,0.88,9.72,2.94,0.38
798,3476,Vitthal Mahadev Bidgar,Atpadi,109,Sherewadi,0.80,8.40,0.11,0.19,188.16,21.40,201.60,9.29,0.26,0.80,11.28,2.24,0.36
799,3477,Fulabai Tukaram Sargar,Atpadi,67,Sherewadi,0.80,8.49,0.10,0.29,150.53,11.59,257.60,10.82,0.34,0.92,11.48,2.66,0.38
800,3478,Gopinath Dhondiba Lavte,Atpadi,67,Sherewadi,0.40,8.57,0.11,0.18,150.53,9.81,291.20,8.51,0.36,0.72,9.44,3.52,0.28
801,3479,Vasant Dhondiba Lavte,Atpadi,67,Sherewadi,0.40,8.51,0.12,0.24,163.07,15.16,324.80,6.32,0.36,1.06,9.66,3.26,0.40
802,3480,Popat Bhanudas Kupekar,Atpadi,62,Sherewadi,0.35,8.52,0.10,0.33,137.98,13.82,201.60,7.37,0.32,0.94,10.12,3.98,0.32
803,3481,Chandan Sambhaji Khandare,Atpadi,61,Sherewadi,0.40,8.31,0.19,0.26,100.35,17.38,302.40,12.43,0.28,0.79,9.36,4.10,0.30
804,3482,Pushpa Ramesh Chavan,Atpadi,5,Sherewadi,0.55,8.29,0.25,0.25,163.07,12.04,257.60,14.66,0.36,0.89,5.86,3.40,0.24
805,3483,Balaso Baba Sargar,Atpadi,56,Sherewadi,0.30,8.49,0.10,0.22,62.72,9.36,224.00,11.65,0.26,0.83,5.94,0.94,0.28
806,3484,Champabai Babaji Sargar,Atpadi,56,Sherewadi,0.30,8.51,0.11,0.25,188.16,8.02,246.40,10.60,0.32,0.91,10.78,3.00,0.38
807,3485,Abasaheb Shamrav Lavte,Atpadi,31,Sherewadi,0.90,8.40,0.12,0.31,87.81,14.26,201.60,12.74,0.38,0.69,9.40,11.58,0.36
808,3486,Dadaso Baba Sargar,Atpadi,47,Sherewadi,0.25,8.49,0.10,0.28,125.44,13.37,235.20,11.52,0.36,0.81,10.64,9.22,0.36
809,3487,Vaibhav Babasaheb Borade,Atpadi,34,Sherewadi,0.42,8.51,0.11,0.42,163.07,12.04,268.80,11.12,0.30,0.75,12.44,5.26,0.38
810,3488,Subhash Nivrutti Borade,Atpadi,36,Sherewadi,0.45,8.52,0.11,0.33,150.53,8.02,336.00,10.12,0.32,0.64,9.54,2.50,0.34
811,3489,Machindra Nivrutti Borade,Atpadi,54,Sherewadi,0.50,8.51,0.10,0.39,175.62,9.36,190.40,10.64,0.44,0.74,9.92,2.72,0.34
812,3490,Gajendra Bhagvan Irkar,Atpadi,64,Sherewadi,0.60,8.46,0.12,0.36,150.53,14.26,257.60,14.18,0.30,0.85,11.18,4.40,0.26
813,3491,Mahadev Keru Kalel,Atpadi,22,Sherewadi,0.60,8.50,0.12,0.46,112.90,16.05,235.20,15.31,0.68,0.91,9.08,4.50,0.36
814,3492,Murlidhar Mahadev Kalel,Atpadi,20,Sherewadi,1.00,8.47,0.11,0.44,188.16,16.94,358.40,13.87,0.34,0.81,9.30,4.96,0.40
815,3493,Prakash Nanaso Borade,Atpadi,32,Sherewadi,0.80,8.41,0.10,0.33,112.90,20.06,280.00,12.04,0.26,0.77,8.32,3.04,0.40
816,3494,Madhuri Prakash Borade,Atpadi,32,Sherewadi,0.60,8.46,0.12,0.35,112.90,12.48,179.20,10.47,0.26,0.90,8.52,4.46,0.42
817,3495,Atma Sonali Sudhir Borade,Atpadi,32,Sherewadi,0.80,8.42,0.13,0.35,150.53,12.04,369.60,12.34,0.34,0.74,8.06,6.44,0.30
818,3496,Sukhdev Mahadev Kalel,Atpadi,23,Sherewadi,1.00,8.55,0.10,0.25,100.35,10.25,425.60,8.46,0.28,1.07,10.58,8.16,0.28
819,3497,Shashikant Shivaji Hegade,Atpadi,61,Sherewadi,0.35,8.34,0.19,0.43,163.07,13.82,336.00,8.81,0.30,0.94,10.00,8.44,0.30
820,3498,Kamal Shivaji Hegade,Atpadi,17,Sherewadi,0.40,8.37,0.13,0.31,175.62,18.72,291.20,7.33,0.30,1.16,9.74,2.90,0.28
821,3499,LakshmiKant Shivaji Hegade,Atpadi,17,Sherewadi,0.40,8.50,0.10,0.25,112.90,13.82,224.00,15.79,0.24,0.65,10.76,3.98,0.32
822,3500,Krushna Shivaji Hegade,Atpadi,19,Sherewadi,0.40,8.29,0.20,0.28,125.44,12.04,168.00,5.89,0.24,0.68,11.08,2.56,0.24
823,3501,Sunanda Subhash Gujale,Atpadi,81,Sherewadi,0.40,8.51,0.14,0.31,200.70,9.36,212.80,8.68,0.16,0.86,12.18,3.84,0.36
824,3502,Anna Shankar kupekar,Atpadi,67,Sherewadi,0.76,8.56,0.10,0.25,125.44,9.81,190.40,12.43,0.24,0.82,12.14,4.46,0.38
825,3503,Shalan Shankar Kupekar,Atpadi,67,Sherewadi,0.40,8.41,0.21,0.43,112.90,19.17,369.60,15.75,0.24,0.91,6.16,8.40,0.38
826,3504,Shankar Maruti Kupekar,Atpadi,67,Sherewadi,0.76,8.51,0.16,0.33,175.62,13.37,280.00,9.29,0.38,0.79,8.50,7.50,0.34
827,3505,Prithiviraj Balaso Deshmukh,Atpadi,12,Sherewadi,0.99,8.46,0.11,0.40,188.16,12.48,403.20,12.96,0.60,1.00,10.30,7.00,0.34
828,3506,Kishori Balaso Deshmukh,Atpadi,13,Sherewadi,1.40,8.52,0.13,0.31,163.07,10.70,336.00,10.86,0.36,1.09,13.48,6.88,0.30
829,3507,Kailas Atmaram Javir,Atpadi,1799,Pimpari Bk.,1.18,8.61,0.18,0.44,225.79,11.14,89.60,4.32,0.64,0.66,7.26,9.48,3.36
830,3508,Appa Babu Jadhav,Atpadi,993,Pimpari Bk.,1.02,8.51,0.08,0.65,238.34,7.13,123.20,3.97,0.38,0.57,7.74,8.28,3.46
831,3509,Ramchandra Bali Pawar,Atpadi,1005,Pimpari Bk.,1.45,8.18,0.47,0.46,263.42,16.05,100.80,6.41,0.40,0.59,5.56,7.86,2.56
832,3510,Namdeo Pandurang Vagavkar,Atpadi,699,Pimpari Bk.,1.02,8.28,0.24,0.54,200.70,13.37,112.00,15.96,0.54,0.59,5.88,7.10,3.30
833,3511,Uday Nagesh Deshpande,Atpadi,28,Pimpari Bk.,0.68,8.25,0.41,0.51,288.51,10.70,123.20,6.67,0.48,0.62,3.84,8.34,2.82
834,3512,Santosh Rajaram Pawar,Atpadi,918,Pimpari Bk.,0.80,8.40,0.48,0.64,225.79,12.48,403.20,10.16,0.62,0.72,4.18,16.30,1.92
835,3513,Ambadas Natha Surywanshi,Atpadi,1780,Pimpari Bk.,0.33,8.45,0.47,0.51,288.51,5.35,302.40,7.07,0.50,0.65,3.34,16.02,1.30
836,3514,Prakash Kashinath Pawar,Atpadi,1481,Pimpari Bk.,0.71,8.42,0.44,0.81,263.42,22.73,112.00,6.76,0.46,0.66,3.16,15.78,2.16
837,3515,Adinath Pandurang Javir,Atpadi,1780,Pimpari Bk.,0.40,8.33,0.45,0.92,250.88,29.87,302.40,8.42,1.48,0.55,3.40,12.00,4.16
838,3516,Bharat Shankar Dikshit,Atpadi,1115,Pimpari Bk.,1.25,8.38,0.44,0.74,238.34,11.59,358.40,6.46,1.84,0.58,3.54,17.16,4.96
839,3517,Anuradha Amaranath Deshpande,Atpadi,28,Pimpari Bk.,2.05,8.32,0.44,0.82,288.51,26.75,380.80,10.21,1.86,0.67,4.32,12.98,4.44
840,3518,Dagdu Akaram Gorad,Atpadi,1284,Pimpari Bk.,1.00,8.24,0.57,0.94,250.88,29.42,672.00,11.52,1.24,0.63,2.80,19.96,2.02
841,3519,Ramchandra Jyoti Disle,Atpadi,53,Pimpari Bk.,0.78,8.19,0.37,0.57,225.79,12.04,358.40,10.64,0.46,0.59,3.06,13.50,1.76
842,3520,Akaram Baba Gorad,Atpadi,1275,Pimpari Bk.,2.67,8.27,0.45,0.68,225.79,16.05,313.60,20.63,0.56,0.68,2.74,17.18,2.64
843,3521,Rajaram Mahakal Kale,Atpadi,1029,Pimpari Bk.,0.67,8.60,0.21,0.75,263.42,30.76,392.00,9.47,2.92,0.77,3.84,13.12,6.64
844,3522,Bhau Sakharam Dombale,Atpadi,298,Pimpari Bk.,0.35,8.30,0.14,0.63,188.16,26.75,302.40,16.75,1.30,0.60,3.06,11.32,3.86
845,3523,Popat Bayaji Pawar,Atpadi,1007,Pimpari Bk.,1.55,8.40,0.29,0.57,238.34,18.72,336.00,5.98,0.56,0.82,4.20,18.82,1.66
846,3524,Bapu Sakharam Dombale,Atpadi,298,Pimpari Bk.,0.32,8.39,0.44,0.56,238.34,11.59,358.40,6.80,0.52,0.85,4.40,16.06,2.22
847,3525,Ramesh Kidan Pawar,Atpadi,1024/1,Pimpari Bk.,1.14,8.29,0.42,0.72,250.88,24.52,324.80,6.06,1.88,0.67,4.32,13.80,3.88
848,3526,Dilip Parshuram Jadhav,Atpadi,52,Pimpari Bk.,1.85,8.11,0.44,0.71,200.70,14.26,268.80,8.77,0.22,0.97,5.20,9.32,2.26
849,3527,Vilas Shankar Disle,Atpadi,54,Pimpari Bk.,2.25,8.20,0.11,0.51,200.70,8.47,201.60,6.76,0.32,0.74,6.06,21.42,1.74
850,3528,Shivaji Dhondiram Pawar,Atpadi,1254,Pimpari Bk.,0.76,8.25,0.11,0.63,288.51,8.02,257.60,11.21,0.32,0.72,4.38,16.84,1.40
851,3529,Raghunath Nana Pawar,Atpadi,82,Pimpari Bk.,1.82,8.20,0.13,0.64,250.88,6.69,347.20,10.03,0.50,0.57,4.26,17.48,1.66
852,3530,Nagesh Kundlik Tarse,Atpadi,1232,Pimpari Bk.,0.41,8.44,0.14,0.86,238.34,11.59,470.40,11.43,1.50,0.55,5.00,15.76,3.82
853,3531,Jalinder Pandurang Pawar,Atpadi,1078,Pimpari Bk.,0.86,8.38,0.05,0.65,301.06,11.59,100.80,7.81,0.34,0.64,6.32,19.72,2.64
854,3532,Pratap Bajarang Shinde,Atpadi,1277,Pimpari Bk.,0.86,8.37,0.12,0.54,275.97,15.60,313.60,8.51,1.04,0.67,4.20,16.62,2.10
855,3533,Rajendra Pandurang Pawar,Atpadi,1071,Pimpari Bk.,1.17,8.67,0.15,0.61,263.42,13.37,336.00,10.86,1.82,0.91,3.56,18.66,3.76
856,3534,Ujwala Dilip Shinde,Atpadi,1277,Pimpari Bk.,0.86,8.40,0.18,0.51,263.42,10.70,179.20,10.56,0.30,0.96,4.84,17.44,1.44
857,3535,Dilip Bajarang Shinde,Atpadi,1277,Pimpari Bk.,0.86,8.63,0.14,0.56,150.53,12.48,112.00,9.16,0.24,0.84,5.22,14.48,2.78
858,3536,Kiran Tatoba Tarse,Atpadi,1524,Pimpari Bk.,0.42,8.53,0.12,0.64,213.25,6.69,235.20,4.89,0.22,0.66,3.84,25.14,2.00
859,3537,Amol Tatoba Tarse,Atpadi,1254,Pimpari Bk.,0.42,8.63,0.12,0.75,125.44,11.59,224.00,11.69,1.38,0.82,3.68,16.56,4.12
860,3538,Balaso Shankar Lohar,Atpadi,778,Pimpari Bk.,1.13,8.40,0.15,0.69,225.79,24.96,392.00,12.30,0.38,0.96,3.44,19.64,1.54
861,3539,Tatoba Krushna Tarse,Atpadi,1233,Pimpari Bk.,3.01,8.44,0.16,0.54,213.25,28.97,313.60,12.78,0.40,0.94,4.56,19.80,1.52
862,3540,Dattatray Eknath Jadhav,Atpadi,1302,Pimpari Bk.,1.09,8.45,0.17,0.82,188.16,12.04,313.60,8.68,2.12,0.67,4.32,18.08,4.40
863,3541,Salim Dastgir Mulani,Atpadi,1012,Pimpari Bk.,2.51,8.30,0.18,0.65,150.53,14.26,347.20,10.25,0.62,0.71,4.14,14.76,1.80
864,3542,Mahadev Vishvanath Jadhav,Atpadi,1061,Pimpari Bk.,1.48,8.67,0.12,0.39,137.98,13.37,268.80,8.38,0.22,0.70,4.02,10.64,1.04
865,3543,Manvar Hasan Shekh,Atpadi,1012,Pimpari Bk.,2.51,8.54,0.16,0.58,200.70,11.14,235.20,9.38,0.50,0.82,5.68,16.32,1.94
866,3544,Kashim Dadubhai Shekh,Atpadi,1011,Pimpari Bk.,1.15,8.50,0.07,0.44,200.70,24.07,179.20,10.34,0.32,0.59,6.44,17.04,2.54
867,3545,????? Ganpat Pawar,Atpadi,1309,Pimpari Bk.,0.43,8.40,0.07,0.96,137.98,14.26,246.40,10.91,1.82,0.78,6.24,20.90,4.92
868,3546,Shanur Dastgir Shekh,Atpadi,1012,Pimpari Bk.,2.51,8.42,0.11,0.68,200.70,14.71,336.00,13.65,0.48,0.85,3.94,18.70,1.72
869,3547,Ganpat Shrirang Pawar,Atpadi,1306,Pimpari Bk.,0.47,8.55,0.10,0.38,137.98,15.60,246.40,16.88,0.28,0.77,3.36,19.92,1.16
870,3548,Rajjak Paigmbar Mullani,Atpadi,1796,Pimpari Bk.,0.44,8.43,0.14,0.63,150.53,13.37,156.80,9.07,0.24,0.89,8.20,25.66,2.78
871,3549,Chandrakant Vithoba Javir,Atpadi,1796,Pimpari Bk.,0.44,8.73,0.09,0.46,213.25,18.28,33.60,10.21,0.40,0.74,4.64,15.96,1.48
872,3550,Navin Vinayak Kadam,Atpadi,750,Pimpari Bk.,0.60,8.53,0.09,0.81,188.16,12.93,448.00,12.48,2.56,0.70,5.00,19.12,4.06
873,3551,Kashinath Vaghu Tarse,Atpadi,1629,Pimpari Bk.,0.39,8.50,0.18,0.54,188.16,12.04,134.40,8.46,0.60,0.80,7.90,20.98,2.82
874,3552,Pravin Vinayak Kadam,Atpadi,272,Pimpari Bk.,2.95,8.61,0.21,0.57,137.98,23.18,112.00,10.60,0.44,0.85,7.50,18.72,2.58
875,3553,Santosh Pandurang Pawar,Atpadi,1296,Pimpari Bk.,0.51,8.84,0.20,0.44,163.07,17.38,313.60,13.48,1.58,0.73,9.48,15.00,3.32
876,3554,Surekha Dhanaji Chavan,Atpadi,477,Pimpari Bk.,0.31,8.93,0.13,0.51,200.70,11.14,100.80,13.61,0.46,0.82,7.10,18.94,3.08
877,3555,Bharat Sopan Aivale,Atpadi,84,Pimpari Bk.,5.38,8.42,0.04,0.46,188.16,16.49,190.40,9.33,0.46,1.06,11.46,20.14,2.92
878,3556,Jafar Dastgir Mulani,Atpadi,1056,Pimpari Bk.,0.94,8.20,0.15,0.40,150.53,12.48,235.20,11.21,2.74,1.03,7.22,18.70,5.20
879,3557,Dadaso Baburao Pawar,Atpadi,1532,Pimpari Bk.,1.00,8.14,0.17,0.38,213.25,26.30,179.20,10.51,0.40,0.87,6.10,14.70,1.64
880,3558,Himmatrav Hariba Magar,Atpadi,1255,Pimpari Bk.,1.32,8.53,0.12,0.50,200.70,12.04,324.80,10.03,0.48,0.83,7.24,4.00,2.42
881,3559,Bhamavati Manohar Savant,Atpadi,1232,Pimpari Bk.,0.41,8.62,0.14,0.51,125.44,14.26,257.60,12.91,1.82,1.06,9.64,2.66,3.20
882,3560,Kisan Tayappa Mane,Atpadi,477,Pimpari Bk.,0.87,8.52,0.13,0.67,150.53,25.85,347.20,10.91,0.28,0.99,6.36,11.10,1.32
883,3561,Bramhdev Ramchandra Pawar,Atpadi,1159-3,Pimpari Bk.,0.82,8.50,0.14,0.64,163.07,19.61,201.60,11.86,2.32,0.91,8.76,12.60,3.84
884,3562,Matabai Appa Tarse,Atpadi,1232,Pimpari Bk.,0.41,8.44,0.19,0.46,200.70,16.49,358.40,9.60,0.50,0.83,7.54,16.78,1.88
885,3563,Rajualli Alluddin Mulani,Atpadi,119,Pimpari Bk.,0.12,8.39,0.07,0.68,200.70,20.06,302.40,9.47,0.56,0.69,7.34,15.70,1.90
886,3564,Kisan Uttam Tarse,Atpadi,1487,Pimpari Bk.,0.25,8.52,0.13,0.67,213.25,14.71,156.80,11.78,1.44,0.81,7.10,17.46,3.60
887,3565,Uttam Balu Tarse,Atpadi,48,Pimpari Bk.,0.77,8.64,0.15,0.57,150.53,12.93,257.60,10.12,3.58,0.90,8.92,8.20,6.22
888,3566,Savitri Mahadev Pawar,Atpadi,1167,Pimpari Bk.,1.85,8.55,0.18,0.61,188.16,12.48,67.20,10.47,0.66,0.72,10.10,8.90,3.32
889,3567,Datu Uttam Tarse,Atpadi,1548,Pimpari Bk.,2.69,8.60,0.17,0.63,175.62,11.14,369.60,9.86,0.62,0.99,10.06,7.44,3.02
890,3568,Santosh Mahadev Pawar,Atpadi,1159-2,Pimpari Bk.,1.85,8.40,0.22,0.57,163.07,11.59,224.00,10.34,0.42,0.59,10.28,19.34,2.28
891,3569,Kousalya Jaganath Mane,Atpadi,490,Pimpari Bk.,1.74,8.46,0.15,0.56,188.16,14.26,425.60,10.82,1.96,1.10,9.26,14.96,5.40
892,3570,Vithoba Bhagwan Pawar,Atpadi,1159,Pimpari Bk.,1.17,8.22,0.18,0.58,188.16,13.37,235.20,11.30,0.56,1.17,12.36,12.94,3.76
893,3571,Dilip Baburao Tarse,Atpadi,1532,Pimpari Bk.,1.01,8.08,0.49,0.83,200.70,10.70,212.80,10.16,2.64,0.78,9.22,8.94,5.96
894,3572,Sampat Laxman Kale,Atpadi,915,Pimpari Bk.,1.15,8.03,0.46,0.51,137.98,11.59,268.80,10.99,0.70,1.07,9.76,13.04,3.50
895,3573,Sadashiv Vithoba Pawar,Atpadi,1157,Pimpari Bk.,3.17,8.05,0.39,0.63,163.07,21.84,358.40,11.52,1.54,0.75,9.38,13.60,6.04
896,3574,Dilip Hindurao Pawar,Atpadi,1044,Pimpari Bk.,0.53,8.06,0.11,0.64,137.98,12.93,224.00,11.82,1.66,0.64,8.24,14.44,5.14
897,3575,Pandurang Kashinath Pawar,Atpadi,1199,Pimpari Bk.,1.66,8.23,0.14,0.58,213.25,11.14,324.80,11.56,0.48,0.89,9.04,14.78,2.10
898,3576,Raghunath Dagdu Pawar,Atpadi,61,Pimpari Bk.,1.99,8.15,0.13,0.51,163.07,12.48,257.60,11.73,1.76,0.92,8.96,2.04,3.88
899,3577,Dajiram Dnyanu Tarse,Atpadi,1282,Pimpari Bk.,5.41,8.12,0.26,0.54,200.70,11.14,156.80,12.52,0.38,0.75,8.58,11.24,3.04
900,3578,Shashikant Rajaram Kadam,Atpadi,861,Pimpari Bk.,0.31,8.24,0.48,0.61,213.25,16.05,145.60,11.04,3.74,0.79,10.58,22.78,9.60
901,3579,Manohar Baba Mane,Atpadi,771,Pimpari Bk.,0.57,8.09,0.39,0.39,163.07,10.70,268.80,10.64,0.64,0.68,10.62,13.40,3.42
902,3580,Tajuddin Vajir Mulani,Atpadi,128,Pimpari Bk.,1.12,8.27,0.12,0.51,150.53,21.40,179.20,10.34,0.58,0.60,8.88,15.36,3.10
903,3581,Suman Shivaji Aivale,Atpadi,1636,Pimpari Bk.,1.62,8.36,0.27,0.68,175.62,18.72,313.60,12.08,2.38,0.70,9.16,17.52,5.12
904,3582,Dnyanoba Uttam Jadhav,Atpadi,1257,Pimpari Bk.,1.25,8.24,0.47,0.54,213.25,16.05,358.40,12.61,0.64,0.85,9.46,12.60,2.86
905,3583,Narendra Shankar Pawar,Atpadi,711,Pimpari Bk.,1.09,8.20,0.57,0.69,213.25,14.26,235.20,13.87,0.68,0.88,9.92,10.46,2.74
906,3584,Anil Kisan Mane,Atpadi,770,Pimpari Bk.,1.12,8.19,0.49,0.61,200.70,20.06,212.80,14.61,0.46,0.92,9.80,12.06,2.56
907,3585,Santosh Vasant Pawar,Atpadi,57,Pimpari Bk.,1.46,8.21,0.24,0.64,150.53,11.59,369.60,13.26,0.50,0.98,9.44,9.20,2.30
908,3586,Asha Pratap Shinde,Atpadi,1277,Pimpari Bk.,86.00,8.20,0.11,0.53,175.62,15.60,224.00,12.91,0.60,0.78,9.68,12.28,2.58
909,3587,Tanaji Jagannath Javir,Atpadi,",1120",Pimpari Bk.,3.64,8.27,0.06,0.51,213.25,13.37,280.00,8.20,1.94,0.67,8.62,5.12,3.90
910,3588,Shivaji Vithoba Pawar,Atpadi,1633,Pimpari Bk.,1.07,8.34,0.23,0.58,175.62,12.48,302.40,10.29,0.58,0.74,12.76,2.56,3.18
911,3589,Baburav Bapu Padalkar,Atpadi,1699,Pimpari Bk.,1.13,8.30,0.26,0.51,137.98,13.82,324.80,9.20,3.60,0.59,8.44,10.76,5.94
912,3590,Shrirang Antu Pawar,Atpadi,906,Pimpari Bk.,5.49,8.35,0.46,0.58,200.70,12.04,380.80,12.17,0.32,0.70,12.58,10.52,2.90
913,3591,Shivaji Pandurang Pawar,Atpadi,1040,Pimpari Bk.,0.22,8.40,0.48,0.60,163.07,18.72,179.20,12.69,2.06,0.76,10.42,9.82,5.48
914,3592,Kisan Bapu Padalkar,Atpadi,1675,Pimpari Bk.,0.12,8.21,0.45,0.51,163.07,14.71,280.00,14.22,2.08,1.00,10.30,13.84,5.14
915,3593,Babaso Bhagvan Tarse,Atpadi,1285,Pimpari Bk.,4.27,8.22,0.46,0.71,175.62,16.94,224.00,15.92,0.58,0.83,8.62,11.84,1.52
916,3594,Navnath Bhanudas Pawar,Atpadi,991,Pimpari Bk.,0.50,8.20,0.48,0.63,175.62,17.83,459.20,10.51,3.34,1.10,9.52,11.10,5.62
917,3595,Satyavan Mahadev Tarse,Atpadi,1280,Pimpari Bk.,0.38,8.19,0.43,0.71,150.53,18.28,392.00,11.86,0.32,1.01,10.42,10.04,2.68
918,3596,Sudhakar dagdu Pawar,Atpadi,922,Pimpari Bk.,0.51,8.08,0.42,0.57,163.07,16.94,324.80,12.48,1.56,0.97,9.72,2.82,5.14
919,3597,Madhav Sitaram Deshpande,Atpadi,27,Pimpari Bk.,0.37,8.11,0.11,0.53,238.34,14.26,224.00,14.44,2.74,0.87,10.86,7.84,5.58
920,3599,Arjun Ravsaheb Kodalkar,Jath,178,Gholeshwar,0.40,8.64,0.11,0.35,200.70,29.87,179.20,17.62,0.24,0.84,1.36,6.68,1.20
921,3600,Ravsaheb Baba Kodalkar,Jath,195,Gholeshwar,0.80,8.49,0.12,0.67,200.70,24.96,112.00,24.25,0.20,0.70,1.40,8.88,1.20
922,3601,Laxman Sukhadev Chougule,Jath,150,Gholeshwar,2.00,8.38,0.13,0.63,188.16,20.06,280.00,21.46,0.20,1.00,1.68,7.98,1.36
923,3602,Malakappa Sukhadev Chaogule,Jath,150,Gholeshwar,80.00,8.29,0.14,0.67,150.53,16.94,291.20,21.77,0.24,0.95,1.88,10.98,1.02
924,3603,Shankar Sukhadev Caugaule,Jath,150,Gholeshwar,2.00,8.30,0.19,0.96,200.70,26.75,448.00,20.15,0.52,0.85,1.48,14.20,1.22
925,3604,Sanjay Sukhadev Chougule,Jath,150,Gholeshwar,2.00,8.40,0.12,0.63,200.70,17.38,336.00,16.79,0.18,0.98,3.50,12.98,2.40
926,3605,Sunita Vijay Kumbare,Jath,150,Gholeshwar,2.00,8.36,0.19,0.60,200.70,20.95,324.80,17.88,0.22,0.85,0.62,9.10,0.90
927,3606,Rama Sukhadev Chougule,Jath,150,Gholeshwar,2.00,8.34,0.12,0.68,188.16,18.72,291.20,14.05,0.22,0.77,2.54,14.32,1.30
928,3607,Subhash Gunda Mane,Jath,156,Gholeshwar,0.40,8.41,0.20,0.68,175.62,28.53,302.40,32.72,0.26,0.68,1.96,6.02,1.88
929,3608,Nivrutiv Shrirang Chougle,Jath,125/1,Gholeshwar,3.60,8.43,0.14,0.71,175.62,14.71,246.40,20.07,0.64,0.76,2.50,3.58,1.24
930,3609,Appaso Shripati Chougle,Jath,125/1,Gholeshwar,3.60,7.73,0.10,0.71,188.16,24.07,257.60,30.40,0.54,1.01,3.74,4.64,1.46
931,3610,Nana Tukaram Chougle,Jath,125/1,Gholeshwar,3.60,8.45,0.29,0.58,200.70,22.29,224.00,21.42,0.32,0.86,1.50,9.32,1.40
932,3611,Vikas Appaso Chougle,Jath,125,Gholeshwar,0.40,8.44,0.15,0.57,175.62,15.60,235.20,29.66,0.32,1.04,0.46,2.74,1.02
933,3612,Bhagwan Tukaram Chougle,Jath,125,Gholeshwar,3.60,8.24,0.25,0.90,175.62,15.16,291.20,23.47,0.88,1.07,1.00,3.06,0.78
934,3613,Ashok Shrirang Chougle,Jath,125/1,Gholeshwar,3.60,8.36,0.18,0.68,150.53,30.76,246.40,27.70,0.40,0.88,1.00,3.66,1.00
935,3614,Sawla Shripati Chougle,Jath,125,Gholeshwar,3.60,8.24,0.26,0.83,200.70,22.29,313.60,18.97,0.56,0.82,1.52,6.74,1.18
936,3615,Samadhan Sawla Chougle,Jath,125/1,Gholeshwar,0.40,8.49,0.14,0.56,163.07,26.75,302.40,17.19,0.32,0.95,0.80,6.26,0.98
937,3616,Balasaheb Vithoba Kodalkar,Jath,121,Gholeshwar,0.40,8.10,0.33,0.72,200.70,15.60,313.60,13.43,0.72,0.87,1.18,2.90,1.12
938,3617,Pandurang Mahadev Chougle,Jath,149,Gholeshwar,0.40,8.01,0.22,0.96,175.62,32.99,347.20,17.67,0.84,0.97,2.48,6.38,1.38
939,3618,Birudev Mahadev Chougle,Jath,149,Gholeshwar,0.80,8.03,0.23,0.97,188.16,31.20,526.40,21.77,0.86,0.64,3.62,7.54,1.72
940,3619,Shantabai Mahadev Chougle,Jath,179,Gholeshwar,0.40,7.96,0.30,0.97,163.07,28.53,459.20,18.54,0.88,0.64,3.24,4.34,1.52
941,3620,Suresh Vithoba Kodalkar,Jath,138,Gholeshwar,0.50,8.21,0.17,0.90,200.70,34.32,257.60,23.07,0.34,0.62,1.92,2.48,1.38
942,3621,Ayubkhan Ravsaheb Mujawar,Jath,190,Gholeshwar,0.80,8.96,0.18,0.44,163.07,27.64,291.20,13.87,0.22,0.91,2.20,6.38,1.78
943,3622,Bandenawaj Nalasaheb Mujawar,Jath,190,Gholeshwar,0.80,8.58,0.12,0.50,163.07,16.94,313.60,7.11,0.28,0.95,2.30,3.54,1.46
944,3623,Hamida Ravsaheb Mujawar,Jath,190,Gholeshwar,0.80,8.35,0.19,0.81,200.70,26.30,235.20,18.80,0.34,1.05,3.14,6.02,2.32
945,3624,Javaharlal Nalaso Mujawar,Jath,190,Gholeshwar,0.40,8.58,0.14,0.58,188.16,29.87,324.80,19.89,0.34,0.86,1.12,2.02,1.70
946,3625,Kashim Badasha Mujavar,Jath,190,Gholeshwar,0.80,8.52,0.11,0.44,225.79,24.96,280.00,17.10,0.30,0.85,2.32,3.30,1.82
947,3626,Mohin Javaharlal Mujavar,Jath,190,Gholeshwar,0.40,8.55,0.10,0.47,188.16,21.40,212.80,17.40,0.34,1.00,2.66,2.84,1.90
948,3627,Nabiso Maula Mujawar,Jath,190,Gholeshwar,0.80,8.50,0.24,0.35,200.70,15.60,190.40,15.79,0.40,1.09,3.50,5.52,2.00
949,3628,Nalaso Amin Mujawar,Jath,190,Gholeshwar,0.40,8.49,0.16,0.44,200.70,26.75,257.60,16.79,0.56,1.19,3.02,8.02,1.88
950,3629,Ravso Badshah Muzawar,Jath,190,Gholeshwar,0.80,8.61,0.20,0.39,200.70,14.26,280.00,13.52,0.30,1.07,5.00,2.34,1.88
951,3630,Sharukh Jawahar Mujawar,Jath,190,Gholeshwar,0.80,8.55,0.15,0.47,200.70,20.95,302.40,14.05,0.34,1.11,1.14,2.16,1.48
952,3631,Majjid Rasul Nadaf,Jath,190,Gholeshwar,0.80,8.48,0.24,0.53,175.62,18.72,246.40,16.14,0.22,1.06,4.78,4.02,1.76
953,3632,Jawed Ravso Mujawar,Jath,190,Gholeshwar,0.80,8.47,0.16,0.33,213.25,16.05,313.60,23.99,0.30,1.18,3.02,2.36,1.66
954,3633,Duryodhan Baba Kodalkar,Jath,195,Gholeshwar,0.40,8.53,0.10,0.35,175.62,23.63,257.60,20.07,0.22,1.24,2.80,2.78,1.34
955,3634,Maruti Rama Kodalkar,Jath,195,Gholeshwar,0.40,8.40,0.16,0.32,175.62,22.29,302.40,13.87,0.34,1.25,2.12,2.92,1.32
956,3635,Khandu Maruti Kodalkar,Jath,121,Gholeshwar,0.40,8.33,0.21,0.38,137.98,16.94,235.20,11.47,0.48,1.17,1.98,2.14,1.28
957,3636,Tukaram Khandu Kodalkar,Jath,121,Gholeshwar,0.40,8.49,0.10,0.47,163.07,16.05,257.60,9.99,0.32,1.13,1.82,2.86,1.20
958,3637,Tanubai Vithoba Kodalkar,Jath,121,Gholeshwar,0.40,8.35,0.18,0.24,175.62,30.31,291.20,18.54,0.44,1.09,0.44,2.76,1.42
959,3638,Sambhaji  Bira Dombale,Jath,133,Gholeshwar,0.40,8.32,0.17,0.40,150.53,21.84,414.40,14.05,0.52,1.19,4.46,4.54,0.82
960,3639,Shankar Gunda Goykar,Jath,232,Gholeshwar,0.40,8.16,0.30,0.18,200.70,25.85,324.80,17.45,0.94,1.24,4.06,6.38,0.86
961,3640,Shalan Malu Dombale,Jath,133,Gholeshwar,0.40,8.01,0.47,0.64,213.25,16.49,291.20,15.70,0.76,1.27,4.54,11.82,1.10
962,3641,Shababai Dhondiram Chougule,Jath,149,Gholeshwar,0.40,8.35,0.18,0.60,163.07,31.20,302.40,12.96,0.32,0.77,2.86,2.58,1.40
963,3642,Shankar Nanaso Patil,Jath,194,Gholeshwar,0.50,8.30,0.22,0.43,150.53,30.31,246.40,17.06,0.50,0.88,3.38,2.88,0.88
964,3643,Shantubai Dhyanu Patil,Jath,194,Gholeshwar,0.52,8.09,0.29,0.40,163.07,27.19,224.00,16.58,0.82,0.95,3.18,7.44,0.90
965,3644,Yashwant Vithoba Dombale,Jath,44,Gholeshwar,0.60,8.13,0.27,0.82,225.79,32.99,246.40,17.49,1.00,0.84,4.14,8.72,1.04
966,3645,Vimal Biru Thorat,Jath,195,Gholeshwar,0.52,8.21,0.19,0.76,225.79,27.19,280.00,10.25,0.42,1.00,2.54,3.08,1.00
967,3646,Ashabai Bapu Bhande,Jath,117,Gholeshwar,0.40,8.14,0.25,0.71,250.88,16.05,235.20,17.67,0.74,1.08,2.80,2.12,1.70
968,3647,Baban Bira Goykar,Jath,232,Gholeshwar,0.40,8.27,0.20,0.90,225.79,26.75,313.60,13.43,0.36,1.16,1.26,2.62,0.98
969,3648,Dhanaji Dhondiram Kodalkar,Jath,184,Gholeshwar,0.50,8.48,0.12,0.56,200.70,30.31,291.20,17.88,0.30,1.29,1.10,8.60,1.04
970,3649,Ganpati jayram kodalkar,Jath,126,Gholeshwar,0.50,8.52,0.13,0.49,213.25,21.40,302.40,18.71,0.31,1.17,1.88,0.98,0.88
971,3650,Rama Jagu Chougule,Jath,149,Gholeshwar,0.60,8.58,0.11,0.56,225.79,16.94,347.20,11.47,0.34,1.06,1.18,2.84,1.10
972,3651,Saubai Vitthal Chougule,Jath,149,Gholeshwar,0.40,8.23,0.24,0.63,200.70,27.64,470.40,21.68,0.60,0.87,1.96,2.80,0.80
973,3652,Dattatray Vitthal Chougule,Jath,174,Gholeshwar,0.33,8.53,0.19,0.67,175.62,13.82,414.40,27.70,0.32,0.93,1.02,4.40,1.38
974,3653,Dhondiram Baba Chougule,Jath,173,Gholeshwar,0.40,8.40,0.19,0.57,188.16,13.82,313.60,14.74,0.44,1.07,0.56,2.40,1.18
975,3654,Nalso Badshaha Naik,Jath,173,Gholeshwar,0.40,8.49,0.20,0.57,200.70,13.82,235.20,18.32,0.32,1.13,1.48,2.88,1.96
976,3655,Khajiso Samsher Naik,Jath,288/2,Gholeshwar,1.13,8.53,0.14,0.44,112.90,21.84,291.20,17.01,0.32,0.92,2.68,4.60,1.32
977,3656,Mirasahib Babalal Nadaf,Jath,314,Gholeshwar,1.16,8.42,0.15,0.46,175.62,17.38,246.40,18.71,0.34,0.71,2.00,2.60,1.38
978,3657,Paigambar Hasan Naik,Jath,5/1,Gholeshwar,1.96,8.21,0.19,0.49,301.06,19.17,190.40,9.51,0.92,0.68,1.62,3.08,1.66
979,3658,Chand Appaso Nadaf,Jath,11,Gholeshwar,1.80,8.40,0.16,0.50,225.79,26.75,257.60,9.73,0.76,0.84,0.72,6.60,0.98
980,3659,Dawal Babalal Nadaf,Jath,6,Gholeshwar,1.38,8.34,0.18,0.33,250.88,20.95,280.00,13.52,0.42,1.10,0.36,6.40,1.04
981,3660,Modin Gulab Naik,Jath,454,Gholeshwar,0.60,8.33,0.20,0.35,238.34,27.64,224.00,18.36,0.48,1.19,0.98,7.20,1.10
982,3661,Rafiq Gulab Naik,Jath,453,Gholeshwar,0.60,8.32,0.21,0.32,125.44,16.49,324.80,13.13,0.40,1.37,1.02,1.74,1.26
983,3662,Nadilsha Gulab Naik,Jath,453,Gholeshwar,0.60,8.33,0.22,0.29,200.70,30.76,257.60,11.47,0.52,1.18,0.22,11.64,0.88
984,3663,Husen Samsher Naik,Jath,288/2,Gholeshwar,1.12,8.38,0.13,0.56,250.88,23.18,235.20,18.71,0.40,1.14,0.78,5.06,0.90
985,3664,Jahangir Samsher Naik,Jath,454,Gholeshwar,0.82,8.49,0.14,0.44,175.62,15.16,268.80,14.18,0.36,1.37,1.32,2.80,1.34
986,3665,Aslam Samsher Naik,Jath,454,Gholeshwar,0.82,8.29,0.17,0.69,188.16,27.19,302.40,8.94,0.54,1.01,1.58,3.52,1.40
987,3666,Nalsab Babalal Nadaf,Jath,6,Gholeshwar,2.39,8.45,0.16,0.49,213.25,20.06,257.60,14.74,0.42,1.10,0.88,5.56,1.04
988,3667,Hiralal Dawal Nadaf,Jath,6,Gholeshwar,1.40,8.60,0.18,0.42,225.79,18.28,280.00,13.04,0.66,1.22,2.16,1.74,1.38
989,3668,Mahammad Manik Naik,Jath,309,Gholeshwar,2.10,8.29,0.28,0.29,188.16,38.34,246.40,15.62,0.50,0.83,1.24,2.68,0.80
990,3669,Ashpak Usman Nadaf,Jath,18,Gholeshwar,4.17,8.52,0.16,0.32,200.70,28.53,257.60,12.21,0.28,0.99,0.86,3.04,1.30
991,3670,Rustabkhan Babaso Naik,Jath,18,Gholeshwar,0.80,8.60,0.14,0.43,125.44,20.06,291.20,14.61,1.06,0.88,0.82,4.90,1.88
992,3671,Annappa Sadashiv Kodalkar,Jath,176,Gholeshwar,0.76,8.60,0.11,0.60,188.16,15.60,324.80,14.87,0.28,1.10,2.02,2.50,1.46
993,3672,Santosh Babasaheb Atpadkar,Jath,390,Gholeshwar,0.42,8.61,0.15,0.38,275.97,30.76,235.20,14.87,0.66,1.30,1.56,8.38,2.10
994,3673,Allabax Appaso Naik,Jath,397,Gholeshwar,1.20,8.55,0.24,0.40,225.79,19.17,280.00,18.54,0.30,0.93,2.10,9.84,2.28
995,3674,Ramzan Appaso Naik,Jath,10,Gholeshwar,1.20,8.68,0.10,0.49,213.25,20.06,201.60,15.53,0.30,0.96,1.08,2.56,0.84
996,3675,Amar Appaso Naik,Jath,10,Gholeshwar,1.20,8.60,0.35,0.50,250.88,32.99,212.80,15.79,0.44,0.82,2.58,8.72,0.86
997,3676,Khatunbi Appaso Naik,Jath,10,Gholeshwar,1.20,8.49,0.12,0.44,75.26,20.06,190.40,13.96,0.48,1.19,2.60,2.74,1.34
998,3677,Gaibiso Mardan Naik,Jath,392,Gholeshwar,0.80,8.51,0.14,0.56,213.25,18.28,280.00,17.88,0.38,1.24,1.34,3.46,0.90
999,3678,Razzaq Mardan Naik,Jath,392,Gholeshwar,0.80,8.48,0.18,0.35,250.88,29.42,257.60,12.65,0.46,1.28,1.76,5.04,0.90
1000,3679,Mahammad Mardan Naik,Jath,392,Gholeshwar,0.80,8.50,0.26,0.31,250.88,21.40,280.00,21.94,0.38,0.91,1.32,6.84,1.50
1001,3680,Ahmad Mardan Naik,Jath,392,Gholeshwar,0.80,8.11,0.38,0.44,175.62,24.07,302.40,10.08,0.64,1.16,1.54,6.78,1.04
1002,3681,Nalsab Mardan Naik,Jath,392,Gholeshwar,0.40,8.59,0.15,0.29,137.98,17.83,235.20,17.45,0.42,1.13,2.48,8.86,1.54
1003,3682,Azim Samsher Naik,Jath,396,Gholeshwar,0.40,8.30,0.19,0.53,225.79,18.72,268.80,15.53,0.52,1.15,2.82,4.10,1.34
1004,3683,Prakash Vithoba Yamgar,Jath,20,Gholeshwar,0.40,8.35,0.17,0.42,263.42,16.05,302.40,14.44,0.70,0.98,2.28,7.18,1.74
1005,3684,Krishna Dhula Bhise,Jath,14,Gholeshwar,0.42,8.33,0.16,0.38,175.62,19.17,257.60,10.03,0.36,0.92,2.60,1.66,1.46
1006,3685,Sayarabanu Appaso Naik,Jath,10,Gholeshwar,0.54,8.25,0.21,0.40,150.53,21.84,324.80,13.91,0.52,0.87,2.56,9.18,1.36
1007,3686,Shankar Ishwara Yamgar,Jath,12/1,Gholeshwar,0.50,8.53,0.17,0.46,188.16,30.76,280.00,8.94,0.48,1.24,2.04,1.36,1.74
1008,3687,Laxman Mahadev Atpadkar,Jath,428,Gholeshwar,0.40,8.60,0.17,0.56,225.79,20.95,336.00,9.60,0.38,1.16,2.36,2.34,1.56
1009,3688,Damodar Bapu Karande,Jath,292,Walwan,0.40,8.45,0.21,0.31,188.16,23.18,190.40,12.34,1.48,1.30,7.80,3.26,2.00
1010,3689,Umaji Balu Karande,Jath,292,Walwan,0.40,8.55,0.97,0.33,213.25,22.29,201.60,11.60,0.90,1.41,2.48,1.24,1.58
1011,3690,Sharad Sukhadev Karande,Jath,701,Walwan,0.40,8.49,0.23,0.54,175.62,22.73,224.00,9.51,1.20,1.31,2.80,0.76,1.38
1012,3691,Malakari Appasaba Desai,Jath,167,Girgaon,1.80,7.73,0.27,0.99,163.07,28.53,156.80,13.26,3.16,0.91,4.12,7.64,7.66
1013,3692,Mahadeav Mallappa Kumbar,Jath,134,Girgaon,3.60,7.90,0.20,0.39,137.98,18.28,179.20,11.17,0.26,0.99,1.70,3.30,1.00
1014,3693,Prakash Mahadeva Kumbar,Jath,132,Girgaon,4.20,8.37,0.21,0.76,175.62,20.95,212.80,17.10,0.74,0.98,1.36,6.92,1.92
1015,3694,Nagesh Mahadev Kumbar,Jath,132,Girgaon,1.68,8.20,0.22,0.49,200.70,23.18,168.00,13.04,0.74,0.99,3.88,3.48,2.70
1016,3695,Sachin Mahadev Kumbar,Jath,134,Girgaon,4.00,8.34,0.15,0.56,188.16,16.49,145.60,10.95,0.22,0.95,2.20,1.96,2.18
1017,3696,Paravti Mahadev Kumbar,Jath,132,Girgaon,1.60,8.20,0.21,0.58,213.25,26.30,224.00,8.94,0.26,1.33,1.48,5.48,2.02
1018,3697,Vithabai Raju Savant,Jath,37/2/D,Girgaon,0.80,8.53,0.17,0.69,175.62,20.50,235.20,13.13,0.28,1.07,2.12,6.26,1.28
1019,3698,Shankar Namadeva Yadav,Jath,51/1,Girgaon,2.40,8.35,0.20,0.47,200.70,16.94,156.80,17.19,0.36,0.84,1.08,5.22,1.58
1020,3699,Ramachandra Namadeva Yadav,Jath,51,Girgaon,1.20,8.40,0.14,0.43,163.07,22.29,168.00,20.28,0.32,1.05,2.36,1.62,1.28
1021,3700,Mahadeva Revanappa Mang,Jath,52,Girgaon,0.80,8.29,0.15,0.56,188.16,14.71,190.40,27.70,0.22,0.99,3.18,2.72,2.04
1022,3701,Santosh Mahadeva Yadav,Jath,51/B,Girgaon,2.50,8.24,0.24,0.67,150.53,18.28,145.60,23.47,0.34,1.05,1.20,3.18,3.76
1023,3702,Anil Kashiram Yadav,Jath,51/1,Girgaon,1.00,8.44,0.20,0.54,225.79,23.63,201.60,19.19,0.24,0.96,1.38,3.66,1.04
1024,3703,Sharanappa Sharanappa Madar,Jath,54/1,Girgaon,0.82,8.44,0.21,0.72,200.70,21.40,224.00,27.48,0.30,1.12,1.38,2.50,2.56
1025,3704,Chandrakant Shetteppa Madar,Jath,53/13,Girgaon,0.60,8.64,0.16,0.47,175.62,26.30,235.20,20.07,0.34,1.00,3.76,3.04,1.80
1026,3705,Arjun Kalappa Metre,Jath,53/11,Girgaon,0.11,8.29,0.19,0.56,150.53,22.29,257.60,17.45,0.24,1.13,2.04,2.80,1.14
1027,3706,Vithal Bhimanna Puajari,Jath,53/10,Girgaon,0.08,8.47,0.17,0.43,188.16,18.72,156.80,10.38,0.30,1.12,0.92,0.98,0.74
1028,3707,Laxman Parasuram Savnat,Jath,90/4,Girgaon,0.88,8.30,0.18,0.35,188.16,17.83,190.40,9.68,0.44,1.00,1.00,1.98,1.30
1029,3708,Vaijanatha Ramachandra Savant,Jath,90/2/A,Girgaon,2.25,8.34,0.18,0.76,163.07,21.40,168.00,17.88,0.40,1.13,2.04,4.40,1.28
1030,3709,Mahesh Maruti Kate,Jath,96/2,Girgaon,2.00,8.36,0.18,0.53,200.70,24.07,201.60,16.58,0.32,1.11,1.50,3.12,1.00
1031,3710,Tatyaso Laxman Chavan,Jath,91/3,Girgaon,2.00,8.35,0.20,0.32,175.62,27.64,224.00,16.79,0.24,1.24,2.72,2.74,1.58
1032,3711,Krishna Vithoba Shinde,Jath,91/3,Girgaon,3.28,8.72,0.32,0.28,137.98,16.94,224.00,11.43,0.16,1.40,3.18,5.38,1.64
1033,3712,Manohar Krishna Shinde,Jath,91/2,Girgaon,1.31,8.28,0.18,0.44,163.07,25.41,212.80,9.12,0.82,1.10,1.06,2.16,1.64
1034,3713,Babasaheb Sakaram Sindr,Jath,91/1,Girgaon,1.80,8.55,0.20,0.60,200.70,21.40,190.40,17.80,0.40,0.92,1.82,7.86,2.06
1035,3714,Shivaji Parasuram Savnat,Jath,90/2/K/1,Girgaon,0.85,8.35,0.17,0.49,163.07,14.26,145.60,17.88,0.34,1.06,3.18,2.16,1.42
1036,3715,Laxmibai Shivaji Savant,Jath,90/1,Girgaon,0.53,8.39,0.15,0.38,137.98,17.83,168.00,10.38,0.14,1.14,1.04,1.90,0.96
1037,3716,Ashok Parasuram Savant,Jath,90/2/K/2,Girgaon,0.65,8.58,0.14,0.30,188.16,14.71,179.20,10.25,0.30,1.07,2.12,2.30,1.54
1038,3717,Ramachandra Parasuram Savant,Jath,90/1/1,Girgaon,0.40,8.44,0.16,0.38,150.53,23.18,134.40,16.44,0.14,1.20,1.96,1.42,0.20
1039,3718,Tukaram Sidram Savnat,Jath,90/1/A,Girgaon,0.56,8.57,0.19,0.43,175.62,22.29,156.80,12.43,0.42,1.24,1.44,4.76,0.82
1040,3719,Ramajana Babu Punekar,Jath,90/2/B,Girgaon,1.01,8.58,0.20,0.58,200.70,17.38,168.00,16.66,0.36,1.27,1.98,4.94,1.24
1041,3720,Bandu Sakaram Sinde,Jath,90/2,Girgaon,3.60,8.51,0.15,0.22,163.07,16.49,145.60,13.17,0.32,1.17,1.20,2.00,0.80
1042,3721,Krishnappa Bhimanna Kambale,Jath,108/2,Girgaon,4.80,8.32,0.15,0.28,200.70,22.29,190.40,17.67,0.18,0.97,3.82,3.08,1.74
1043,3722,Sanjaya Annaray Chavan,Jath,151/1,Girgaon,1.08,8.36,0.15,0.49,150.53,18.28,212.80,16.66,0.18,0.86,3.02,4.92,1.18
1044,3723,Vijaya Annaraya Chavan,Jath,151/1,Girgaon,0.80,8.55,0.17,0.43,175.62,27.64,201.60,14.83,0.18,0.85,2.12,3.96,1.30
1045,3724,Gopal Kerappa Chavan,Jath,155/2,Girgaon,0.60,8.62,0.18,0.33,175.62,15.60,179.20,17.01,0.14,0.98,1.22,2.76,1.26
1046,3725,Ramachandra Kerappa Chavan,Jath,155/2,Girgaon,0.80,8.64,0.17,0.36,150.53,26.75,168.00,9.99,0.18,1.17,1.70,2.72,1.30
1047,3726,Kerappa Nateba Chavan,Jath,155/2,Girgaon,0.80,8.42,0.40,0.76,188.16,17.38,168.00,13.96,0.16,1.18,2.80,7.58,1.96
1048,3727,Rajashri Annaray Chavan,Jath,155/1,Girgaon,0.80,8.17,0.32,0.69,175.62,22.73,145.60,13.74,0.34,0.89,1.90,3.38,1.22
1049,3728,Gangappa Vithoba Mane,Jath,154/4,Girgaon,2.15,8.50,0.19,0.32,150.53,20.95,224.00,14.53,0.32,1.30,2.10,2.70,1.72
1050,3729,Aoudusidda Gangappa Mane,Jath,154/2,Girgaon,2.00,8.40,0.14,0.36,188.16,16.05,235.20,15.22,0.22,0.74,1.88,3.18,1.26
1051,3730,Bhutalasidda Gangappa Mane,Jath,154/3,Girgaon,2.00,8.54,0.17,0.17,163.07,24.07,224.00,13.52,0.14,1.40,1.68,1.70,0.82
1052,3731,Bileni Ganagappa Mane,Jath,154/5,Girgaon,0.80,8.41,0.19,0.42,188.16,15.60,112.00,15.31,0.14,1.34,2.36,2.64,1.22
1053,3732,Mahadev Bileni Mane,Jath,154/1,Girgaon,0.66,8.36,0.19,0.36,163.07,25.85,134.40,18.02,0.20,1.21,2.90,4.00,1.26
1054,3733,Vhanagonda Bhimarav Bagali,Jath,145/1,Girgaon,1.43,8.34,0.16,0.32,200.70,20.95,112.00,10.38,0.40,0.64,3.66,3.04,2.10
1055,3734,Gopal Bhimaraya Bagali,Jath,144/2,Girgaon,1.98,8.32,0.15,0.35,163.07,20.06,145.60,10.25,0.30,1.13,6.54,5.54,1.98
1056,3735,Bileni Bhimaraya Bagali,Jath,144/2,Girgaon,1.73,8.28,0.18,0.39,137.98,16.49,168.00,25.17,0.18,1.20,2.34,2.80,1.46
1057,3736,Anil Nanaso Jadhav,Jath,10,Girgaon,1.60,8.57,0.22,0.46,175.62,26.75,212.80,12.43,0.40,1.07,4.02,2.38,1.22
1058,3737,Nanaso Arjun Jadhav,Jath,10,Girgaon,1.14,8.38,0.14,0.32,200.70,20.95,224.00,16.66,0.22,0.99,3.60,2.60,1.70
1059,3738,Ankush Arjun Jadhav,Jath,10,Girgaon,1.14,8.41,0.17,0.31,163.07,20.95,224.00,21.90,0.20,0.87,3.04,3.54,3.64
1060,3739,Bileni Channappa Kumbar,Jath,10,Girgaon,0.80,8.57,0.17,0.24,188.16,31.25,190.40,21.81,1.16,1.29,3.90,4.46,1.72
1061,3740,Guranna Channappa Kumbar,Jath,09,Girgaon,0.80,8.43,0.16,0.63,163.07,19.61,179.20,26.22,0.32,1.32,2.50,1.96,1.10
1062,3741,Machindranath Shrimanta Shinde,Jath,9/1/A/1,Girgaon,2.00,8.19,0.27,0.79,188.16,15.60,190.40,29.53,0.46,1.32,4.54,2.36,1.18
1063,3742,Shrimant Laxman Shinde,Jath,9,Girgaon,2.00,8.53,0.17,0.44,150.53,28.53,201.60,25.30,0.18,1.11,4.64,3.18,2.20
1064,3743,Gangabai Shrimant Shinde,Jath,09,Girgaon,0.80,8.10,0.20,0.56,213.25,23.18,212.80,20.02,0.14,1.04,4.08,1.14,1.02
1065,3744,Sidappa Channappa Kumabar,Jath,9,Girgaon,0.40,8.46,0.21,0.47,175.62,25.85,224.00,18.89,0.36,1.12,3.24,3.40,1.46
1066,3745,Maruti Shankar Chavan,Jath,07,Girgaon,0.73,8.56,0.15,0.35,137.98,26.30,201.60,18.32,0.24,1.22,2.58,2.46,0.90
1067,3746,Rama Dhondiram Chavan,Jath,07,Girgaon,1.83,8.34,0.21,0.32,188.16,18.28,145.60,14.83,0.26,1.06,3.62,6.08,1.48
1068,3747,Suchita Tukaram Chavan,Jath,05,Girgaon,1.68,8.54,0.16,0.43,213.25,20.95,313.60,19.85,0.28,1.09,4.88,5.94,3.50
1069,3748,Uttama Ashok Chanavan,Jath,05,Girgaon,0.80,8.51,0.16,0.28,175.62,19.61,123.20,18.06,0.22,1.18,2.56,2.32,1.44
1070,3749,Mahadeva Kerappa Chavan,Jath,5,Girgaon,1.15,8.38,0.16,0.31,137.98,23.18,313.60,17.36,0.20,1.39,3.94,1.24,2.26
1071,3750,Minakshi Mahadeva Chavan,Jath,5,Girgaon,1.14,8.31,0.16,0.54,175.62,26.75,212.80,18.02,0.18,1.31,4.38,5.52,1.26
1072,3751,Laxman Shivaji Chavan,Jath,05,Girgaon,1.15,8.38,0.17,0.47,213.25,20.06,145.60,15.88,0.18,1.16,3.20,2.50,1.00
1073,3752,Shivashankar Amasiddh Mane,Jath,32/1,Girgaon,0.79,8.45,0.19,0.35,175.62,16.49,201.60,25.47,0.30,1.22,3.28,3.38,1.26
1074,3753,Shantabai Nagappa Mane,Jath,32/1,Girgaon,0.48,8.37,0.23,0.65,150.53,17.83,134.40,16.66,0.32,0.97,3.02,3.44,1.26
1075,3754,Gopal Jakkappa Mane,Jath,31/1/A,Girgaon,0.80,8.24,0.24,0.47,188.16,26.30,201.60,15.62,0.38,0.92,3.52,4.30,1.16
1076,3755,Somaning Amasidda Mane,Jath,32/1,Girgaon,0.80,8.36,0.25,0.31,163.07,26.75,179.20,8.81,0.34,1.32,4.90,2.26,1.68
1077,3756,Bhimanna Amadiddha Mane,Jath,32/1,Girgaon,0.60,8.46,0.17,0.28,200.70,20.06,212.80,11.17,0.16,1.23,4.62,8.54,1.56
1078,3757,Pandu Vithoba Mane,Jath,32/3,Girgaon,1.09,8.44,0.21,0.17,188.16,16.94,145.60,21.46,0.24,1.15,3.80,3.44,1.98
1079,3758,Dharamanna Madane,Jath,34/1,Girgaon,1.20,8.66,0.21,0.25,163.07,20.06,134.40,17.40,0.24,1.24,6.92,3.68,1.20
1080,3759,Manohara Sidrama Madane,Jath,33,Girgaon,0.60,8.48,0.17,0.29,188.16,17.38,224.00,15.79,0.24,1.44,3.34,7.20,1.96
1081,3760,Sayappa Sidrama Madane,Jath,34/1,Girgaon,0.60,8.28,0.20,0.40,175.62,30.76,145.60,16.62,1.10,1.40,5.24,2.20,1.70
1082,3761,Appasaheb Sideam Madane,Jath,34/1,Girgaon,0.80,8.55,0.28,0.35,200.70,20.50,168.00,14.05,0.18,0.99,3.16,1.14,0.44
1083,3762,Shankareppa Sidram Madane,Jath,34/1,Girgaon,1.78,8.35,0.27,0.49,163.07,22.29,190.40,20.07,0.32,0.88,3.46,3.70,1.80
1084,3763,Irappa Gangappa Madane,Jath,33/1/7,Girgaon,0.80,8.35,0.20,0.53,213.25,36.11,134.40,18.76,0.20,1.19,4.60,3.10,0.48
1085,3764,Shivappa Irappa Madane,Jath,39/1/A,Girgaon,3.56,8.58,0.21,0.38,150.53,20.06,145.60,13.43,0.28,1.15,3.72,4.62,0.84
1086,3765,Birappa Gangappa Madane,Jath,34,Girgaon,0.60,8.44,0.22,0.32,213.25,15.60,201.60,17.67,0.28,1.09,3.06,3.82,0.70
1087,3766,Sadashiv Shahu Bendre,Jath,191/2B/2,Girgaon,2.00,8.51,0.15,0.53,188.16,26.75,145.60,13.43,0.28,0.93,5.44,1.48,1.84
1088,3767,Sadashiv Sakharam Bhopatr,Jath,187/2,Girgaon,2.56,8.32,0.21,0.43,150.53,24.52,145.60,16.62,0.32,0.98,4.54,2.28,1.40
1089,3768,Daji Sakharam Bhopate,Jath,175/1,Girgaon,2.68,8.36,0.17,0.58,150.53,25.85,190.40,12.13,0.60,1.00,4.16,3.04,1.16
1090,3769,Shantabai Ramachandra Bendre,Jath,186/1/B/3,Girgaon,1.99,8.30,0.20,0.56,213.25,27.64,168.00,16.14,0.22,0.88,3.66,2.56,1.36
1091,3770,Mangal Aravinda Bendre,Jath,186/1/B/1,Girgaon,0.81,8.34,0.14,0.25,188.16,19.61,179.20,15.31,0.34,1.17,3.68,3.04,1.18
1092,3771,Sukhadeva Sakaram Shinde,Jath,190/2,Girgaon,0.80,8.36,0.15,0.36,137.98,18.28,201.60,27.70,0.20,1.29,3.26,2.14,0.98
1093,3772,Ganapati Kashiram Bhopate,Jath,179/1,Girgaon,1.15,8.35,0.24,0.31,188.16,17.83,224.00,13.48,0.38,1.10,4.22,3.86,1.96
1094,3773,Jotiram Kashiram Bhopate,Jath,179/1,Girgaon,2.27,8.28,0.20,0.28,150.53,23.63,168.00,22.42,0.34,1.19,3.08,5.04,0.84
1095,3774,Manohara Kashiram Bhopatr,Jath,179/1,Girgaon,2.34,8.29,0.16,0.29,200.70,30.76,179.20,18.02,0.16,1.32,5.70,2.56,2.12
1096,3775,Rajendra Sadashiv Bhopate,Jath,172/2,Girgaon,1.20,8.24,0.19,0.33,163.07,21.40,145.60,16.66,0.30,1.19,4.36,1.48,1.54
1097,3776,Basaningappa Amadiddha Kumabar,Jath,179/2,Girgaon,0.81,8.44,0.17,0.61,188.16,17.83,134.40,15.62,0.34,1.14,3.34,1.70,1.10
1098,3777,Savita Irappa Kumabar,Jath,179/2,Girgaon,0.95,8.29,0.18,0.38,137.98,18.72,201.60,16.79,0.54,1.08,5.66,3.38,2.08
1099,3778,Nabiso Aminso Kotaval,Jath,180/1/A,Girgaon,3.38,8.34,0.20,0.42,150.53,26.30,145.60,25.17,3.06,1.06,3.36,2.48,1.26
1100,3779,Babu Ibrahim Kotaval,Jath,180/2/A,Girgaon,0.95,8.28,0.30,0.47,200.70,32.09,156.80,10.38,0.22,1.02,3.42,5.32,0.92
1101,3780,Hamida Usman Kotaval,Jath,14,Girgaon,1.20,8.35,0.18,0.39,137.98,22.29,190.40,15.31,0.20,0.99,3.80,2.74,1.86
1102,3781,Jhakir Valisab Kotaval,Jath,14,Girgaon,0.80,8.44,0.20,0.49,175.62,18.72,224.00,20.15,0.22,0.91,4.20,3.84,0.62
1103,3782,Nitin Raju Savant,Jath,52/1/A,Girgaon,1.60,8.42,0.23,0.29,150.53,17.83,235.20,15.27,0.20,0.87,4.96,2.36,1.36
1104,3783,Aavanna Tatoba Birajdar,Jath,86/9,Jalihal Khurd,0.4,8.71,0.18,0.40,125.44,23.63,168.0,13.96,0.56,1.37,3.76,10.20,3.34
1105,3784,Ajit Rama Suarvanshi,Jath,55/1,Jalihal Khurd,0.4,8.67,0.15,0.75,163.07,19.61,123.2,12.26,0.36,1.34,5.68,13.30,2.74
1106,3785,Appa Birappa Koli,Jath,72/1,Jalihal Khurd,0.4,8.59,0.18,0.54,175.62,17.38,156.8,14.92,0.44,1.46,3.76,9.38,2.66
1107,3786,Bhagvan  Sada Hegade,Jath,77/?.  78/3,Jalihal Khurd,0.4,8.50,0.17,0.57,126.69,27.19,201.6,14.31,0.68,1.37,2.10,4.82,1.88
1108,3787,Bhagvan Nana Suarvanshi,Jath,89/6,Jalihal Khurd,0.4,8.56,0.16,0.43,149.27,31.20,212.8,12.74,1.14,1.48,3.44,10.24,2.62
1109,3788,Bhimarao ??????? Mane,Jath,55/4,Jalihal Khurd,0.4,7.97,0.25,0.64,175.62,22.73,179.2,11.60,0.92,1.32,2.84,5.28,7.88
1110,3789,Bhimrav Kasiram Chavan,Jath,47/1,Jalihal Khurd,0.4,7.97,0.34,0.51,137.98,12.04,190.4,15.53,3.28,1.37,2.32,6.80,8.10
1111,3790,Bhimu Maruti Javir,Jath,"77/?. ,78/3",Jalihal Khurd,0.6,8.11,0.23,0.79,213.25,16.05,212.8,10.47,3.62,1.50,3.04,4.84,7.72
1112,3791,Birappa Appa Koli,Jath,72/3,Jalihal Khurd,0.8,8.08,0.24,0.90,213.25,26.75,235.2,11.04,3.22,1.19,2.90,5.72,7.08
1113,3792,Birappa Irappa Karve,Jath,66/?,Jalihal Khurd,0.41,8.01,0.24,0.72,150.53,21.40,201.6,15.79,2.82,1.11,3.54,6.52,9.28
1114,3793,Birappa Keruba Birajdar,Jath,86/9,Jalihal Khurd,0.4,8.01,0.22,0.71,163.07,18.72,179.2,13.57,2.42,1.25,3.26,6.26,7.40
1115,3794,Birappa Shankar Chavan,Jath,20/3,Jalihal Khurd,0.4,8.04,0.23,0.93,213.25,15.16,190.4,14.70,0.62,1.36,3.38,5.38,7.66
1116,3795,Birappa Shrimant Patil,Jath,1,Jalihal Khurd,0.5,8.08,0.27,0.56,263.42,20.06,156.8,12.61,3.18,1.27,3.32,7.00,6.88
1117,3796,Chandrbhaga Manohar Patil,Jath,1,Jalihal Khurd,0.4,8.40,0.34,0.67,175.62,12.48,201.6,11.25,0.96,1.08,2.56,7.28,1.50
1118,3797,Dadaso Baburao Chavan,Jath,14,Jalihal Khurd,2.3,8.07,0.29,0.56,188.16,14.71,179.2,12.00,0.56,1.21,3.58,5.60,8.52
1119,3798,Damu Maruti Javir,Jath,77/?. 78/3,Jalihal Khurd,0.8,8.24,0.67,0.71,175.62,16.94,145.6,15.75,0.52,1.38,2.00,5.36,2.42
1120,3799,Dariba Maruti Javir,Jath,77/?,Jalihal Khurd,0.4,8.36,0.10,0.51,263.42,17.83,179.2,14.13,2.64,1.47,1.80,5.58,1.56
1121,3800,Datta Laxman Nile,Jath,18/1,Jalihal Khurd,0.4,8.39,0.30,0.60,112.90,15.16,212.8,14.61,3.02,1.13,1.42,4.08,1.34
1122,3801,Dhindiba Hari Birajdar,Jath,86/5,Jalihal Khurd,0.4,8.13,0.36,0.63,238.34,14.26,179.2,13.87,1.56,1.08,2.44,4.92,6.58
1123,3802,Dhula Hariba Suarvanshi,Jath,89/8,Jalihal Khurd,0.4,8.05,0.32,0.57,188.16,22.29,168.0,12.87,2.58,1.00,3.54,3.28,7.64
1124,3803,Hanmanth Kenchapa Nile,Jath,65,Jalihal Khurd,0.6,8.70,0.36,0.51,150.53,16.49,212.8,16.05,3.36,1.05,4.22,3.46,4.28
1125,3804,Hariba Gorakh Shinde,Jath,19/7/?/8/?,Jalihal Khurd,0.4,8.07,0.32,0.44,175.62,16.94,179.2,14.44,3.14,0.98,2.22,4.74,6.70
1126,3805,Indabai Sada Jadhav,Jath,20/11,Jalihal Khurd,0.8,8.04,0.30,0.56,137.98,20.06,190.4,11.86,3.00,1.18,2.72,2.80,8.20
1127,3806,Jalindar Govind Birajdar,Jath,11/2,Jalihal Khurd,0.4,7.98,0.52,0.63,250.88,23.18,134.4,9.86,3.46,1.38,2.14,3.42,6.94
1128,3807,Jalindar Shrimant Bhosale,Jath,76,Jalihal Khurd,0.4,8.21,0.30,0.74,188.16,17.38,145.6,10.64,3.10,1.45,2.80,3.90,7.40
1129,3808,Jayavant Bhimrao Patil,Jath,69,Jalihal Khurd,0.6,7.77,0.68,0.53,200.70,16.49,224.0,11.21,0.40,1.53,4.38,3.36,7.38
1130,3809,Kamanna Maruti Javir,Jath,"77/?. ,78/3",Jalihal Khurd,0.4,7.69,1.05,0.81,125.44,22.73,156.8,11.78,1.58,1.60,1.08,10.56,7.54
1131,3810,Kamanna Shrimant Patil,Jath,71,Jalihal Khurd,0.8,8.52,0.15,0.58,200.70,16.05,134.4,10.51,0.52,0.98,2.58,15.56,1.12
1132,3811,Kasturabaii Ogyappa ?????,Jath,85,Jalihal Khurd,0.5,8.40,0.19,0.38,188.16,20.95,156.8,12.08,3.14,1.18,2.38,0.62,2.82
1133,3812,Kenchapp Irappa Nile,Jath,66,Jalihal Khurd,1.5,8.09,0.10,0.60,150.53,17.83,224.0,10.60,2.16,1.23,3.74,0.86,8.24
1134,3813,Kondabai Sopan Nile,Jath,66/1,Jalihal Khurd,0.4,8.10,0.28,0.40,150.53,15.60,156.8,9.68,2.42,1.32,2.60,1.44,7.44
1135,3814,Kondiba Hari Birajdar,Jath,86/5,Jalihal Khurd,0.4,8.13,0.31,0.42,250.88,19.17,134.4,9.25,2.72,1.06,3.10,1.58,2.96
1136,3815,Kundlik Zandev Suarvanshi,Jath,89/7,Jalihal Khurd,0.4,8.11,0.29,0.51,225.79,16.05,145.6,12.34,3.24,1.16,2.90,2.10,7.00
1137,3816,Kusaba Tukaram Gherde,Jath,23,Jalihal Khurd,0.5,8.08,0.17,0.39,163.07,18.72,168.0,11.38,2.38,1.35,2.66,2.16,4.98
1138,3817,Laximibai Maruti Suarvanshi,Jath,89/9,Jalihal Khurd,0.5,8.10,0.32,0.33,188.16,23.63,156.8,12.96,3.24,1.37,1.76,0.66,5.72
1139,3818,Layavva Laxman Birajdar,Jath,62/2,Jalihal Khurd,0.8,8.09,0.17,0.57,188.16,17.38,145.6,10.29,2.62,1.12,3.02,3.18,7.10
1140,3819,Mahadev Dhondappa ????,Jath,71,Jalihal Khurd,0.6,8.08,0.27,0.47,175.62,18.28,168.0,9.47,3.00,1.40,2.26,3.38,0.70
1141,3820,Mahadev Hariba Mane,Jath,52/3,Jalihal Khurd,0.8,8.19,0.26,0.36,213.25,15.60,179.2,9.99,2.86,1.47,2.58,2.26,7.58
1142,3821,Mahadev Ramji Patil,Jath,1,Jalihal Khurd,0.3,8.09,0.28,0.75,213.25,16.49,179.2,10.91,2.38,1.28,1.36,2.32,6.54
1143,3822,Mallappa Irappa Karve,Jath,66,Jalihal Khurd,0.4,8.18,0.11,0.68,200.70,18.72,112.0,10.12,3.18,1.14,2.66,2.32,4.98
1144,3823,Manik Appa Shinde,Jath,19/1,Jalihal Khurd,0.5,8.10,0.13,0.40,175.62,12.93,134.4,10.86,2.90,1.42,2.84,2.34,5.46
1145,3824,Maruti Baburao Chavan,Jath,14,Jalihal Khurd,2.5,8.07,0.28,0.51,150.53,16.94,145.6,10.21,3.08,1.32,3.58,2.06,8.36
1146,3825,Maruti Mahadev Patil,Jath,39.38,Jalihal Khurd,0.4,8.08,0.20,0.43,163.07,12.04,112.0,11.56,2.22,1.22,3.36,0.44,6.76
1147,3826,Maruti Nana.Mane,Jath,52/2,Jalihal Khurd,0.4,8.04,0.50,0.36,175.62,15.60,123.2,9.95,3.22,1.19,4.62,1.83,8.48
1148,3827,Maruti Pandurang Suarvanshi,Jath,89/3,Jalihal Khurd,0.4,8.37,0.16,0.32,238.34,16.49,134.4,9.33,2.94,1.31,3.98,1.36,4.32
1149,3828,Maruti Tukaram Gherde,Jath,23/1,Jalihal Khurd,0.5,8.08,0.31,0.38,213.25,13.37,156.8,10.95,2.70,1.08,3.94,1.96,7.42
1150,3829,Maryapp Tukaram.Gherde,Jath,23,Jalihal Khurd,40,8.05,0.28,0.63,150.53,15.16,179.2,10.77,2.32,1.52,3.48,1.50,6.76
1151,3830,Mhalappa Birappa Koli,Jath,72/1,Jalihal Khurd,0.4,8.26,0.31,0.32,175.62,23.18,235.2,11.91,0.24,1.20,1.98,1.76,7.66
1152,3831,Mhalappa Shrimant Patil,Jath,1,Jalihal Khurd,0.5,8.27,0.20,0.35,137.98,12.04,201.6,11.82,0.32,1.37,2.02,2.76,5.94
1153,3832,Mohan Ghula Suryavanshi,Jath,55/1?,Jalihal Khurd,0.4,8.58,0.20,0.63,225.79,15.60,190.4,10.60,1.18,1.23,4.78,3.54,1.08
1154,3833,Muktabai Govind Birajdar,Jath,70,Jalihal Khurd,0.5,8.56,0.10,0.79,200.70,17.83,201.6,10.08,0.72,1.41,3.90,0.64,1.72
1155,3834,Muktabai Maruti Suarvanshi,Jath,88/2,Jalihal Khurd,0.6,8.35,0.46,0.44,163.07,16.94,168.0,11.12,0.28,1.48,2.52,5.28,3.56
1156,3835,Nagraj Kundlik  Bhosale,Jath,"76, 79",Jalihal Khurd,0.6,8.51,0.22,0.53,188.16,18.28,156.8,12.17,0.90,1.24,3.06,2.36,1.46
1157,3836,Namdev Maruti Javir,Jath,77/?. 77/3,Jalihal Khurd,0.5,8.58,0.91,0.61,200.70,20.06,134.4,10.25,2.76,1.27,4.76,2.80,1.64
1158,3837,Nana Appa Suarvanshi,Jath,49,Jalihal Khurd,0.6,8.87,0.10,0.49,163.07,12.93,145.6,9.33,0.48,1.32,3.42,1.22,4.06
1159,3838,Pandurang Maruti Suarvanshi,Jath,89/3,Jalihal Khurd,0.8,8.15,0.29,0.47,263.42,16.05,123.2,10.34,0.68,1.38,1.36,0.44,8.16
1160,3839,Pandurang Tukaram Birajdar,Jath,12/3,Jalihal Khurd,0.6,8.56,0.15,0.44,137.98,17.38,134.4,11.38,1.58,1.35,3.62,2.92,1.26
1161,3840,Rajaram Shrimant Bhosale,Jath,76. 79,Jalihal Khurd,0.4,8.23,0.12,0.31,200.70,19.61,168.0,12.65,1.86,1.46,5.20,7.24,1.96
1162,3841,Rakhmabai Sopan Birajdar,Jath,12/3,Jalihal Khurd,0.6,7.82,0.44,0.40,150.53,22.73,179.2,13.74,1.54,1.63,3.44,4.48,1.06
1163,3842,Rakhmaji Tatoba Birajdar,Jath,86/9,Jalihal Khurd,0.6,8.59,0.27,0.46,200.70,12.48,190.4,14.92,1.70,1.47,4.86,9.68,0.76
1164,3843,Rama Kasiram Chavan,Jath,47/3,Jalihal Khurd,0.4,8.14,0.23,0.38,163.07,17.83,112.0,13.04,2.46,1.42,4.32,8.20,1.62
1165,3844,Rama Maruti Javir,Jath,77/?. 78/3,Jalihal Khurd,0.6,8.04,0.23,0.50,163.07,12.93,134.4,14.00,2.62,1.55,2.86,6.84,1.26
1166,3845,Ratanappa  tamanna Birajdar,Jath,62/1,Jalihal Khurd,0.4,8.37,0.16,0.44,238.34,14.26,145.6,15.18,1.72,1.57,3.42,4.86,1.94
1167,3846,??????  Dhindibs ????,Jath,85,Jalihal Khurd,0.8,8.53,0.15,0.58,188.16,19.17,112.0,13.57,1.22,1.50,1.30,3.24,1.32
1168,3847,Samrav Rama Mane,Jath,52,Jalihal Khurd,0.4,8.25,0.82,0.38,125.44,16.49,123.2,14.05,1.68,1.18,2.76,12.30,1.16
1169,3848,Sanjay Siddu Munjr,Jath,85/3,Jalihal Khurd,0.4,8.85,0.39,0.40,225.79,15.60,134.4,14.96,1.54,1.23,2.78,11.74,1.24
1170,3849,Santosh Ganpati Koli,Jath,72/1,Jalihal Khurd,0.4,8.40,0.33,0.50,213.25,19.61,156.8,13.91,2.68,1.34,2.96,16.70,3.30
1171,3850,Sarika Maruti Patil,Jath,38,Jalihal Khurd,0.4,8.80,0.27,0.43,188.16,14.26,112.0,13.52,1.58,1.21,3.16,13.06,1.88
1172,3851,Sarika Nanaso Suarvanshi,Jath,50/?,Jalihal Khurd,0.4,8.81,0.21,0.38,175.62,22.73,134.4,12.87,1.46,1.41,2.18,13.12,1.18
1173,3852,Savala Rama Mane,Jath,52,Jalihal Khurd,0.4,8.60,0.31,0.33,163.07,17.38,112.0,9.47,2.24,1.18,3.06,21.26,3.28
1174,3853,Shama Maruti Javir,Jath,77/?? 78/3,Jalihal Khurd,0.5,8.40,0.21,0.58,163.07,16.49,123.2,10.29,2.00,1.32,2.04,18.54,2.54
1175,3854,Shankar Tukaram Birajdar,Jath,86/2,Jalihal Khurd,0.4,8.66,0.11,0.35,250.88,21.84,134.4,10.86,1.62,1.30,2.76,12.16,1.78
1176,3855,Shivaji Tukaram ????????,Jath,12/3,Jalihal Khurd,0.6,8.60,0.22,0.71,288.51,17.83,156.8,11.47,1.82,1.20,5.64,22.00,1.76
1177,3856,Shrimant Ishvar Chavan,Jath,19,Jalihal Khurd,0.5,8.71,0.18,0.44,200.70,23.18,168.0,10.08,1.76,1.38,5.66,10.10,3.54
1178,3857,Sivaji Tukaram Birajdar,Jath,86/7,Jalihal Khurd,0.4,8.60,0.33,0.61,163.07,16.94,179.2,11.04,1.48,1.27,1.74,11.68,3.12
1179,3858,Sopan Tukaram Birajadar,Jath,86/2,Jalihal Khurd,0.4,8.35,0.26,0.49,163.07,15.16,134.4,9.90,2.30,1.22,2.56,9.40,1.26
1180,3859,Subhash Manik Shinde,Jath,19/3,Jalihal Khurd,0.4,8.14,0.14,0.44,188.16,18.72,112.0,9.47,1.84,1.18,7.34,7.38,0.60
1181,3860,Sukhdev Irappa Karve,Jath,66/5,Jalihal Khurd,0.4,8.76,0.14,0.39,188.16,23.63,123.2,10.69,1.40,1.14,1.26,8.10,1.90
1182,3861,Sukhdev Maruti More,Jath,54/1/?,Jalihal Khurd,1,8.24,0.50,0.46,175.62,16.05,145.6,9.77,1.66,1.33,4.06,7.14,1.76
1183,3862,Suman Bhimrao Mane,Jath,55/5,Jalihal Khurd,0.4,8.62,0.16,0.51,125.44,16.94,156.8,12.96,1.86,1.48,4.08,8.38,1.76
1184,3863,Vasant Sadasiv Patil,Jath,1,Jalihal Khurd,0.4,8.67,0.41,0.57,12.54,12.48,168.0,12.26,1.50,1.43,1.42,7.88,1.46
1185,3864,Vishnu Mhadev Chavan,Jath,45/4,Jalihal Khurd,0.5,8.04,0.79,0.35,225.79,14.71,112.0,11.95,1.96,1.37,2.38,7.66,1.62
1186,3865,Vitoba Shivram Chavan,Jath,20/3,Jalihal Khurd,0.4,8.70,0.10,0.38,188.16,18.72,123.2,12.91,4.20,1.23,2.94,11.38,1.84
1187,3866,Vittal Hariba Suarvanshi,Jath,89/8,Jalihal Khurd,0.4,8.29,0.39,0.39,150.53,11.59,134.4,10.51,2.84,1.34,2.74,7.36,5.56
1188,3867,Vittal Tammanna Birajdar,Jath,62/1,Jalihal Khurd,0.4,8.48,0.29,0.60,175.62,23.18,156.8,11.78,1.80,1.32,3.74,5.72,6.80
1189,3868,Yallappa Irappa Karve,Jath,66/3,Jalihal Khurd,0.5,7.79,0.65,0.40,150.53,20.50,168.0,12.56,1.70,1.16,5.10,18.14,1.48
1190,3869,Yasvant Sakharam Bhusnur,Jath,86/1,Jalihal Khurd,0.4,8.54,0.10,0.46,225.79,26.30,134.4,13.30,1.26,1.14,1.50,2.88,1.76
1191,3875,PIRGONDA BHIMANNA KAMGOND,Jath,44/1,Khilarwadi,4.35,8.07,0.14,0.65,100.35,17.38,112.00,10.99,0.52,0.92,3.60,1.36,1.32
1192,3876,Malappa Bhimanna Kamgond,Jath,44/1,Khilarwadi,4.35,7.49,0.26,0.69,163.07,24.96,112.00,13.52,0.32,1.17,3.96,1.50,0.90
1193,3877,Ravasaheb Bhimanna Kamagond,Jath,44/1,Khilarwadi,4.35,7.50,0.15,0.57,62.72,15.60,123.20,11.82,0.24,1.00,3.84,1.08,0.74
1194,3878,Suresh Basagonda Kamagonda,Jath,46/1,Khilarwadi,0.04,8.19,0.16,0.36,188.16,31.65,134.40,10.73,0.20,1.01,3.32,0.84,1.26
1195,3879,Gulappa Pargonda Kamgond,Jath,44/1,Khilarwadi,3.52,7.81,0.15,0.61,75.26,20.50,100.80,11.65,0.30,1.02,2.72,1.22,0.72
1196,3880,GURAPPA PARAGONDA KAMAGOND,Jath,44/1,Khilarwadi,3.55,7.43,0.27,0.58,150.53,13.82,134.40,12.56,0.28,0.98,2.54,0.68,0.56
1197,3881,Kesappa Pargonda Kamgond,Jath,44/1,Khilarwadi,3.55,7.29,0.29,0.65,150.53,9.81,112.00,12.91,0.32,0.88,2.76,0.54,0.68
1198,3882,Gopal Yashvant Lokhande,Jath,43/1,Khilarwadi,0.80,7.45,0.18,0.47,163.07,14.71,123.20,15.79,0.22,1.13,3.94,0.60,0.74
1199,3883,Akkatai Balappa Lokhande,Jath,67,Khilarwadi,2.33,7.32,0.37,0.61,163.07,16.94,156.80,10.08,0.28,1.16,2.64,0.46,0.56
1200,3884,Biru Dongariba Lokhande,Jath,51,Khilarwadi,1.25,7.34,0.19,0.51,150.53,9.36,168.00,9.60,0.26,0.96,3.22,0.90,0.62
1201,3885,Bhairappa Kallappa Kotgond,Jath,63,Khilarwadi,1.75,7.55,0.30,0.51,112.90,20.06,134.40,10.95,0.20,0.99,1.80,1.00,0.36
1202,3886,Raju Soma Shejul,Jath,88,Khilarwadi,1.70,7.70,0.27,0.90,175.62,25.41,112.00,9.55,0.28,0.91,1.72,0.34,0.48
1203,3887,Annappa Vithoba Bamne,Jath,4,Khilarwadi,2.16,8.54,0.14,0.58,125.44,10.70,112.00,13.52,0.22,0.81,3.08,5.16,1.46
1204,3888,Savitri Bhairappa Belunki,Jath,88,Khilarwadi,1.20,8.32,0.19,0.76,125.44,10.25,123.20,14.96,0.68,0.70,1.94,2.92,1.54
1205,3889,Aambaji Vithoba Bamane,Jath,311,Khilarwadi,1.67,8.16,0.30,0.47,137.98,25.41,123.20,17.10,0.64,1.13,5.22,0.76,2.48
1206,3890,Nandu Govind Shejil,Jath,88,Khilarwadi,1.60,7.91,0.27,0.56,100.35,19.17,145.60,12.69,0.18,1.11,1.58,0.36,0.42
1207,3891,Ananda Govind Shejul,Jath,88,Khilarwadi,1.60,7.62,0.25,6.39,163.07,19.61,134.40,12.39,0.28,1.11,2.32,0.36,0.46
1208,3892,Uttam Govind Shejul,Jath,88,Khilarwadi,1.60,7.54,0.16,0.65,175.62,25.85,100.80,13.61,0.30,1.16,4.66,1.40,0.72
1209,3893,Nana Soma Shejul,Jath,88,Khilarwadi,1.70,8.45,0.17,0.57,112.90,14.26,134.40,15.18,0.52,0.98,2.20,0.40,1.74
1210,3894,Arjun Soma Shejul,Jath,88,Khilarwadi,1.70,8.40,0.32,0.85,125.44,16.05,134.40,16.10,1.18,0.99,0.90,0.88,3.28
1211,3895,Ganesh Bhiva Shejul,Jath,88,Khilarwadi,1.20,7.42,0.29,0.72,200.70,20.06,145.60,10.77,0.36,1.02,4.30,1.10,0.74
1212,3896,Shivaji Jayappa Kokare,Jath,88,Khilarwadi,1.20,8.02,0.19,0.40,125.44,11.59,179.20,10.03,0.32,0.97,1.02,0.80,1.58
1213,3897,Aaba Shrimnat Keskakar,Jath,41/1,Khilarwadi,1.80,7.60,0.29,0.79,112.90,14.26,156.80,13.78,0.28,0.99,2.28,0.38,0.38
1214,3898,Basappa Aanappa Kodalakar,Jath,42/1,Khilarwadi,0.80,7.45,0.18,0.61,175.62,13.37,134.40,12.34,0.26,1.22,2.08,0.96,0.56
1215,3899,Ankush Tukaram Shejul,Jath,88,Khilarwadi,0.44,7.31,0.25,0.63,200.70,15.16,123.20,13.04,0.28,1.13,2.06,0.46,0.48
1216,3900,Birappa Kallappa Kotganad,Jath,43/1,Khilarwadi,2.00,7.38,0.27,0.61,112.90,15.16,112.00,10.95,0.26,1.16,3.00,1.00,0.50
1217,3901,Gurappaa Basgonda Kamgond,Jath,43/1,Khilarwadi,1.25,8.16,0.35,0.57,213.25,23.18,100.80,12.08,0.24,0.77,2.12,0.52,0.40
1218,3902,Aannapa Pujari Lokhande,Jath,1,Khilarwadi,0.80,7.62,1.01,0.49,100.35,26.30,134.40,12.82,0.30,0.88,2.02,0.14,0.60
1219,3903,Ramu Bira Lokhande,Jath,43/1,Khilarwadi,0.80,7.88,0.24,0.79,137.98,15.16,145.60,12.34,0.30,0.89,1.48,0.64,0.92
1220,3904,Shivaji Bira Lokhande,Jath,46/1,Khilarwadi,2.20,7.43,0.21,0.43,125.44,12.48,156.80,13.30,0.30,1.00,2.98,1.20,0.64
1221,3905,Babaso Ramu Lokhande,Jath,8,Khilarwadi,0.20,7.45,0.26,0.47,125.44,21.40,134.40,14.87,0.22,1.06,1.46,0.62,0.28
1222,3906,Raju Yashvant Lokhnde,Jath,8,Khilarwadi,8.60,7.50,0.28,0.67,75.26,11.14,123.20,11.04,0.32,0.93,2.52,0.78,0.40
1223,3907,Ratanu Yashavant Lokhande,Jath,8,Khilarwadi,8.60,7.51,0.26,0.65,200.70,20.95,112.00,14.57,0.24,0.85,2.68,0.38,0.26
1224,3908,Mhalappa Bhimnna Kamgond,Jath,43/1,Khilarwadi,1.00,7.69,0.28,0.67,188.16,26.30,112.00,17.23,0.46,1.02,1.70,1.80,0.98
1225,3909,Bhimanna Basappa Mulashi,Jath,9,Khilarwadi,3.10,7.89,0.21,0.67,112.90,15.16,112.00,9.47,0.26,0.61,2.34,0.26,0.24
1226,3910,Nigappa Biru Lokhande,Jath,18,Khilarwadi,1.00,7.81,0.30,0.65,125.44,15.60,156.80,11.95,0.26,1.21,2.22,0.10,0.44
1227,3911,Ramu Mhallppa Mudashi,Jath,19,Khilarwadi,1.70,7.46,0.43,0.68,125.44,14.26,134.40,12.91,0.26,0.84,2.12,0.20,0.18
1228,3912,Vidya RajendarKumar Patil,Jath,43/1,Khilarwadi,3.00,7.42,0.21,0.63,112.90,12.04,123.20,11.86,0.38,0.90,1.96,0.86,0.46
1229,3913,Sunil Ramu Lokhande,Jath,55,Khilarwadi,6.24,7.69,0.30,0.43,163.07,20.50,112.00,13.91,0.34,1.12,2.74,0.92,0.58
1230,3914,Margu Rauba Lokhande,Jath,29,Khilarwadi,0.69,7.45,0.29,0.69,200.70,17.38,100.80,14.83,0.26,1.13,3.50,0.58,0.40
1231,3915,Maruti Biru Lokhande,Jath,55,Khilarwadi,6.24,7.60,0.20,0.50,175.62,18.72,123.20,13.22,0.30,1.00,2.54,1.18,0.58
1232,3916,Balvant Nivrutti Shinde,Jath,85,Khilarwadi,0.49,7.44,0.26,0.58,163.07,10.70,100.80,10.64,0.32,0.88,4.14,0.96,0.38
1233,3917,Ankush Akaram Shejul,Jath,46/2,Khilarwadi,1.00,7.92,0.27,0.60,137.98,13.37,156.80,11.82,0.54,1.19,2.54,1.12,1.58
1234,3918,Chandu Krushna Shejul,Jath,88,Khilarwadi,2.00,7.78,0.24,0.61,175.62,15.60,100.80,12.43,0.36,1.23,4.76,1.88,1.06
1235,3919,Bayaji Mayappa Shejul,Jath,88,Khilarwadi,11.15,7.62,0.12,0.78,175.62,18.28,112.00,10.34,0.18,1.00,5.28,1.24,0.40
1236,3920,Namdev Banu Lokhande,Jath,142,Khilarwadi,1.02,7.55,0.22,0.85,213.25,23.18,123.20,10.12,0.36,1.09,4.98,3.10,0.98
1237,3921,Ravso Vithoba Ok Kodlakar,Jath,244,Khilarwadi,1.22,7.50,0.16,0.57,163.07,14.26,134.40,11.30,0.24,0.74,6.46,1.32,0.62
1238,3922,Shankar Balasaheb Tambe,Jath,257,Khilarwadi,1.10,7.41,0.29,0.65,175.62,27.19,145.60,13.00,0.22,0.72,2.90,1.30,0.44
1239,3923,Rama Pujari Lokhande,Jath,338,Khilarwadi,1.22,7.56,0.33,0.64,175.62,12.93,156.80,14.26,0.34,1.00,2.96,1.26,0.54
1240,3924,Kamanna Dhula Lokhande,Jath,955,Khilarwadi,0.40,8.08,0.23,0.56,213.25,13.37,168.00,14.66,0.44,0.98,4.38,0.34,0.50
1241,3925,Mlhari Vithoba Lokhande,Jath,966,Khilarwadi,2.53,7.55,0.21,0.47,213.25,10.70,168.00,13.13,0.66,0.85,2.06,0.96,2.02
1242,3926,Ravsaheb Droupadi Lokhande,Jath,966,Khilarwadi,1.66,7.48,0.18,0.75,87.81,22.73,112.00,12.34,0.32,1.15,3.38,1.72,0.68
1243,3927,Dhanu Rama Solnkar,Jath,986,Khilarwadi,9.38,7.44,0.16,0.58,275.97,19.17,123.20,10.69,0.24,0.87,3.36,0.94,0.36
1244,3928,Srishel Rama Solnkar,Jath,986,Khilarwadi,3.00,7.32,0.25,0.89,225.79,14.26,123.20,14.57,0.30,1.05,2.92,0.36,0.24
1245,3929,Sidhappa Biru Lokhande,Jath,99,Khilarwadi,1.80,7.30,0.29,0.51,175.62,23.18,134.40,15.75,0.32,1.03,2.16,1.22,0.60
1246,3930,Devraj Sadashiv Lengre,Jath,996,Khilarwadi,0.73,7.37,0.26,0.51,175.62,19.17,134.40,14.39,0.36,0.75,4.78,1.92,0.66
1247,3931,Sangappa Skharam Baigade Hi,Jath,1073,Khilarwadi,1.20,7.35,0.18,0.61,137.98,14.26,145.60,12.65,0.28,0.85,5.88,1.72,0.68
1248,3932,Lkashman Dhunddppa Lokhande,Jath,111,Khilarwadi,0.61,7.26,0.18,0.47,188.16,16.05,156.80,10.95,0.22,1.38,5.24,1.64,0.50
1249,3933,Panguru Gundappa Kodalakar,Jath,41/1,Khilarwadi,1.70,8.09,0.22,0.65,213.25,27.19,134.40,11.52,0.22,1.15,3.86,0.88,0.44
1250,3934,Devappa Namu Lokhande,Jath,1041,Khilarwadi,1.54,7.48,0.15,0.38,175.62,15.16,123.20,16.71,0.34,0.73,5.64,2.98,0.68
1251,3935,Bhima Namdev Lokhande,Jath,43/1,Khilarwadi,1.70,7.65,0.18,0.56,163.07,12.04,134.40,14.00,0.28,0.75,6.02,4.46,1.08
1252,3936,Bimu Gurunigga Billur,Jath,44/1,Khilarwadi,2.12,7.42,0.10,0.63,137.98,13.37,112.00,13.04,0.34,0.75,5.32,1.12,0.72
1253,3937,Bapu Maruti Ghagare,Jath,46/1,Khilarwadi,1.12,7.44,0.10,0.63,188.16,15.60,145.60,9.25,0.42,0.84,3.70,1.42,0.94
1254,3938,Arjun Mhllal Lokhande,Jath,43/1,Khilarwadi,1.20,7.30,0.16,0.51,200.70,21.40,156.80,11.69,0.38,0.97,6.28,1.60,0.64
1255,3939,Aappasab Mallappa Lokhande,Jath,43/1,Khilarwadi,1.04,7.35,0.14,0.40,163.07,18.28,112.00,10.25,0.32,0.72,5.02,2.02,0.68
1256,3940,Balu Tamnna Solnkar,Jath,46/1,Khilarwadi,1.40,7.64,0.21,0.56,175.62,11.14,134.40,11.34,0.28,0.83,4.58,1.66,0.36
1257,3941,Bapu Babaji Lokhande,Jath,46/1,Khilarwadi,1.60,7.49,0.13,0.50,175.62,12.04,145.60,12.13,0.34,1.03,4.62,2.46,0.52
1258,3942,Bhimrav Dhanu Lokhande,Jath,46/1,Khilarwadi,1.20,7.27,0.13,0.85,175.62,13.37,112.00,12.30,0.38,1.01,5.44,4.30,1.10
1259,3943,Bira Khandu Lokhande,Jath,46/1,Khilarwadi,1.60,7.34,0.17,0.79,213.25,15.16,123.20,10.82,0.44,0.96,3.38,2.62,0.72
1260,3944,Kondiba Bapu Keskar,Jath,43/1,Khilarwadi,1.20,7.77,0.12,0.53,125.44,22.73,112.00,9.73,0.28,0.75,3.54,1.10,0.20
1261,3945,Ishwar Nigappa Kodalkar,Jath,43/1,Khilarwadi,2.30,7.59,0.11,0.58,150.53,17.83,100.80,12.61,0.30,0.96,2.82,1.34,0.48
1262,3946,Jkubai Biru Olekar,Jath,43/1,Khilarwadi,1.70,7.41,0.16,0.61,137.98,19.61,156.80,12.26,0.30,0.73,3.38,0.90,0.42
1263,3947,Kakaso Dhondiba Lokhande,Jath,46/1,Khilarwadi,3.20,7.38,0.14,0.69,213.25,15.16,134.40,10.73,0.36,0.86,3.08,1.32,0.44
1264,3948,Kamabai Daau Solnkar,Jath,43/1,Khilarwadi,4.31,7.35,0.13,0.71,87.81,12.93,112.00,13.00,0.28,0.88,3.36,0.80,0.38
1265,3949,Mhallappa Shrimant Keskar,Jath,40/1,Khilarwadi,2.60,7.36,0.16,0.47,188.16,17.83,112.00,12.96,0.46,1.13,1.72,0.66,0.36
1266,3950,Mhallappa Yashwant Lokhande,Jath,46/1,Khilarwadi,2.63,7.45,0.15,0.47,163.07,12.04,145.60,11.43,0.30,1.00,2.66,0.32,0.46
1267,3951,Nana Shivappa Lokhande,Jath,46/1,Khilarwadi,3.81,7.84,0.16,0.64,263.42,14.71,134.40,13.61,0.26,0.72,2.64,0.34,0.76
1268,3952,Makrand Aambaji Bamne,Jath,3,Khilarwadi,0.86,8.57,0.06,0.47,225.79,12.48,123.20,16.62,0.28,1.05,4.38,1.10,0.84
1269,3953,Ravsaheb Bira Lokhande,Jath,6,Khilarwadi,0.46,8.48,0.07,0.46,200.70,13.82,134.40,11.78,0.24,1.08,4.26,1.08,0.86
1270,4059,Aadinath Tukaram Khilare,Jath,165,Bagalwadi,1.00,7.82,0.12,0.24,213.25,7.58,100.80,9.86,0.38,1.33,7.14,6.56,1.88
1271,4060,Amar Dharma Khandekar,Jath,143,Bagalwadi,0.86,8.21,1.00,0.47,238.34,8.02,179.20,7.98,0.22,1.43,2.12,8.36,1.44
1272,4061,Anita Dasarth Khandekar,Jath,235/2,Bagalwadi,0.80,8.58,0.48,0.46,200.70,6.69,179.20,7.46,0.44,1.19,4.44,10.40,1.52
1273,4062,Anjana Yallappa Gend,Jath,216,Bagalwadi,1.20,8.46,0.28,0.56,188.16,8.92,246.40,4.89,0.66,1.15,6.18,9.74,2.78
1274,4063,Ankush Krushna Khandekar,Jath,31,Bagalwadi,1.60,8.42,0.40,0.64,250.88,8.02,224.00,9.29,0.40,1.56,4.64,5.46,1.08
1275,4064,Annaso Rachappa Naik,Jath,218,Bagalwadi,1.30,8.35,0.83,0.53,225.79,5.79,414.40,4.71,0.30,1.83,1.00,4.74,0.98
1276,4065,Appaso Rachappa Naik,Jath,218,Bagalwadi,1.86,8.11,1.01,0.83,188.16,22.73,560.00,9.25,1.40,1.99,3.40,11.84,2.60
1277,4066,Arun Chandrakant Khandekar,Jath,47/1,Bagalwadi,1.00,8.64,0.94,0.40,225.79,18.72,235.20,13.13,0.42,1.56,5.96,17.38,1.68
1278,4067,Arun Shivaji Khilare,Jath,98,Bagalwadi,0.60,8.27,1.20,0.43,188.16,8.92,212.80,5.45,0.24,1.73,4.72,9.08,1.24
1279,4068,Ashok Baba Khilare,Jath,138,Bagalwadi,0.93,8.39,0.33,0.40,213.25,7.58,201.60,10.86,0.50,1.32,4.64,15.58,2.02
1280,4069,Ashok Ganpati Kadam,Jath,235,Bagalwadi,0.80,8.69,1.00,0.42,238.34,5.35,100.80,13.52,0.30,1.27,4.42,10.50,1.44
1281,4070,Balaso Yashwant Khilare,Jath,163,Bagalwadi,0.80,8.33,0.84,0.42,200.70,8.02,179.20,9.51,0.78,1.41,5.00,9.44,1.32
1282,4071,Balu Dagadu Khandekar,Jath,235/2,Bagalwadi,0.54,8.70,0.78,0.50,213.25,9.36,179.20,8.16,0.24,1.40,4.68,16.20,1.22
1283,4072,Bhagirathi Gurling Naik,Jath,227,Bagalwadi,1.57,8.70,0.34,0.49,225.79,10.70,235.20,8.51,0.32,1.50,7.98,10.36,0.50
1284,4073,Bhagwan Dagadu Khandekar,Jath,242,Bagalwadi,0.41,8.20,0.45,0.36,238.34,11.14,123.20,7.90,0.28,1.45,5.96,5.90,1.30
1285,4074,Bhalchandra Rachappa Naik,Jath,229,Bagalwadi,1.00,8.58,0.37,0.26,200.70,11.59,100.80,17.80,0.30,1.60,3.66,6.76,1.44
1286,4075,Chandrakant Dnyanu Khandekar,Jath,117,Bagalwadi,3.55,8.19,0.28,0.24,200.70,7.13,100.80,9.64,0.48,1.74,4.06,2.34,1.06
1287,4076,Chhaya Suryakant Khandekar,Jath,155,Bagalwadi,0.58,8.25,0.88,0.43,213.25,5.35,100.80,4.54,0.54,1.85,6.26,15.00,1.64
1288,4077,Daryappa Nivrutti Khilare,Jath,29,Bagalwadi,0.60,8.25,0.19,0.39,238.34,8.02,100.80,11.86,0.30,1.37,4.18,2.40,0.96
1289,4078,Dattatray Ramanna Naik,Jath,230,Bagalwadi,3.00,8.46,0.80,0.53,200.70,13.82,168.00,10.86,0.52,1.41,5.38,12.88,1.04
1290,4079,Dattatray Tukaram Chavan,Jath,208,Bagalwadi,0.40,8.40,0.23,0.18,188.16,14.71,123.20,6.19,0.56,1.49,2.56,1.72,0.20
1291,4080,Dhanaji Tanaji Kashid,Jath,209,Bagalwadi,1.00,8.70,0.80,0.33,200.70,14.26,212.80,15.57,0.44,1.22,6.22,20.78,1.36
1292,4081,Dharma Vitthal Khandekar,Jath,143,Bagalwadi,1.29,8.16,1.00,0.31,238.34,8.92,246.40,7.24,0.40,1.55,5.26,12.26,0.94
1293,4082,Digvijay Madhukar Shinde,Jath,110,Bagalwadi,4.23,8.19,1.05,0.47,238.34,9.36,212.80,8.94,0.30,1.19,7.80,11.02,0.60
1294,4083,Dipak Ananda Khandekar,Jath,235/2,Bagalwadi,0.80,8.71,0.95,0.54,200.70,7.58,100.80,6.98,0.44,1.45,3.98,12.28,0.60
1295,4084,Dnyaneshwar Maruti Bagal,Jath,261,Bagalwadi,0.56,8.24,0.11,0.58,188.16,9.36,268.80,6.02,0.54,1.23,11.06,2.64,1.26
1296,4085,Dyanu Namu Munje,Jath,148/1,Bagalwadi,3.10,8.26,0.95,0.50,175.62,8.92,179.20,9.16,0.60,1.38,4.74,15.78,0.88
1297,4086,Hanmant Ramhari Khandekar,Jath,32,Bagalwadi,0.80,7.97,1.07,0.72,238.34,15.60,89.60,8.42,0.98,1.25,4.86,7.08,1.12
1298,4087,Hanumant Gurling Naik,Jath,222,Bagalwadi,1.46,8.53,0.30,0.42,250.88,16.05,89.60,5.06,0.30,1.51,5.72,6.06,1.48
1299,4088,Khandu Shamrav Khandekar,Jath,16,Bagalwadi,0.22,8.34,0.23,0.46,188.16,12.48,89.60,6.80,0.68,1.69,3.10,4.60,0.44
1300,4089,Krishna Rama Khilare,Jath,169,Bagalwadi,0.60,8.52,0.38,0.40,225.79,8.92,89.60,4.97,0.30,1.33,6.14,1.74,1.62
1301,4090,Kumar Madhukar Shinde,Jath,110,Bagalwadi,4.23,8.25,0.38,0.42,200.70,6.69,112.00,7.50,0.40,1.21,6.16,3.96,1.32
1302,4091,Kundlik Parsu Khandekar,Jath,45/1/2,Bagalwadi,0.80,8.37,0.64,0.43,200.70,9.36,145.60,5.58,0.34,1.12,5.72,11.24,0.90
1303,4092,Laxman Dhondiba Munje,Jath,215,Bagalwadi,5.50,8.34,0.68,0.50,188.16,10.70,156.80,6.37,0.64,1.45,8.50,7.54,0.14
1304,4093,Laxmi Dipak Khandekar,Jath,235/2,Bagalwadi,0.45,8.70,0.25,0.38,175.62,12.04,190.40,6.54,0.48,1.28,6.82,7.18,1.24
1305,4094,Laxmi Kisan Chavan,Jath,60/1,Bagalwadi,1.30,8.21,0.25,0.28,200.70,12.48,100.80,7.76,0.40,1.46,5.20,13.04,0.54
1306,4095,Machchhindra Babaso Khilare,Jath,217,Bagalwadi,1.02,8.70,0.61,0.44,213.25,12.93,156.80,7.11,1.38,1.48,9.02,6.22,0.74
1307,4096,Mahadev Dhondiba Khilare,Jath,20,Bagalwadi,0.32,8.32,0.40,0.40,188.16,8.47,336.00,5.28,0.28,1.25,6.60,13.06,2.30
1308,4097,Mahadev Gurling Naik,Jath,227,Bagalwadi,1.30,8.22,0.38,0.44,175.62,6.69,100.80,7.63,0.28,1.14,5.26,8.36,0.30
1309,4098,Mahesh Sanjay Shinde,Jath,"56/1,2,3",Bagalwadi,1.30,8.46,0.25,0.43,163.07,9.36,100.80,7.94,0.90,1.20,5.58,4.34,0.24
1310,4099,Mangal Bapu Khilare,Jath,89,Bagalwadi,0.82,8.14,0.21,0.38,188.16,14.71,100.80,8.51,0.62,1.11,5.50,5.30,0.70
1311,4100,Manik Sauba Khandekar,Jath,88,Bagalwadi,0.60,8.64,0.87,0.28,200.70,16.05,112.00,9.29,0.38,1.59,7.70,7.50,0.86
1312,4101,Manohar Rangnath Khandekar,Jath,1314,Bagalwadi,1.80,8.71,0.82,0.38,213.25,15.60,156.80,7.72,0.22,1.73,9.20,10.86,0.72
1313,4102,Maruti Baba Khilare,Jath,164,Bagalwadi,1.61,8.13,0.98,0.40,200.70,10.25,112.00,5.89,0.26,1.43,8.06,17.84,0.88
1314,4103,Maruti Ramchandra Gend,Jath,213/2,Bagalwadi,1.00,8.14,0.18,0.44,200.70,10.70,134.40,11.38,0.70,1.37,7.16,4.96,0.20
1315,4104,Minakshi Dattatray Naik,Jath,231,Bagalwadi,0.30,8.64,0.19,0.26,175.62,8.92,123.20,6.50,0.62,1.34,7.82,2.48,0.48
1316,4105,Mohan Yashwant Khilare,Jath,167,Bagalwadi,1.22,8.17,0.48,0.39,188.16,10.70,112.00,7.24,0.36,1.21,7.84,11.94,0.44
1317,4106,Namdev Nivrutti Khandekar,Jath,28,Bagalwadi,1.40,8.41,0.26,0.47,175.62,10.25,212.80,8.38,0.36,1.15,12.22,4.78,0.30
1318,4107,Namdev Parsu Khandekar,Jath,51/1,Bagalwadi,1.30,8.70,0.38,0.57,163.07,16.94,112.00,9.38,0.24,1.06,7.56,17.88,0.22
1319,4108,Narayan Parsu Khandekar,Jath,"45/1,2",Bagalwadi,1.20,8.68,0.44,0.63,188.16,17.38,123.20,5.98,0.34,1.68,7.42,9.82,0.30
1320,4109,Pandurang Bhauso Kashid,Jath,208,Bagalwadi,1.00,8.30,0.15,0.54,175.62,13.82,112.00,9.07,1.08,1.76,6.10,8.02,0.30
1321,4110,Parvati Shivdas Khandekar,Jath,190,Bagalwadi,1.20,8.19,0.33,0.82,188.16,7.58,100.80,8.29,0.32,1.52,7.40,2.12,0.20
1322,4111,Phoolabai Bhimarav Khandekar,Jath,26,Bagalwadi,0.40,8.01,0.90,0.42,175.62,8.47,134.40,9.25,2.60,1.20,9.30,3.14,2.34
1323,4112,Pradip Ananda Khandekar,Jath,"44/1,2",Bagalwadi,4.50,8.00,0.29,0.40,200.70,8.47,179.20,6.85,0.64,1.25,8.62,20.38,0.10
1324,4113,Pramod Shivdas Khandekar,Jath,179,Bagalwadi,0.51,8.13,0.37,0.49,188.16,9.81,123.20,5.85,2.14,1.37,9.78,3.48,2.26
1325,4114,Rajaram Sauba Khandekar,Jath,103,Bagalwadi,0.40,8.13,0.16,0.50,188.16,12.48,112.00,6.46,0.62,1.18,8.14,8.68,0.16
1326,4115,Rajesh Shivaji Kadam,Jath,235/2,Bagalwadi,4.92,8.64,0.72,0.26,200.70,12.48,100.80,6.76,0.66,1.29,9.80,1.96,0.30
1327,4116,Rukmini Balasore Khandekar,Jath,112,Bagalwadi,1.11,8.70,0.18,0.38,175.62,7.13,100.80,8.77,0.20,1.46,9.18,5.98,0.60
1328,4117,Sachin Ghanshyam Khandekar,Jath,187/1,Bagalwadi,0.88,8.71,0.15,0.43,163.07,8.47,89.60,8.55,0.26,1.47,9.10,5.58,0.90
1329,4118,Sadashiv Dagadu Khandekar,Jath,241,Bagalwadi,0.80,8.22,1.03,0.39,200.70,9.36,89.60,7.85,1.08,1.58,7.78,6.10,0.58
1330,4119,Sambhaji Sitaram Khilare,Jath,24,Bagalwadi,0.60,8.16,1.08,0.44,213.25,8.02,123.20,6.76,0.96,1.82,8.24,4.62,0.40
1331,4120,Sampatrav Mahadev Khandekar,Jath,48/2,Bagalwadi,1.38,8.48,0.98,0.33,175.62,9.81,100.80,10.56,0.34,1.45,8.04,9.20,0.44
1332,4121,Sandip Shankar Bagal,Jath,262,Bagalwadi,0.56,8.20,0.22,0.50,200.70,10.25,156.80,7.72,1.10,1.42,6.10,7.52,1.14
1333,4122,Sangita Mohan Khilare,Jath,103,Bagalwadi,0.95,7.83,1.28,0.26,175.62,12.04,112.00,6.54,2.74,1.21,7.62,1.30,0.98
1334,4123,Sanjay Dnyaneshwar Khilare,Jath,160,Bagalwadi,1.13,8.69,0.29,0.51,213.25,14.71,145.60,8.11,0.36,1.69,7.52,10.18,0.78
1335,4124,Sanjay Tukaram Khandekar,Jath,150,Bagalwadi,0.60,8.43,0.37,0.57,200.70,16.05,179.20,9.12,0.68,1.24,8.38,1.88,0.50
1336,4125,Santosh Sukhadev Munje,Jath,148/2,Bagalwadi,1.41,8.70,0.30,0.44,213.25,14.26,168.00,7.42,1.36,1.46,11.60,11.30,1.94
1337,4126,Santosh Vitthal Kalel,Jath,130,Bagalwadi,0.33,8.08,0.39,0.39,225.79,8.47,100.80,5.45,1.80,1.32,8.58,7.58,3.14
1338,4127,Shahajrao Ashok Khilare,Jath,149,Bagalwadi,0.50,8.18,0.14,0.29,188.16,12.04,112.00,6.19,0.34,1.39,7.92,6.16,0.94
1339,4128,Shalabai Ashok Khilare,Jath,137,Bagalwadi,2.24,8.58,0.30,0.31,200.70,11.14,134.40,7.37,0.32,1.22,9.10,1.54,0.60
1340,4129,Shalan Ananda Khandekar,Jath,"44/1,2",Bagalwadi,1.80,8.47,0.47,0.33,175.62,8.02,123.20,7.24,0.28,1.35,11.18,3.10,0.42
1341,4130,Shankar Madhukar Shinde,Jath,110,Bagalwadi,4.23,8.51,0.73,0.28,213.25,7.58,212.80,6.02,0.36,1.40,10.00,11.96,0.46
1342,4131,Sharad Sopan Khandekar,Jath,32,Bagalwadi,0.91,8.71,0.67,0.22,175.62,9.36,100.80,5.28,0.46,1.28,9.44,9.60,0.32
1343,4132,Shashikala Dharma Khandekar,Jath,143,Bagalwadi,0.46,8.33,0.96,0.29,200.70,8.92,112.00,10.16,0.40,1.27,6.54,7.88,0.90
1344,4133,Shivaji Ashok Khilare,Jath,198,Bagalwadi,0.60,8.37,0.85,0.50,213.25,10.25,123.20,8.46,0.42,1.35,6.88,9.58,0.40
1345,4134,Shivaji Chanppa Naik,Jath,1.20,Bagalwadi,1.20,8.70,0.25,0.44,225.79,13.82,145.60,6.54,0.56,1.24,4.68,7.32,1.02
1346,4135,Shivaji Pandurang Khilare,Jath,12,Bagalwadi,0.50,8.39,0.52,0.54,188.16,12.93,179.20,8.16,0.48,1.27,5.16,3.86,1.98
1347,4136,Shobha Shahajirav Khilare,Jath,149,Bagalwadi,0.56,8.40,0.38,0.38,200.70,11.14,100.80,8.38,0.30,1.17,5.56,8.02,2.08
1348,4137,Siddhappa Rachappa Naik,Jath,218,Bagalwadi,1.30,8.45,0.30,0.26,175.62,10.70,100.80,9.16,0.22,1.13,10.26,2.30,2.10
1349,4138,Sidraya Bapu Urf Satyappa Naik,Jath,221,Bagalwadi,2.10,8.71,0.16,0.60,188.16,10.25,112.00,6.76,0.40,1.20,2.60,2.48,0.88
1350,4139,Sitaram Sauba Khandekar,Jath,87,Bagalwadi,0.60,8.70,0.39,0.26,225.79,8.02,134.40,5.37,2.44,1.14,6.14,14.16,0.52
1351,4140,Smith Ravsaheb Kashid,Jath,208,Bagalwadi,0.60,7.96,1.61,0.38,200.70,9.36,168.00,6.54,0.26,1.46,3.64,12.18,0.56
1352,4141,Sopan Krushna Khandekar,Jath,30,Bagalwadi,1.81,8.69,0.50,0.39,188.16,14.71,123.20,8.55,0.24,1.22,10.10,4.34,0.08
1353,4142,Subhash Rangnath Khandekar,Jath,14,Bagalwadi,0.60,8.70,0.43,0.47,200.70,15.16,112.00,8.24,0.30,1.58,3.10,2.86,0.72
1354,4143,Sulabai Pandurang Hipparkar,Jath,217,Bagalwadi,1.70,8.45,0.21,0.51,225.79,8.47,100.80,4.58,0.75,1.17,5.00,9.50,0.20
1355,4144,Tukaram Jagnnath Kalel,Jath,"142/1,2",Bagalwadi,1.00,8.29,0.29,0.40,200.70,9.81,123.20,7.24,0.34,1.74,7.16,4.72,0.24
1356,4145,Uttam Vasant Khandekar,Jath,188,Bagalwadi,0.37,8.58,0.14,0.56,175.62,7.58,112.00,7.98,1.30,1.59,3.90,2.38,0.72
1357,4146,Vishnu Manik Khandekar,Jath,190,Bagalwadi,0.30,8.27,1.06,0.54,200.70,10.70,112.00,4.97,0.48,1.43,5.04,6.30,1.04
1358,4147,Vitthal Govind Chavan,Jath,243,Bagalwadi,2.00,8.55,0.34,0.46,188.16,8.47,134.40,6.59,0.24,1.32,4.80,6.60,0.46
1359,4148,Yallappa Parsu Munje,Jath,151,Bagalwadi,0.60,8.36,1.09,0.50,225.79,12.48,145.60,5.58,0.22,1.49,8.90,5.56,0.84
1360,4149,Yashoda Madhukar Shinde,Jath,110,Bagalwadi,4.23,8.66,0.97,0.29,200.70,14.26,112.00,6.98,0.42,1.51,6.62,5.04,0.72
1361,4150,Yesabai Ramhari Khandekar,Jath,"11,13",Bagalwadi,1.00,8.40,0.23,0.36,188.16,13.82,112.00,6.08,0.26,1.60,3.08,7.20,0.80
1362,4151,Aaba Dadu Mote,Jath,54/1,Motewadi Ko Bo,1.20,7.97,0.15,0.64,213.25,8.02,145.60,9.68,0.56,0.94,5.34,1.90,1.26
1363,4152,Aamshidh Sada Shendage,Jath,56/1a,Motewadi Ko Bo,0.04,7.95,0.16,0.49,175.62,4.90,134.40,6.24,0.48,0.93,0.44,2.28,0.60
1364,4153,Aannappa Bhima Bandgat,Jath,56,Motewadi Ko Bo,0.60,8.06,0.13,0.53,225.79,6.69,100.80,12.65,0.32,1.32,4.28,1.76,0.90
1365,4154,Amogshodh Yashvant Sarhar,Jath,59/3,Motewadi Ko Bo,0.40,8.00,0.14,0.65,275.97,4.90,134.40,6.32,0.42,0.87,3.52,2.12,0.76
1366,4155,Anilsiddu.Sendge,Jath,16/3,Motewadi Ko Bo,0.63,8.05,0.14,0.58,476.67,7.58,78.40,7.76,0.28,0.56,3.22,1.72,0.84
1367,4156,Anita Sanjay Bandgar,Jath,56,Motewadi Ko Bo,0.60,8.00,0.16,0.50,188.16,6.69,78.40,7.98,0.38,0.80,2.34,1.94,0.96
1368,4157,Anita Sunil Shendage,Jath,16/d,Motewadi Ko Bo,0.62,8.06,0.14,0.44,188.16,4.90,100.80,5.80,0.30,1.26,4.06,1.40,0.80
1369,4158,Annappa Bhima Bandgar,Jath,90/1a,Motewadi Ko Bo,0.60,8.08,0.16,0.46,125.44,5.79,100.80,7.33,0.30,0.83,4.12,1.36,0.66
1370,4159,Arjun Sadashiv Shendage,Jath,57,Motewadi Ko Bo,0.60,8.04,0.14,0.47,175.62,5.35,89.60,8.16,0.26,0.81,2.84,1.60,0.64
1371,4160,Ashok Shrimant Shinde,Jath,69,Motewadi Ko Bo,0.60,8.11,0.13,0.56,238.34,8.02,89.60,5.37,0.34,0.92,2.70,1.86,0.48
1372,4161,Babu.Dadu.mote,Jath,59/1,Motewadi Ko Bo,80.00,8.07,0.13,0.51,188.16,8.92,89.60,6.98,0.38,0.78,3.50,2.34,0.84
1373,4162,Baburav Bira Bandgar,Jath,92,Motewadi Ko Bo,0.80,8.17,0.12,0.60,225.79,4.90,112.00,6.15,0.42,1.23,2.84,1.36,0.66
1374,4163,Balappa Krushna Sargar,Jath,59,Motewadi Ko Bo,0.40,8.07,0.13,0.63,163.07,6.24,112.00,8.46,0.40,1.29,3.10,1.66,0.70
1375,4164,Balu Dada Mote,Jath,132,Motewadi Ko Bo,0.04,8.04,0.14,0.54,175.62,8.47,134.40,6.46,0.32,0.84,1.88,2.64,0.48
1376,4165,Bharat Vithoba Olekar,Jath,59/2,Motewadi Ko Bo,0.40,8.06,0.14,0.57,213.25,9.36,145.60,5.10,0.26,0.78,1.02,1.88,0.30
1377,4166,Bhauso Mahadev Shendage,Jath,8,Motewadi Ko Bo,2.40,8.16,0.13,0.40,238.34,8.02,100.80,6.89,0.38,0.89,0.94,2.04,0.64
1378,4167,Bhauso.Dhondiba.salagat,Jath,.54,Motewadi Ko Bo,2.00,8.17,0.15,0.47,175.62,8.47,123.20,8.46,0.32,0.93,4.26,2.00,0.72
1379,4168,Bhimravba Khandekar,Jath,59/3,Motewadi Ko Bo,2.20,8.16,0.13,0.39,188.16,5.79,145.60,12.52,0.28,0.90,2.26,2.48,0.68
1380,4169,Changuna Krushna Mote,Jath,17/5,Motewadi Ko Bo,0.62,8.21,0.12,0.33,175.62,7.13,134.40,7.63,0.50,0.91,1.38,2.02,0.24
1381,4170,Dada Nana Bhise,Jath,95,Motewadi Ko Bo,0.40,8.45,0.13,0.53,213.25,7.58,448.00,5.10,0.52,0.52,3.02,2.38,0.72
1382,4171,Dadaso Bhauso Sargar,Jath,87/1,Motewadi Ko Bo,0.60,8.22,0.12,0.46,238.34,6.69,134.40,7.94,0.42,0.84,0.36,2.32,0.62
1383,4172,Datta Yashvant Sargar,Jath,123,Motewadi Ko Bo,0.40,8.19,0.13,0.40,175.62,9.81,134.40,12.39,0.34,0.76,2.38,2.16,0.38
1384,4173,Dhondi Mahadev Shendage,Jath,18/1,Motewadi Ko Bo,0.85,8.24,0.12,0.39,225.79,11.14,134.40,7.15,0.38,0.54,2.18,1.76,0.56
1385,4174,Dhondiba.Ramu.mote,Jath,59/1,Motewadi Ko Bo,90.00,8.20,0.13,0.38,263.42,11.59,145.60,4.75,0.26,0.59,2.06,1.14,0.46
1386,4175,Dhondiram Maruti Sargat,Jath,97,Motewadi Ko Bo,0.40,8.22,0.16,0.40,250.88,5.79,168.00,5.45,0.48,0.89,0.72,3.12,0.68
1387,4176,Dhulappa Punnappa Lokhande,Jath,56/1,Motewadi Ko Bo,0.40,8.21,0.12,0.32,275.97,16.05,156.80,8.77,0.26,0.51,3.22,2.74,0.84
1388,4177,Ganesh Aamshidh Shendage,Jath,88,Motewadi Ko Bo,0.80,8.15,0.13,0.43,213.25,10.25,123.20,9.68,0.36,0.34,2.36,2.42,0.58
1389,4178,Govindkumar Birappa Rul,Jath,76,Motewadi Ko Bo,0.80,8.20,0.13,0.39,250.88,9.81,156.80,10.91,0.48,0.74,2.58,2.42,0.34
1390,4179,Gukula Shidhu Shendage,Jath,17/4,Motewadi Ko Bo,0.65,8.16,0.12,0.54,275.97,5.79,190.40,11.30,0.32,0.98,1.30,2.74,0.48
1391,4180,Gulab Krushna Mote,Jath,17,Motewadi Ko Bo,3.00,8.18,0.12,0.43,150.53,8.47,179.20,5.32,0.38,1.16,2.26,2.78,1.54
1392,4181,Gulab Mhalappa Sargar,Jath,142,Motewadi Ko Bo,0.40,8.26,0.11,0.40,188.16,11.14,89.60,6.46,0.60,1.25,3.60,3.56,1.62
1393,4182,Hariba Heganu Sargar,Jath,97,Motewadi Ko Bo,0.40,8.20,0.12,0.43,175.62,16.05,123.20,6.80,0.40,1.13,0.92,3.24,1.46
1394,4183,Jayvant Krushna Bandgar,Jath,76,Motewadi Ko Bo,0.60,8.20,0.14,0.85,213.25,7.13,112.00,5.63,0.36,0.98,0.90,3.10,0.73
1395,4184,Jayvant Krushna Sargar,Jath,76,Motewadi Ko Bo,0.80,8.19,0.12,0.61,150.53,10.25,145.60,6.28,0.42,0.52,0.98,2.52,1.88
1396,4185,Kavita Dadaso Sargat,Jath,91/1,Motewadi Ko Bo,0.60,8.29,0.12,0.63,175.62,7.58,134.40,8.77,0.38,0.56,1.08,3.14,1.18
1397,4186,Kavita Dasu Sarvar,Jath,53,Motewadi Ko Bo,0.40,8.19,0.13,0.35,213.25,10.70,179.20,9.73,0.42,1.22,0.60,3.64,1.40
1398,4187,Kavita Mallu Brkade,Jath,19/2,Motewadi Ko Bo,0.80,8.23,0.13,0.53,112.90,13.82,156.80,5.45,0.74,1.12,1.38,3.00,1.32
1399,4188,Krushna Bahu Mote,Jath,17/1,Motewadi Ko Bo,2.40,8.20,0.12,0.60,175.62,16.94,134.40,6.46,0.44,0.97,1.36,2.32,1.34
1400,4189,Krushna Rama Mote,Jath,125,Motewadi Ko Bo,0.40,8.17,0.13,0.35,313.60,13.37,224.00,6.89,0.30,0.93,2.74,2.60,1.16
1401,4190,Lakshmi Amogshidh Shenfage,Jath,88,Motewadi Ko Bo,0.80,8.27,0.13,0.38,213.25,12.48,179.20,12.56,0.46,0.92,5.00,3.30,1.76
1402,4191,Mahadev Bharmu Edake,Jath,50,Motewadi Ko Bo,0.40,8.20,0.14,0.40,250.88,9.81,201.60,9.47,0.70,1.01,3.36,3.32,1.42
1403,4192,Mahadev Dhomdiba Sargat,Jath,126,Motewadi Ko Bo,0.40,8.23,0.15,0.43,213.25,15.60,145.60,7.98,0.40,1.36,2.90,2.86,1.20
1404,4193,Mahadevi Jijyaba Chalwadi,Jath,85,Motewadi Ko Bo,0.40,8.22,0.13,0.35,125.44,8.02,302.40,12.21,0.44,1.21,2.22,3.80,1.10
1405,4194,Mallappa Lahyappa Bansode,Jath,107,Motewadi Ko Bo,0.40,8.23,0.14,0.42,213.25,7.58,168.00,9.12,0.20,1.03,4.28,2.54,1.82
1406,4195,Mallu Sada Barkade,Jath,19/2,Motewadi Ko Bo,0.80,8.23,0.14,0.44,263.42,10.25,156.80,9.81,0.24,1.04,2.40,2.50,1.58
1407,4196,Mallu.Ragu.barkhade,Jath,19,Motewadi Ko Bo,1.80,8.23,0.12,0.36,301.06,9.36,324.80,8.24,0.18,1.11,2.28,3.54,1.26
1408,4197,Mangal Bhauso Sargar,Jath,91,Motewadi Ko Bo,0.80,8.21,0.15,0.44,225.79,8.92,280.00,7.94,0.60,1.16,2.80,3.30,1.84
1409,4198,Mhadappa Krushan Sargr,Jath,59,Motewadi Ko Bo,0.40,8.22,0.13,0.43,213.25,6.69,190.40,9.73,0.38,1.56,2.22,3.30,1.70
1410,4199,Mohan Ishvar Kale,Jath,54,Motewadi Ko Bo,0.60,7.91,0.14,0.47,250.88,14.26,123.20,7.24,0.42,1.16,3.76,6.94,1.88
1411,4200,Muktabai Annappa Bandgat,Jath,90/4a,Motewadi Ko Bo,0.60,8.02,0.15,0.51,275.97,15.60,145.60,6.02,0.36,0.97,3.68,7.04,2.08
1412,4201,Narayan Aappa Shinde,Jath,68,Motewadi Ko Bo,0.80,8.04,0.14,0.64,213.25,16.49,134.40,10.21,0.42,1.57,1.70,7.20,1.96
1413,4202,Narmada.Bhauso.sendahr,Jath,163,Motewadi Ko Bo,0.74,8.05,0.15,0.44,238.34,18.28,179.20,6.94,0.40,1.57,3.80,6.58,1.98
1414,4203,Navnath Rama Sargar,Jath,70,Motewadi Ko Bo,0.80,8.06,0.16,0.46,213.25,12.04,212.80,7.94,0.56,1.76,0.58,7.18,2.04
1415,4204,Nila Sanjay Mote,Jath,17/3,Motewadi Ko Bo,1.00,8.12,0.15,0.47,150.53,7.13,302.40,9.16,0.50,1.43,2.26,6.08,1.34
1416,4205,Ningappa Bira Bandgar,Jath,86,Motewadi Ko Bo,0.40,8.15,0.16,0.33,87.81,8.02,224.00,5.67,0.50,1.14,1.46,5.12,1.90
1417,4206,Pandit.Ramu.mote,Jath,59/2,Motewadi Ko Bo,221.00,8.15,0.17,0.53,137.98,10.25,392.00,8.55,0.40,1.01,1.82,5.10,2.06
1418,4207,Pandu Raghu Barkade,Jath,19/3,Motewadi Ko Bo,1.20,8.17,0.15,0.44,175.62,6.69,448.00,8.03,0.52,1.00,2.02,5.88,1.94
1419,4208,Pandurang Vaganu Sargar,Jath,50/4,Motewadi Ko Bo,0.40,8.17,0.14,0.39,175.62,12.93,414.40,5.02,0.68,1.54,1.54,5.00,2.06
1420,4209,Patlu Rama Sargar,Jath,88/3,Motewadi Ko Bo,0.60,8.22,0.14,0.54,163.07,19.17,369.60,4.58,0.58,0.98,1.00,7.02,2.64
1421,4210,Punnappa Dhulappa Lokhande,Jath,56/2,Motewadi Ko Bo,0.40,8.25,0.14,0.43,175.62,16.49,347.20,9.68,1.14,1.46,1.16,8.08,2.32
1422,4211,Rajaram Vasant Mote,Jath,58,Motewadi Ko Bo,0.40,8.23,0.15,0.40,163.07,11.59,246.40,6.46,0.52,0.72,0.32,7.76,2.02
1423,4212,Raju Vasant Mote,Jath,53,Motewadi Ko Bo,1.20,8.23,0.15,0.43,150.53,8.47,201.60,5.37,0.64,0.75,0.86,6.54,1.94
1424,4213,Ranjana.Pandu.barkhade,Jath,17/a,Motewadi Ko Bo,263.00,8.21,0.15,0.35,250.88,13.37,179.20,9.16,0.66,1.15,1.74,6.14,1.86
1425,4214,Ratnabai Bansode,Jath,121,Motewadi Ko Bo,0.40,8.20,0.16,0.56,200.70,15.16,156.80,6.32,0.78,0.61,0.32,6.34,2.16
1426,4215,Renuka Ningappa Bandgar,Jath,92,Motewadi Ko Bo,0.60,8.18,0.14,0.44,137.98,16.94,257.60,6.28,0.78,0.93,0.26,6.14,1.84
1427,4216,Sadashiv Shidhappa Bajantri,Jath,103,Motewadi Ko Bo,0.40,8.33,0.13,0.35,225.79,14.26,291.20,9.12,0.50,1.23,0.98,6.28,1.94
1428,4217,Sagar Vilas Bandgar,Jath,90/2,Motewadi Ko Bo,0.60,8.30,0.13,0.51,163.07,19.61,392.00,8.07,0.66,1.56,1.08,6.60,1.78
1429,4218,Samadhan Mohan Kale,Jath,65,Motewadi Ko Bo,0.60,8.31,0.13,0.57,163.07,11.14,156.80,8.64,0.50,1.52,3.20,6.00,2.08
1430,4219,Sampabai Patalu Sargar,Jath,88,Motewadi Ko Bo,0.60,8.29,0.12,0.56,200.70,7.58,280.00,10.91,0.58,0.91,2.22,7.06,2.02
1431,4220,Sangita Anil Shendage,Jath,16/a,Motewadi Ko Bo,0.63,8.30,0.13,0.58,200.70,5.79,224.00,12.34,0.56,1.18,3.42,6.98,1.90
1432,4221,Sangita Mohan Kale,Jath,65/1,Motewadi Ko Bo,0.60,8.24,0.15,0.51,175.62,16.05,324.80,10.82,0.52,0.97,0.86,7.10,1.84
1433,4222,Sanjay Annappa Bandgat,Jath,90/3,Motewadi Ko Bo,0.60,8.29,0.14,0.57,163.07,19.61,156.80,8.51,0.36,0.98,1.16,6.48,1.68
1434,4223,Sanjay.Bhauso.shendge,Jath,16/2,Motewadi Ko Bo,0.73,8.18,0.16,0.58,225.79,15.16,201.60,8.64,0.66,1.06,1.32,7.80,1.80
1435,4224,Sanjay.Krashna.mote,Jath,0.17,Motewadi Ko Bo,2.10,8.29,0.14,0.35,163.07,10.25,134.40,4.54,0.48,1.36,1.04,7.36,1.88
1436,4225,Santosh.Bhauso.sendge,Jath,16/1,Motewadi Ko Bo,0.72,8.33,0.13,0.57,175.62,12.93,212.80,4.75,0.48,1.38,1.50,7.40,1.72
1437,4226,Sarsa Gulab Salgar,Jath,96,Motewadi Ko Bo,0.40,8.35,0.13,0.43,175.62,17.83,190.40,5.02,0.92,1.23,0.40,11.54,2.18
1438,4227,Savita Shahaji Shendage,Jath,21/1,Motewadi Ko Bo,1.20,8.32,0.14,0.40,225.79,7.58,112.00,5.45,0.60,0.98,2.56,6.78,1.82
1439,4228,Shalan Vilas Bandgar,Jath,90,Motewadi Ko Bo,0.60,8.41,0.14,0.42,175.62,9.81,123.20,7.20,0.80,1.51,2.40,11.70,2.14
1440,4229,Shidhu Mahadev Shendage,Jath,17/6,Motewadi Ko Bo,1.20,8.40,0.15,0.47,175.62,18.28,257.60,4.80,0.92,0.77,1.54,13.02,1.86
1441,4230,Shivaji Bhauso Sargar,Jath,87/2,Motewadi Ko Bo,0.60,8.50,0.15,0.58,225.79,15.16,168.00,8.85,0.98,1.11,0.24,13.76,1.84
1442,4231,Shivaji Mahadev Shendage,Jath,6,Motewadi Ko Bo,1.20,8.39,0.17,0.49,163.07,9.81,156.80,9.73,0.82,1.14,3.74,9.52,1.88
1443,4232,Shivaji Patlu Sargar,Jath,88/3,Motewadi Ko Bo,0.60,8.41,0.14,0.53,225.79,10.25,201.60,10.82,0.62,1.87,0.98,6.02,1.86
1444,4233,Shivaji.Mahadev.sendge,Jath,0.6,Motewadi Ko Bo,0.60,8.42,0.14,0.32,163.07,6.24,179.20,10.64,0.74,0.72,0.98,9.18,1.10
1445,4234,Shrimant Annappa Bandgar,Jath,90/2a,Motewadi Ko Bo,0.80,8.37,0.13,0.44,200.70,11.59,112.00,6.19,0.62,0.75,0.82,7.12,2.04
1446,4235,Sulabai.shivaji.shendage,Jath,61,Motewadi Ko Bo,0.60,8.51,0.13,0.43,150.53,8.02,246.40,6.32,0.80,1.02,2.26,9.46,1.10
1447,4236,Sunil.Siddu.sendgr,Jath,63/3,Motewadi Ko Bo,0.62,8.54,0.14,0.46,188.16,12.04,336.00,6.89,0.84,1.71,1.96,5.54,1.72
1448,4237,Suresh Amogshidh Sargar,Jath,87,Motewadi Ko Bo,0.60,8.46,0.13,0.47,200.70,5.79,201.60,9.03,0.76,0.97,3.76,6.76,1.20
1449,4238,Tangevva Suryaba Bandhar,Jath,90/1,Motewadi Ko Bo,0.60,8.49,0.17,0.61,213.25,15.60,224.00,10.64,0.70,1.00,0.82,6.66,1.70
1450,4239,Vhannappa Bharmu Edake,Jath,50/1,Motewadi Ko Bo,0.40,8.50,0.17,0.54,150.53,12.48,179.20,6.24,0.90,1.00,1.74,5.22,1.86
1451,4240,Vilas Shankar Devkate,Jath,61,Motewadi Ko Bo,0.40,8.50,0.17,0.43,200.70,8.47,168.00,6.50,0.94,1.01,1.68,7.16,2.06
1452,4241,Vilas Suryaba Bandgar,Jath,54/1,Motewadi Ko Bo,1.20,8.48,0.18,0.39,175.62,11.14,358.40,6.46,0.74,1.03,0.50,7.56,1.76
1453,4242,Vitthal Vishvanath Kale,Jath,67,Motewadi Ko Bo,0.50,8.51,0.16,0.39,213.25,14.71,212.80,9.07,0.80,1.15,2.28,3.28,1.14
1454,4243,Aakuyai Shidhappa Navhi,Jath,133/a,Halli,2.50,8.46,0.14,0.58,188.16,5.79,560.00,11.17,0.86,1.38,5.04,3.76,1.22
1455,4244,Aanand Shiputr Khavekar,Jath,72/1,Halli,1.20,8.43,0.15,0.68,213.25,4.90,660.80,5.19,0.70,0.61,5.08,5.04,0.92
1456,4245,Aannarav Vasant Havinal,Jath,59/b,Halli,1.00,8.40,0.14,0.82,175.62,15.60,672.00,5.15,1.10,1.39,4.72,2.90,1.16
1457,4246,Abdulrazak Kashim Sharikar,Jath,67/1,Halli,0.41,8.39,0.13,0.78,112.90,13.37,638.40,12.69,1.10,0.51,3.96,4.56,0.96
1458,4247,Ashok Malkari Patil,Jath,41/2,Halli,1.15,8.11,0.22,0.79,137.98,8.02,448.00,11.34,1.06,0.85,3.76,2.96,0.68
1459,4248,Ashok Ningappa Biradar,Jath,98/2b/2,Halli,0.80,8.46,0.14,1.10,175.62,7.13,571.20,11.91,0.86,0.74,3.68,4.64,0.70
1460,4249,Ashvini Kallaappa Fulari,Jath,171/2/2,Halli,3.40,8.42,0.12,0.82,150.53,10.25,560.00,4.80,0.88,0.98,3.82,3.84,0.80
1461,4250,Balabai Mallappa Chappar,Jath,15/2,Halli,1.00,8.44,0.15,0.92,150.53,7.13,638.40,6.32,0.74,0.91,4.80,4.80,0.94
1462,4251,Balaso Baburav Havinal,Jath,14/2/1,Halli,1.10,8.47,0.14,0.97,137.98,9.81,504.00,7.46,0.78,0.55,4.32,5.22,0.88
1463,4252,Balram Aapparav Khavekar,Jath,23/2,Halli,1.20,8.45,0.15,0.81,125.44,23.18,470.40,6.85,0.64,0.66,3.82,4.48,0.64
1464,4253,Basavraj Amgonda Patil,Jath,41/2b,Halli,1.17,8.53,0.12,0.83,163.07,8.47,448.00,8.03,0.90,0.52,3.96,4.18,0.88
1465,4254,Bhimraya Hunmant Naginda,Jath,18/3,Halli,2.40,8.53,0.13,0.88,200.70,8.02,392.00,12.65,0.74,0.51,5.84,4.70,1.06
1466,4255,Bhoneshwari Chidanand Hadpad,Jath,73/2/2,Halli,1.62,8.45,0.13,0.93,188.16,7.13,448.00,5.63,0.88,0.61,9.66,3.52,0.80
1467,4256,Bhuramm Basappa Khavekar,Jath,16,Halli,1.00,8.51,0.12,0.88,163.07,8.92,459.20,10.34,0.70,0.60,4.66,4.70,0.70
1468,4257,Bishtappa Shrimantrav Khaekar,Jath,26/1,Halli,2.32,8.47,0.15,0.72,188.16,11.59,560.00,6.85,0.76,0.90,4.92,5.12,0.80
1469,4258,Chandram Aavanna Biradar,Jath,115/3,Halli,3.20,8.51,0.14,0.88,213.25,6.69,515.20,7.63,0.88,0.52,5.40,5.14,0.88
1470,4259,Chidamand Dundappa Patil,Jath,41/4,Halli,2.10,8.52,0.15,0.79,225.79,5.35,481.60,8.20,0.94,0.59,7.00,3.90,1.28
1471,4260,Chidanad Aannappa Nivargi,Jath,57/2a,Halli,1.80,8.48,0.12,0.90,275.97,10.70,582.40,11.69,0.98,0.65,5.26,4.58,0.82
1472,4261,Chidanand Sharnappa Havinal,Jath,15/2,Halli,1.00,8.53,0.12,0.88,163.07,8.02,425.60,6.41,1.20,1.19,5.40,4.20,0.80
1473,4262,Dayanad Shidhappa Koli,Jath,58,Halli,0.80,8.51,0.13,0.83,163.07,6.69,593.60,5.15,1.08,1.08,4.88,3.94,0.78
1474,4263,Denesh Isharappa Borgi,Jath,27/2,Halli,2.16,8.51,0.13,0.82,188.16,7.58,604.80,11.69,0.70,0.71,6.14,4.88,0.80
1475,4264,Dhundappa Mayappa Bandhar,Jath,25,Halli,0.80,8.47,0.14,0.83,175.62,9.36,627.20,5.06,0.82,1.48,6.20,4.26,1.00
1476,4265,Gangadhar Parmeshwar Bandgat,Jath,108,Halli,1.00,8.53,0.13,0.82,213.25,5.79,537.60,5.80,1.14,0.89,6.38,3.50,1.02
1477,4266,Ganpati Kallappa Parit,Jath,20/2,Halli,1.59,8.50,0.12,0.76,238.34,11.59,515.20,7.20,1.04,0.67,6.68,4.44,0.86
1478,4267,Gurappa Hunmant Kumbhar,Jath,149,Halli,0.80,8.51,0.15,0.97,175.62,15.60,369.60,6.28,1.00,1.47,7.70,2.92,0.86
1479,4268,Gurlingappa Sangappa Jolli,Jath,114,Halli,1.00,8.40,0.15,0.89,263.42,18.28,638.40,10.82,0.86,1.50,6.12,4.76,0.70
1480,4269,Gurshidh Shrishil Medidar,Jath,53/2,Halli,0.78,8.40,0.14,0.85,213.25,20.06,560.00,10.69,0.82,1.54,7.20,3.52,0.74
1481,4270,Gurunath Malgonda Patil,Jath,69,Halli,1.00,8.46,0.15,0.76,163.07,9.36,515.20,10.47,0.72,0.96,7.32,4.20,0.50
1482,4271,Hanmantray Aapparay Mashal,Jath,44/3,Halli,4.02,8.50,0.14,0.71,200.70,11.59,358.40,8.68,0.94,0.65,7.12,3.04,0.74
1483,4272,Ismail Kashim Sharikar,Jath,67/1,Halli,0.41,8.51,0.15,0.63,150.53,14.26,459.20,8.46,0.88,1.12,8.12,3.48,0.68
1484,4273,Jagdev Amgonda Patil,Jath,69,Halli,0.80,8.54,0.13,0.76,188.16,20.95,436.80,8.85,0.86,1.72,7.84,3.58,0.88
1485,4274,Jagdev Shidhanna Patil,Jath,39/3,Halli,0.60,8.53,0.12,0.79,175.62,15.16,470.40,7.94,1.02,1.16,7.82,6.34,0.96
1486,4275,Kashibai Ramchandr Mashal,Jath,18/7,Halli,0.80,8.59,0.13,0.74,100.35,9.36,604.80,8.64,0.72,1.36,7.36,3.58,0.74
1487,4276,Lakshman Shidram Mashal,Jath,18/6,Halli,2.40,8.59,0.13,0.89,163.07,11.14,627.20,13.00,0.84,1.15,8.38,3.40,0.98
1488,4277,Lhyappa Shrimant Biradar,Jath,115,Halli,3.40,8.59,0.26,0.85,75.26,8.02,492.80,8.51,1.16,0.97,8.24,3.52,0.90
1489,4278,Mahadanna Ashok Patil,Jath,67/1,Halli,0.41,8.49,0.30,0.97,225.79,5.79,638.40,8.68,0.92,0.85,8.78,4.30,0.86
1490,4279,Mahadev Kallappa Parit,Jath,21/2,Halli,1.59,8.40,0.28,0.81,238.34,19.17,436.80,4.75,1.04,0.90,8.36,3.64,0.92
1491,4280,Mahadev Lahyappa Sanadi,Jath,5/a,Halli,1.20,8.46,0.29,0.79,326.14,20.95,526.40,8.77,1.10,0.92,8.02,3.74,0.96
1492,4281,Mahadev Namdev Katagi,Jath,42,Halli,2.80,8.49,0.26,0.96,351.23,15.60,649.60,9.95,0.86,1.00,9.38,3.28,0.80
1493,4282,Mahadev Shivray Mallade,Jath,74,Halli,1.00,8.46,0.29,0.88,275.97,12.48,492.80,6.28,0.92,1.06,8.30,3.80,0.74
1494,4283,Mahananda Raygonda Kallur,Jath,27,Halli,1.20,8.47,0.27,0.93,363.78,8.47,425.60,10.82,0.88,1.15,11.10,4.30,0.74
1495,4284,Mallappa Mutanna Patil,Jath,69,Halli,1.20,8.35,0.30,0.75,188.16,13.37,448.00,6.32,0.90,0.97,8.52,3.72,0.84
1496,4285,Mallayya Parayya Jaggam,Jath,22*3,Halli,1.20,8.14,0.35,0.86,288.51,7.13,492.80,6.50,0.90,1.52,8.84,2.94,1.48
1497,4286,Malleshappa Shrishil Medidar,Jath,84,Halli,1.40,8.41,0.28,0.85,213.25,6.24,660.80,9.07,1.02,1.00,9.16,4.38,0.76
1498,4287,Mallikarjun Gurningappa Khavekar,Jath,73/2/1,Halli,2.20,8.45,0.59,0.90,200.70,11.14,593.60,8.77,1.00,0.54,10.70,3.82,0.94
1499,4288,Mallikarjun Pargonda Gura,Jath,39/1,Halli,2.10,8.45,0.28,0.85,238.34,19.61,571.20,8.90,0.98,1.02,10.12,4.72,0.86
1500,4289,Mallikarjun Shidram Surgind,Jath,67/2abc,Halli,1.20,8.36,0.30,0.78,225.79,22.73,515.20,6.32,0.94,1.23,11.20,4.46,1.20
1501,4290,Mayappa Shidhu Satpute,Jath,83a,Halli,1.60,8.10,0.39,0.81,238.34,19.17,369.60,8.94,0.76,1.50,9.68,5.96,0.84
1502,4291,Mhalappa Shidhappa Koli,Jath,57,Halli,0.80,8.48,0.28,0.82,213.25,13.82,324.80,6.63,0.90,0.98,8.20,3.82,1.18
1503,4292,Ningappa Shishappa Biradar,Jath,58/1,Halli,0.80,8.38,0.32,0.81,200.70,11.59,425.60,5.37,1.02,0.84,7.70,5.42,0.94
1504,4293,Ningonda Malshidha Mulimani,Jath,111,Halli,1.20,8.52,0.30,0.74,238.34,6.69,336.00,6.32,0.94,1.12,7.72,4.12,0.80
1505,4294,Omkar Basappa Khavekar,Jath,16/1,Halli,1.00,8.48,0.28,0.72,225.79,12.93,459.20,9.12,0.32,1.06,8.26,5.30,0.96
1506,4295,Padmavati Chidanand Nivargi,Jath,19,Halli,1.00,8.56,0.24,0.58,200.70,14.26,358.40,8.33,1.00,0.73,7.56,5.04,0.74
1507,4296,Prakash Balappa Kerur,Jath,52/1,Halli,1.70,8.51,0.15,0.79,250.88,7.58,403.20,8.38,0.30,0.95,2.34,4.40,0.72
1508,4297,Praksh Gurshidha Mesidat,Jath,53/2,Halli,0.78,8.56,0.16,0.90,225.79,21.40,313.60,8.29,0.24,1.15,3.86,4.54,0.80
1509,4298,Praksh Ramningappa Jolli,Jath,520/1,Halli,2.27,8.50,0.14,0.86,213.25,15.60,560.00,8.33,0.34,0.98,2.84,4.16,0.86
1510,4299,Prashant Baburav Lhavekar,Jath,26/2,Halli,1.20,8.52,0.15,0.88,200.70,10.70,526.40,8.68,0.32,1.05,2.18,4.04,0.68
1511,4300,Ramchandr Bhimanna Lohar,Jath,10/2,Halli,1.20,8.58,0.12,0.63,213.25,12.93,459.20,8.94,0.52,1.16,2.34,3.84,0.60
1512,4301,Ramchandr Vitthal Havinal,Jath,59,Halli,2.00,8.53,0.14,0.54,163.07,16.05,369.60,9.20,0.44,1.52,2.40,4.84,0.64
1513,4302,Ramchandra Dundappa Patil,Jath,41/2,Halli,2.10,8.54,0.18,0.78,275.97,10.25,347.20,9.38,0.26,1.53,3.80,5.34,0.88
1514,4303,Ramu Shidram Mashal,Jath,18/2,Halli,2.40,8.50,0.17,0.67,150.53,6.24,436.80,8.64,0.58,0.97,3.74,5.86,0.88
1515,4304,Ravindr Chandram Surgond,Jath,67/2abc,Halli,1.20,8.54,0.16,0.83,213.25,14.71,470.40,4.58,0.28,1.00,2.08,4.90,0.78
1516,4305,Ravindra Gurshidha Medidar,Jath,53/2,Halli,0.78,8.53,0.16,0.76,275.97,8.02,515.20,4.71,0.78,1.05,3.24,4.24,0.82
1517,4306,Rayappa Arvind Lokkanavar,Jath,124/1/1,Halli,1.00,8.45,0.18,0.92,200.70,5.79,380.80,8.51,0.58,1.03,3.44,3.90,0.70
1518,4307,Raygonda Gurlingappa Kallur,Jath,27,Halli,1.20,8.55,0.17,0.85,250.88,21.84,313.60,8.68,0.40,0.96,3.46,4.64,1.04
1519,4308,Revappa Shidray Gaddi,Jath,22/4,Halli,1.20,8.56,0.17,0.72,188.16,18.72,280.00,8.46,0.60,0.98,3.88,3.94,0.84
1520,4309,Revappa Tammaraya Patil,Jath,41/4a,Halli,1.35,8.40,0.15,0.92,175.62,20.95,336.00,9.03,0.24,1.25,2.88,4.08,0.88
1521,4310,Sadashiv Shrimant Mashal,Jath,18/4,Halli,2.40,8.38,0.15,0.94,225.79,14.71,358.40,9.33,0.62,1.37,2.28,3.54,0.76
1522,4311,Sampat Shrishil Khavekar,Jath,32,Halli,1.20,8.43,0.20,0.78,188.16,10.70,268.80,8.64,0.32,1.60,2.04,4.04,0.68
1523,4312,Sandip Shidram Mashal,Jath,18/7,Halli,0.60,8.40,0.14,0.63,288.51,7.58,369.60,8.20,0.50,1.00,3.90,3.12,0.74
1524,4313,Sangappa Bhima Patil,Jath,70,Halli,7.00,8.46,0.15,0.72,175.62,15.16,212.80,8.51,0.24,1.10,2.44,3.72,0.40
1525,4314,Sangappa Madhonda Kurgayagi,Jath,55,Halli,1.23,8.42,0.12,0.58,125.44,6.24,291.20,9.12,0.44,1.06,3.00,3.92,0.56
1526,4315,Santosh Shrishil Khavekar,Jath,3,Halli,1.00,8.45,0.15,0.72,213.25,12.04,414.40,8.94,0.36,0.96,2.46,4.72,0.58
1527,4316,Satish Shivanad Mashal,Jath,18/6,Halli,0.60,8.53,0.12,0.76,288.51,12.93,470.40,8.38,0.26,1.57,2.26,5.06,0.60
1528,4317,Savitri Sharnappa Havinal,Jath,15/1,Halli,1.00,8.50,0.13,0.60,175.62,16.49,448.00,8.68,0.22,1.56,2.76,4.50,1.76
1529,4318,Shantappa Dhondapp Patil,Jath,41/4,Halli,2.80,8.46,0.13,0.83,163.07,9.81,492.80,8.64,0.24,0.97,2.72,4.92,0.80
1530,4319,Shashikant Mahipati Patil,Jath,40/2,Halli,2.42,8.51,0.14,0.61,175.62,8.02,425.60,8.38,0.34,1.57,2.70,6.70,0.40
1531,4320,Sheishail Shidhningapp Mashal,Jath,162/3,Halli,2.60,8.38,0.15,0.74,213.25,8.92,403.20,4.89,0.24,1.10,2.86,5.82,0.44
1532,4321,Shiddatam Shrimant Biradar,Jath,115,Halli,3.40,8.48,0.15,0.72,163.07,15.60,246.40,4.89,0.22,0.99,2.82,4.46,0.48
1533,4322,Shidhappa Balappa Kerue,Jath,52/2,Halli,1.75,8.45,0.15,0.69,100.35,10.25,347.20,5.19,0.22,0.98,2.18,4.98,0.24
1534,4323,Shidhappa Ganpati Satpute,Jath,80/3/b,Halli,2.00,8.51,0.14,0.68,188.16,15.60,313.60,9.07,0.26,1.31,2.68,4.44,0.56
1535,4324,Shidharam Baburav Havinal,Jath,14/2/2,Halli,1.11,8.29,0.13,0.72,275.97,19.17,336.00,4.75,0.22,1.25,3.08,4.68,0.22
1536,4325,Shidlongappa Mallappa Mashal,Jath,57/4b,Halli,1.80,8.34,0.12,0.88,150.53,11.14,224.00,7.33,0.24,0.99,2.70,4.74,0.36
1537,4326,Shivand Sharnappa Havinal,Jath,15/2,Halli,1.00,8.54,0.11,0.82,225.79,6.24,492.80,4.71,0.44,0.98,2.68,4.80,0.80
1538,4327,Shrikant Balram Khavekar,Jath,10/1,Halli,1.00,8.51,0.14,0.60,200.70,15.60,537.60,7.02,0.38,0.97,2.60,4.64,0.40
1539,4328,Shrishil Shidhanna Patil,Jath,41/4b,Halli,0.67,8.39,0.15,0.68,213.25,20.06,369.60,7.50,0.30,1.35,2.42,4.28,0.26
1540,4329,Sunada Shivputr Khavekar,Jath,73/1,Halli,7.30,8.42,0.14,0.72,238.34,22.73,212.80,4.36,0.32,1.17,2.50,3.86,0.56
1541,4330,Sunanda Mahipati Patil,Jath,40/2,Halli,2.42,8.33,0.16,0.86,188.16,19.61,291.20,9.12,0.20,0.73,2.70,3.00,0.24
1542,4331,Suresh Baburav Patil,Jath,40/2,Halli,2.14,8.47,0.17,0.78,213.25,15.60,246.40,8.38,0.22,1.00,2.02,3.74,0.20
1543,4332,Vinod Chidananda Mivargi,Jath,19,Halli,1.00,8.47,0.17,0.82,188.16,10.25,313.60,8.90,0.34,1.10,2.94,5.52,0.48
1544,4333,Vitthal Baburav Patil,Jath,40/2,Halli,2.42,8.50,0.18,0.75,225.79,12.93,235.20,8.51,0.20,1.22,2.52,4.02,0.32
1545,4334,Yashvant Dundappa Patil,Jath,41/3,Halli,2.80,8.43,0.12,0.67,200.70,14.71,403.20,4.75,0.36,1.16,2.26,2.70,0.34
1546,4335,Abanna Mallappa Bilur,Jath,224,Siddhanath,0.6,7.78,0.32,0.86,200.70,23.63,649.60,5.50,1.28,0.87,4.98,8.26,2.78
1547,4336,Adiappa Shahidu Bandar,Jath,20,Siddhanath,0.4,7.95,0.17,0.93,163.07,31.20,683.20,7.02,1.62,0.84,4.88,10.94,2.60
1548,4337,Ambala Vittal Mali,Jath,232/1,Siddhanath,0.35,8.13,0.19,0.89,188.16,15.16,649.60,6.94,1.10,0.65,4.32,8.44,2.28
1549,4338,Ambana Aparna Belur,Jath,175,Siddhanath,0.8,8.21,0.22,0.74,188.16,12.04,728.00,5.67,1.32,0.69,5.10,6.22,2.16
1550,4339,Ambawa Murgyappa Mali,Jath,231/1,Siddhanath,0.56,8.07,0.28,0.57,137.98,13.37,504.00,4.75,0.26,0.57,3.78,7.68,2.46
1551,4340,Anil Ambana Bilur,Jath,1,Siddhanath,67,8.21,0.22,0.89,163.07,8.02,560.00,5.15,1.04,0.50,4.40,8.14,2.22
1552,4341,Anil Gundappa Bidri,Jath,281,Siddhanath,1,8.04,0.37,0.71,163.07,13.37,448.00,13.35,1.00,0.45,5.20,4.24,1.92
1553,4342,Anil Gurpath Mali,Jath,163,Siddhanath,1.2,8.53,0.27,0.46,200.70,9.81,190.40,4.67,0.56,0.55,3.50,4.34,2.00
1554,4343,Anil Shrishail Patil,Jath,24,Siddhanath,1.18,8.23,0.19,0.88,150.53,11.14,672.00,11.86,0.92,0.59,3.92,25.24,3.14
1555,4344,Anita Gundrav Mali,Jath,261/2,Siddhanath,2,8.20,0.75,0.85,163.07,17.83,694.40,13.04,0.74,0.62,3.54,20.86,3.58
1556,4345,Anita Hanumantha Ghodekar,Jath,219,Siddhanath,0.62,7.95,0.90,0.89,225.79,15.16,627.20,4.75,1.06,0.58,4.00,5.36,3.16
1557,4346,Anita Somning Honmore,Jath,261,Siddhanath,0.8,8.08,0.28,0.97,125.44,20.06,571.20,12.21,2.04,0.58,2.62,4.20,5.18
1558,4347,Ashok Gurpat Tikoti,Jath,264/,Siddhanath,0.8,8.10,0.52,0.81,188.16,12.04,481.60,5.32,0.86,0.57,3.58,5.34,1.62
1559,4348,Ashok Gurpath Mali,Jath,101,Siddhanath,0.8,8.17,0.30,0.82,200.70,10.70,145.60,4.49,0.96,0.50,3.46,4.68,2.24
1560,4349,Ashok Ishwar Bilur,Jath,21,Siddhanath,1,8.14,0.15,0.54,188.16,16.05,380.80,4.19,0.56,0.56,4.20,4.84,1.36
1561,4350,Ashok Rudragonda Patil,Jath,379,Siddhanath,1.24,8.57,0.12,0.63,137.98,8.92,436.80,5.15,0.58,0.59,5.62,7.12,1.90
1562,4351,Bala Daryappa Chougule,Jath,229/2,Siddhanath,1.7,8.59,0.25,0.61,188.16,15.16,425.60,4.32,0.58,0.50,4.92,10.96,1.80
1563,4352,Balchandra Bhimanna Mali,Jath,28,Siddhanath,0.8,8.43,0.35,0.60,188.16,16.05,492.80,5.58,0.76,0.11,4.76,4.52,1.78
1564,4353,Balesh Shankar Mali,Jath,262/1,Siddhanath,0.8,8.26,0.38,0.74,188.16,13.82,571.20,6.76,1.36,0.60,3.92,3.50,2.60
1565,4354,Bapsu Tamanna Mali,Jath,140,Siddhanath,0.8,8.21,0.37,0.93,188.16,12.48,470.40,9.99,2.00,0.65,2.96,8.18,2.64
1566,4355,Basappa Channappa Khilegaw,Jath,24,Siddhanath,0.4,8.41,0.28,0.68,175.62,10.25,358.40,10.03,0.54,0.53,5.26,5.78,2.18
1567,4356,Basavaraj Mahadev Mali,Jath,232,Siddhanath,1,8.11,0.24,0.67,188.16,10.70,616.00,10.56,0.72,0.57,3.84,5.20,2.32
1568,4357,Basavraj Bhimanna Tikoti,Jath,265/2,Siddhanath,2,8.38,0.44,0.83,175.62,20.64,649.60,4.54,1.32,0.56,4.02,3.70,2.28
1569,4358,Basgond Ravsaheb Patil,Jath,379,Siddhanath,0.64,8.16,0.27,0.83,150.53,12.93,560.00,6.15,0.54,0.58,5.04,5.96,1.82
1570,4359,Bhairappa Kallappa Bidhari,Jath,261,Siddhanath,2.4,8.18,0.16,0.71,301.06,22.29,683.20,13.26,0.96,0.86,5.28,7.56,1.80
1571,4360,Bharat Gundrav Mali,Jath,216/1,Siddhanath,2,8.05,0.26,0.72,225.79,22.73,593.60,9.16,1.50,0.85,6.16,4.48,3.36
1572,4361,Bimu Mayappa Natekar,Jath,287,Siddhanath,0.6,8.36,0.26,0.58,163.07,16.05,459.20,8.51,1.00,0.66,4.16,4.08,1.78
1573,4362,Chandrakant Bhimanna Mali,Jath,34,Siddhanath,0.8,8.11,0.28,0.60,175.62,12.93,694.40,7.94,1.00,0.69,4.70,9.94,2.76
1574,4363,Chandrakant Sidhng Ilagar,Jath,25,Siddhanath,0.8,8.43,0.15,0.61,175.62,14.26,504.00,6.11,0.50,0.62,4.28,9.10,1.72
1575,4364,Channabasu Siddappa Mali,Jath,256,Siddhanath,3,8.48,0.19,0.61,137.98,8.92,392.00,9.38,1.48,1.01,5.64,8.46,2.36
1576,4365,Channappa Mallappa Bidari,Jath,281,Siddhanath,1,8.40,0.31,0.63,250.88,10.70,470.40,6.02,0.82,0.96,16.36,11.64,3.96
1577,4366,Chidanand Ramu Bidari,Jath,281,Siddhanath,0.47,8.42,0.18,0.56,225.79,11.59,515.20,8.38,1.24,0.56,6.04,18.28,3.42
1578,4367,Deviki Gurning Bangar,Jath,266/2,Siddhanath,1,8.10,0.35,0.56,351.23,18.72,448.00,5.06,1.92,0.60,5.46,4.68,3.70
1579,4368,Gangaram Gaju Birajdar,Jath,228/1,Siddhanath,1.4,8.40,0.27,0.68,213.25,16.05,414.40,7.20,2.06,0.63,5.56,7.60,3.42
1580,4369,Gaurwa Srishail Mali,Jath,4,Siddhanath,5,8.05,0.60,0.71,125.44,20.95,571.20,7.50,1.62,0.58,7.06,4.88,2.58
1581,4370,Guninga Bhimanna Mali,Jath,28/1,Siddhanath,0.8,8.39,0.40,0.82,137.98,12.93,560.00,7.94,1.12,0.57,5.06,5.58,2.34
1582,4371,Hanumant Sidra Pujari,Jath,151,Siddhanath,0.85,8.30,0.28,0.57,137.98,22.73,672.00,8.55,1.20,1.00,5.24,4.34,1.74
1583,4372,Harmant Shravan Mali,Jath,152,Siddhanath,1.2,8.14,0.23,0.64,125.44,28.97,616.00,9.20,1.96,0.57,6.14,6.28,2.40
1584,4373,Jayappa balappa Chougule,Jath,229/3,Siddhanath,1.81,8.03,0.32,0.56,112.90,16.05,683.20,8.38,1.46,0.59,6.38,3.96,3.64
1585,4374,Kalappa Shivappa Tikoti,Jath,269,Siddhanath,0.69,7.97,0.41,0.54,137.98,12.93,638.40,7.42,1.52,0.58,5.50,4.86,2.32
1586,4375,Kallappa Shankar Bangar,Jath,362/1,Siddhanath,0.4,8.40,0.40,0.58,137.98,8.92,392.00,9.51,1.58,0.86,6.62,6.98,3.06
1587,4376,Kallappa Siddappa Mali,Jath,256,Siddhanath,1,8.30,0.25,0.65,125.44,14.26,448.00,5.89,1.08,0.66,7.30,5.78,2.54
1588,4377,Lakshman Jaggu Biradar,Jath,228,Siddhanath,1.41,8.20,0.46,0.56,150.53,12.04,425.60,6.98,1.26,0.70,5.54,2.18,1.94
1589,4378,Lakshman Mayappa Natakar,Jath,287,Siddhanath,0.6,8.55,0.44,0.57,175.62,18.72,470.40,9.16,4.24,0.82,7.04,4.68,2.88
1590,4379,Lalitha LimbaJi Pujari,Jath,12,Siddhanath,0.8,8.10,0.35,0.60,213.25,11.59,459.20,10.21,1.12,0.58,7.54,6.44,7.30
1591,4380,Madhuban Baburao Patil,Jath,24,Siddhanath,0.61,8.30,0.24,0.44,188.16,16.94,212.80,9.07,0.86,0.65,6.02,5.32,2.56
1592,4381,Mahadev Mayappa Natekar,Jath,8,Siddhanath,1.2,8.63,0.23,0.53,175.62,14.26,425.60,7.24,0.88,0.71,6.16,4.30,2.18
1593,4382,Mallappa Bhimgonda Patil,Jath,20,Siddhanath,0.8,8.01,0.34,0.47,150.53,13.37,246.40,7.85,1.74,0.62,6.64,5.42,3.34
1594,4383,Mallikarjun Ayyappa Pujari,Jath,12/1,Siddhanath,0.8,8.59,0.15,0.56,188.16,12.04,403.20,6.06,1.12,0.67,5.70,2.46,1.68
1595,4384,Mallikarjun Muthana Mali,Jath,163,Siddhanath,0.6,8.69,0.18,0.60,188.16,10.70,336.00,9.51,0.96,0.61,7.12,8.88,2.48
1596,4385,Mallikarjun Shivappa Patil,Jath,370/4,Siddhanath,0.92,8.20,0.26,0.63,213.25,16.49,302.40,5.45,2.38,0.57,6.52,9.68,4.50
1597,4386,Mantensh Bhimanna Khalati,Jath,257,Siddhanath,1.6,8.55,0.17,0.71,225.79,9.81,459.20,9.73,0.66,0.76,9.06,9.26,2.50
1598,4387,Mayappa Maruti Patil,Jath,228/3,Siddhanath,0.94,8.46,0.16,0.69,175.62,16.49,515.20,9.07,1.02,0.61,8.86,11.32,2.80
1599,4388,Nagappa Shadaraya Pujari,Jath,151,Siddhanath,0.8,8.52,0.17,0.75,188.16,12.48,537.60,7.07,1.26,0.81,8.34,8.66,1.90
1600,4389,Nakusha Maruti Chougule,Jath,230,Siddhanath,1.1,8.15,0.19,0.78,188.16,18.28,369.60,5.67,1.50,0.56,9.72,10.22,2.88
1601,4390,Palish Bhimanna Mali,Jath,28/3,Siddhanath,0.8,8.10,0.30,0.58,225.79,9.81,280.00,8.03,2.18,0.67,8.12,12.54,2.56
1602,4391,Pandit Sinngh Pujari,Jath,89,Siddhanath,0.6,8.13,0.20,0.63,225.79,10.25,313.60,4.62,1.86,0.87,8.20,10.96,3.80
1603,4392,Parmeshwar Mallappa Patil,Jath,20,Siddhanath,0.8,8.06,0.30,0.65,213.25,26.75,212.80,5.37,1.58,0.72,7.48,10.22,2.26
1604,4393,Prakash Appasaheb Napik,Jath,10,Siddhanath,0.4,8.13,0.23,0.60,263.42,17.38,257.60,6.28,1.46,0.92,8.04,20.90,5.48
1605,4394,Prakash Gurpath Mali,Jath,392,Siddhanath,1.2,8.46,0.26,0.67,238.34,17.38,358.40,7.94,3.00,0.71,7.38,11.80,4.94
1606,4395,Prakash Rayappa Chougule,Jath,222,Siddhanath,1.98,8.30,0.30,0.61,213.25,11.59,448.00,10.95,2.54,0.57,11.16,10.98,4.50
1607,4396,Prakash Revaappa Napik,Jath,10/1,Siddhanath,0.4,8.21,0.27,0.56,188.16,10.70,571.20,7.33,0.94,0.66,7.18,9.86,6.80
1608,4397,Rahul Shivappa Tikoti,Jath,280,Siddhanath,0.4,8.41,0.18,0.68,150.53,17.38,470.40,8.29,1.82,0.62,11.16,7.16,1.86
1609,4398,Rajendra Dariyappa Chougule,Jath,229,Siddhanath,1.2,8.27,0.34,0.57,200.70,16.05,403.20,5.15,1.34,0.79,7.18,10.84,2.28
1610,4399,Ramgonda Parapa Tikoti,Jath,265/1,Siddhanath,2,8.07,0.55,0.63,225.79,15.60,302.40,11.34,0.78,0.68,6.96,7.88,2.36
1611,4400,Ravi Ramanna Kore,Jath,285,Siddhanath,0.4,8.09,0.33,0.58,238.34,19.61,224.00,6.41,1.60,0.61,8.28,12.28,1.60
1612,4401,Ravi Raosaheb Patil,Jath,379,Siddhanath,0.6,8.54,0.29,0.50,238.34,23.18,201.60,7.85,3.88,0.82,8.62,4.42,2.92
1613,4402,Ravi Vitthal Badri,Jath,41,Siddhanath,0.5,8.08,0.49,0.74,188.16,18.28,347.20,5.63,1.52,0.57,7.96,12.20,3.88
1614,4403,Rawat Marappa Bidari,Jath,336,Siddhanath,0.4,8.36,0.15,0.75,163.07,16.49,380.80,7.63,0.74,0.77,7.50,20.00,3.36
1615,4404,Renuka Gurning Bangar,Jath,257,Siddhanath,0.6,8.30,0.37,0.79,250.88,12.93,324.80,8.85,1.86,0.81,8.94,8.84,1.42
1616,4405,Sangappa Basappa Bidhari,Jath,283,Siddhanath,0.4,8.06,0.27,0.81,275.97,19.17,403.20,9.42,1.88,0.64,8.60,7.32,3.30
1617,4406,Sanjay Vittal Bidhari,Jath,41,Siddhanath,0.5,8.04,0.36,0.76,225.79,12.93,313.60,7.50,2.28,0.94,7.14,12.70,2.40
1618,4407,Sarojani Mallikarjun Pujari,Jath,257,Siddhanath,1.2,8.24,0.32,0.54,225.79,14.71,481.60,10.08,1.62,0.76,8.24,15.60,2.66
1619,4408,Savita Siddaram  Patil,Jath,369,Siddhanath,1,8.23,0.27,0.63,163.07,10.70,392.00,9.60,1.50,0.88,8.40,30.10,2.90
1620,4409,Sevanta Maruti Chaugule,Jath,262/2,Siddhanath,2.4,8.27,0.90,0.57,213.25,15.60,336.00,7.98,2.92,0.70,9.86,28.94,6.96
1621,4410,Sharawa Gurning Bangar,Jath,266/1,Siddhanath,1.2,8.21,0.37,0.89,200.70,26.30,470.40,9.12,1.86,0.67,8.38,15.98,2.90
1622,4411,Shivanand Mahadev Mali,Jath,285,Siddhanath,0.4,8.16,0.39,0.81,175.62,23.18,425.60,0.70,1.98,0.81,8.10,17.26,2.20
1623,4412,Siddhaning Shankar banagar,Jath,362/1,Siddhanath,0.4,8.08,0.31,0.82,137.98,22.29,358.40,6.02,0.54,0.92,8.32,16.50,2.68
1624,4413,Sidhu Basappa Bidhari,Jath,283,Siddhanath,1.18,8.15,0.57,0.74,275.97,13.82,448.00,7.11,0.38,0.68,7.44,17.08,2.66
1625,4414,Sidhu Oyappa Bidari,Jath,331,Siddhanath,0.4,8.03,0.43,0.68,112.90,20.50,235.20,9.16,0.52,0.79,7.48,17.80,3.16
1626,4415,Sidhu Shivappa Napik,Jath,10/3,Siddhanath,0.6,8.11,0.32,0.67,213.25,18.72,268.80,5.80,1.42,0.73,4.90,16.94,2.20
1627,4416,Sridhar Srikanth Mali,Jath,163/1,Siddhanath,0.8,8.58,0.24,0.83,225.79,12.48,369.60,5.02,1.28,0.84,4.04,11.86,3.30
1628,4417,Srisail Sahibgonda Belur,Jath,1,Siddhanath,0.66,8.32,0.43,0.72,188.16,16.49,134.40,4.62,2.16,0.93,4.10,20.32,2.90
1629,4418,Suresh Gurpad Tikoti,Jath,264/2,Siddhanath,0.8,8.25,0.21,0.58,175.62,10.25,470.40,6.46,1.90,0.74,6.12,17.16,2.08
1630,4419,Suslawa Dundappa Mali,Jath,231/1,Siddhanath,0.4,8.04,0.27,0.61,188.16,12.48,179.20,5.37,2.30,0.77,6.06,20.10,2.62
1631,4420,Suvarna Ashok Pujari,Jath,259,Siddhanath,1,8.21,0.29,0.86,175.62,11.59,201.60,6.76,1.86,0.75,6.00,16.86,3.30
1632,4421,Tamanna Gurpal Pujari,Jath,12,Siddhanath,1,8.19,0.30,0.60,238.34,14.26,324.80,8.03,2.02,0.67,6.08,17.02,3.38
1633,4422,UdayShankar Limbaji Pujari,Jath,259,Siddhanath,1.51,8.13,0.45,0.54,213.25,13.37,392.00,8.64,1.82,0.81,4.06,10.80,2.82
1634,4423,Ullas Bheemana Mali,Jath,28/2,Siddhanath,0.8,8.22,0.39,0.57,213.25,10.70,336.00,9.60,1.44,0.66,4.18,15.26,3.46
1635,4424,Yashwant Bhimanna Kurne,Jath,5/2,Siddhanath,2.8,8.18,0.30,0.46,175.62,8.92,313.60,6.50,0.88,0.86,8.22,18.54,3.06
1636,4425,?????? ??????? ??????,Jath,86,Siddhanath,1,8.22,0.27,0.42,238.34,12.93,481.60,5.15,0.80,0.59,8.20,14.08,2.76
1637,4426,??????? ???????? ?????,Jath,283,Siddhanath,0.59,8.35,0.24,0.56,250.88,15.60,414.40,7.63,2.54,0.60,4.22,11.50,2.12
1638,4427,Dinesh Suryankat Kamble,Jath,364,Kunikonur,1.00,8.28,0.12,0.53,225.79,13.37,313.60,4.54,0.34,0.60,4.98,9.24,2.78
1639,4428,Suryakant Nnanu Kabale,Jath,303,Kunikonur,0.40,8.50,0.15,0.54,250.88,14.71,134.40,4.89,0.30,0.68,4.88,8.36,2.60
1640,4429,Waman Ganpati Chvan,Jath,285,Kunikonur,16.19,8.40,0.39,0.75,263.42,9.36,123.20,6.41,0.30,0.65,4.32,3.08,2.28
1641,4430,Shrimant Rajaram Terave,Jath,240,Kunikonur,0.80,8.18,0.18,0.96,200.70,22.73,190.40,4.75,0.66,0.71,5.10,10.92,2.16
1642,4431,Birappa Vishnu Kharat,Jath,245,Kunikonur,16.19,8.13,0.21,0.86,263.42,26.75,459.20,5.58,1.18,0.80,3.78,14.72,2.46
1643,4432,Vishnu Ada Kharat,Jath,245,Kunikonur,16.19,8.19,0.13,0.94,250.88,21.84,526.40,4.45,0.80,0.82,4.40,15.44,2.22
1644,4433,Appshe Subhash Mane,Jath,266,Kunikonur,16.19,8.20,0.21,0.83,250.88,24.96,504.00,6.19,0.64,0.75,5.20,13.14,1.92
1645,4434,Yashwant Ramchandra Kare,Jath,355,Kunikonur,16.19,8.09,0.24,0.83,250.88,30.76,459.20,6.11,0.30,0.72,2.62,3.46,5.18
1646,4435,Dattatray Annasaheb Padolkar,Jath,515,Kunikonur,11.33,8.63,0.13,0.43,200.70,13.37,179.20,8.07,0.22,0.95,5.62,2.34,1.90
1647,4436,Digambar Annasaheb Padolkar,Jath,477,Kunikonur,16.19,8.52,0.13,0.49,225.79,18.72,134.40,7.37,0.38,0.72,4.92,2.04,1.80
1648,4437,Dondiba Kundiba Kharaje,Jath,503,Kunikonur,32.38,8.60,0.13,0.44,213.25,8.02,123.20,4.97,0.24,0.73,4.76,4.56,1.78
1649,4438,Sachin Kakaso Kharaje,Jath,510,Kunikonur,32.38,8.33,0.32,0.63,200.70,17.38,145.60,5.76,0.44,0.79,3.92,4.24,2.60
1650,4439,Vikas Pandurang Padolkar,Jath,496,Kunikonur,32.38,8.53,0.20,0.64,200.70,31.20,235.20,10.56,0.42,0.88,2.96,6.30,2.64
1651,4440,Vinayak Atmaram Padolkar,Jath,525,Kunikonur,16.19,8.47,0.21,0.85,175.62,17.38,448.00,4.27,0.32,0.70,5.26,2.88,2.18
1652,4441,Manohar Atmaram Padolkar,Jath,495,Kunikonur,16.19,8.51,0.14,0.72,163.07,8.02,291.20,6.24,0.28,0.76,3.84,4.38,2.32
1653,4442,Sandipan Raosaheb Turai,Jath,461,Kunikonur,32.38,7.75,1.00,0.97,137.98,26.75,179.20,8.16,0.22,0.97,4.02,3.64,2.28
1654,4443,Shankar Raosaheb Turai,Jath,461,Kunikonur,32.38,8.16,0.56,0.96,163.07,12.48,123.20,7.42,1.94,0.71,5.04,4.42,1.82
1655,4444,Sidray Laxman Turai,Jath,461,Kunikonur,32.38,8.20,0.25,0.72,137.98,7.13,604.80,4.89,0.26,0.61,5.28,1.88,1.80
1656,4445,Shankar Hariba Dhaygude,Jath,460,Kunikonur,32.38,8.49,0.32,0.72,175.62,14.26,459.20,9.51,0.46,0.69,6.16,2.40,3.36
1657,4446,Babasaheb Heriba Dhaygude,Jath,516,Kunikonur,32.38,8.51,0.16,0.76,163.07,16.05,224.00,7.07,0.32,0.66,4.16,3.92,1.78
1658,4447,Arjun Nagu Rode,Jath,427,Kunikonur,32.38,8.34,0.19,0.65,175.62,8.47,369.60,5.89,0.30,0.71,4.70,1.46,2.76
1659,4448,Ashok Nagu Rode,Jath,427,Kunikonur,32.38,8.36,0.28,0.61,188.16,12.48,156.80,8.99,0.42,0.81,4.28,3.14,1.72
1660,4449,Bhaudo Lakshman Turai,Jath,461,Kunikonur,32.38,8.44,0.21,0.86,200.70,10.70,112.00,7.85,0.28,0.83,5.64,5.16,2.36
1661,4450,Vishnu Maruti Rode,Jath,427,Kunikonur,32.38,8.38,0.18,0.68,163.07,21.84,224.00,4.54,0.28,0.76,16.36,3.70,3.96
1662,4451,Sopan Bhiva Narale,Jath,116,Kunikonur,32.38,8.32,0.16,0.92,175.62,8.02,123.20,5.63,0.22,0.69,6.04,3.52,3.54
1663,4452,Yashavant Govind Narale,Jath,85,Kunikonur,16.19,7.98,0.43,0.79,175.62,12.48,168.00,7.42,0.34,0.67,5.46,2.14,3.70
1664,4453,Krushnadev Yashavant Narale,Jath,109,Kunikonur,16.19,8.29,0.33,0.94,150.53,27.19,436.80,6.54,0.38,0.73,7.06,4.36,2.58
1665,4454,Sukhadev Yashavant Narale,Jath,109,Kunikonur,19.43,8.04,0.39,0.82,188.16,31.65,728.00,6.41,1.68,0.72,5.06,4.12,2.34
1666,4455,Mahadev Narayan Narale,Jath,115,Kunikonur,16.19,8.30,0.44,0.86,175.62,21.84,403.20,6.76,1.70,0.90,5.24,4.10,1.74
1667,4456,Narayan Govind Narale,Jath,113,Kunikonur,32.38,8.13,0.43,0.78,150.53,26.30,369.60,7.42,0.82,0.94,6.14,7.84,2.40
1668,4457,Atmaram Pandurang Narale,Jath,112,Kunikonur,16.19,8.52,0.19,0.63,188.16,11.14,448.00,8.99,1.64,0.80,6.38,1.36,3.64
1669,4458,Jaganath Kondiba Narale,Jath,108,Kunikonur,16.19,8.54,0.12,0.32,163.07,17.38,201.60,7.07,0.52,0.95,5.50,1.06,2.32
1670,4459,Doulat Bhiva Narale,Jath,109,Kunikonur,16.19,8.31,0.23,0.72,188.16,13.37,134.40,6.54,1.06,0.72,6.62,2.56,3.10
1671,4460,Jayashri Shivaji Narale,Jath,106,Kunikonur,16.19,8.35,0.24,0.56,163.07,28.08,212.80,6.28,0.28,0.73,7.30,0.58,2.54
1672,4461,Laxman Govind Narale,Jath,112,Kunikonur,16.19,8.49,0.28,0.46,200.70,11.14,380.80,7.50,0.24,0.79,5.42,1.68,1.94
1673,4462,Maruti Narayan Narale,Jath,110,Kunikonur,16.19,8.36,0.23,0.69,163.07,15.16,123.20,9.03,0.28,0.88,7.04,2.04,2.88
1674,4463,Shubas Pandurang Padolkar,Jath,583,Kunikonur,0.16,8.35,0.27,0.75,137.98,9.81,190.40,8.20,0.28,0.70,7.54,1.76,7.30
1675,4464,Maruti Baburao Rajage,Jath,99,Kunikonur,0.40,8.58,0.22,0.49,175.62,10.70,134.40,6.63,0.62,0.76,6.02,3.74,2.56
1676,4465,Anubai Shivaji Rajage,Jath,94,Kunikonur,0.40,8.38,0.34,0.82,200.70,7.58,201.60,6.02,0.32,0.98,6.16,2.48,2.18
1677,4466,Bhanudas Annappa Rajage,Jath,83,Kunikonur,0.80,8.31,0.51,0.51,163.07,9.81,302.40,7.85,0.32,0.72,6.64,2.04,3.34
1678,4467,Ganesh Ravsaheb Rajage,Jath,91,Kunikonur,0.16,8.53,0.21,0.56,188.16,23.18,369.60,7.24,0.30,0.61,5.70,3.84,1.68
1679,4468,Balaso Dadaso Mote,Jath,559,Kunikonur,0.16,8.39,0.33,0.76,163.07,27.19,459.20,4.80,0.28,0.69,7.12,2.96,2.48
1680,4469,Mayappa Raghunath Rajage,Jath,58,Kunikonur,0.16,8.50,0.34,0.94,188.16,21.40,246.40,6.19,0.30,0.66,6.52,1.96,4.50
1681,4470,Narayan Babu Rajage,Jath,712,Kunikonur,0.16,8.42,0.23,0.85,150.53,22.73,145.60,4.71,0.32,0.72,9.06,2.12,2.50
1682,4471,Ramchandra Babu Rajage,Jath,26,Kunikonur,0.16,8.40,0.25,0.93,213.25,11.14,123.20,5.54,0.32,0.81,8.86,4.78,2.80
1683,4472,Ramesh Ravsaheb Rajage,Jath,711,Kunikonur,0.16,8.48,0.21,0.83,175.62,14.26,179.20,5.23,0.34,0.83,8.34,4.04,1.90
1684,4473,Ravasheb Satu Rajage,Jath,40,Kunikonur,0.16,8.33,0.28,0.93,137.98,31.20,212.80,6.02,0.38,0.61,9.72,4.82,2.88
1685,4474,Laxman Satu Rajage,Jath,40,Kunikonur,0.16,8.35,0.32,0.53,188.16,16.49,168.00,5.41,0.28,0.69,8.12,4.82,2.56
1686,4475,Babasaheb Krishna Padolkar,Jath,610,Kunikonur,0.16,8.40,0.32,0.90,213.25,9.36,257.60,5.02,0.26,0.66,8.20,4.12,3.80
1687,4476,Shivaji Bhiku Rajage,Jath,95,Kunikonur,0.16,8.47,0.24,0.88,175.62,13.82,313.60,6.06,0.30,0.71,7.48,4.86,2.26
1688,4477,Santosh Laxman Rajage,Jath,91,Kunikonur,0.16,8.44,0.23,0.83,137.98,19.17,347.20,5.15,0.30,0.81,8.04,2.17,5.48
1689,4478,Amagondaa Rama Kharaje,Jath,67,Kunikonur,0.16,8.52,0.22,0.76,175.62,8.47,336.00,7.15,0.34,0.82,7.38,2.12,4.94
1690,4479,Bharat Laxman Kharaje,Jath,81,Kunikonur,0.16,8.23,0.31,0.85,213.25,12.93,179.20,4.89,0.36,0.75,11.16,4.34,4.50
1691,4480,Birappa Dnyanoba Kharaje,Jath,67,Kunikonur,0.16,8.45,0.21,0.83,175.62,7.58,134.40,9.25,0.32,0.68,7.18,1.96,6.80
1692,4481,Dadasheb Shivaji Kharaje,Jath,81,Kunikonur,0.16,8.46,0.25,0.44,150.53,14.71,190.40,6.46,0.28,0.66,11.16,1.82,1.86
1693,4482,Dattatray Laxman Kharaje,Jath,81,Kunikonur,0.16,8.50,0.23,0.46,188.16,16.49,280.00,8.55,0.64,0.70,7.18,1.00,2.28
1694,4483,Laxman Dhula Kharaje,Jath,81,Kunikonur,0.16,8.41,0.22,0.44,163.07,18.72,358.40,7.85,0.38,0.73,6.96,2.40,2.36
1695,4484,Krushna Tukaram Kharje,Jath,76,Kunikonur,0.16,8.42,0.27,6.25,200.70,14.71,201.60,6.63,0.36,0.71,8.28,3.50,1.60
1696,4485,Raharam Ananda Chavan,Jath,659,Kunikonur,0.16,8.35,0.23,0.56,125.44,19.17,179.20,10.47,0.38,0.89,8.62,3.76,2.92
1697,4486,Vitthal Laxman Karaje,Jath,612,Kunikonur,0.16,8.37,0.27,0.72,163.07,13.37,470.40,7.59,0.34,0.93,7.96,3.38,3.88
1698,4487,Vasant Ramu Kharaje,Jath,591,Kunikonur,0.16,8.44,0.26,0.56,188.16,14.71,268.80,6.67,0.40,0.79,7.50,2.06,3.36
1699,4488,Tukaram Pandurang,Jath,435,Kunikonur,0.16,8.45,0.40,0.57,175.62,9.81,201.60,6.94,0.30,0.94,8.94,2.42,1.42
1700,4489,Tatyasaheb Sukadeva Kharaje,Jath,81,Kunikonur,0.16,8.33,0.31,0.58,125.44,15.60,123.20,4.75,0.34,0.69,8.60,2.50,3.30
1701,4490,Sunila Krishna Kharaje,Jath,81,Kunikonur,0.16,8.30,0.30,0.68,150.53,9.81,190.40,8.77,0.30,0.65,7.14,3.02,2.40
1702,4491,Sopan Judiba Kharaje,Jath,631,Kunikonur,0.16,8.48,0.32,0.51,175.62,23.18,257.60,6.19,0.52,0.61,8.24,2.20,2.66
1703,4492,Sonay Hariba Kharaje,Jath,445,Kunikonur,0.16,8.40,0.28,0.67,188.16,21.84,190.40,8.38,0.42,0.81,8.40,3.66,2.90
1704,4493,Shankar Pandurang Kharaje,Jath,618,Kunikonur,0.16,8.46,0.27,0.85,137.98,25.41,179.20,6.28,0.42,0.75,9.86,2.48,6.96
1705,4494,Shankar Krushna Kharaje,Jath,81,Kunikonur,0.16,8.32,0.25,0.72,175.62,18.28,134.40,4.62,0.34,0.66,8.38,4.04,2.90
1706,4495,Samadhan Dagadu Kharaje,Jath,434,Kunikonur,0.16,8.51,0.15,0.61,213.25,9.81,235.20,7.63,0.40,0.72,8.10,2.58,2.20
1707,4496,Raosaheb Shivaji Kharaje,Jath,81,Kunikonur,0.16,8.43,0.20,0.71,213.25,18.72,291.20,4.97,0.34,0.90,8.32,2.92,2.68
1708,4497,Prakash Aba Kharaje,Jath,625,Kunikonur,0.16,8.41,0.21,0.72,150.53,14.71,224.00,5.32,0.36,0.86,7.44,3.48,2.66
1709,4498,Navanath Bhanudas Kharaje,Jath,626,Kunikonur,0.16,8.49,0.24,0.72,163.07,18.72,369.60,8.38,0.48,0.72,7.48,2.32,3.16
1710,4499,Laxman Kondiba Kharaje,Jath,614,Kunikonur,0.16,8.34,0.20,0.61,250.88,17.38,156.80,4.27,0.38,0.78,4.90,5.36,2.20
1711,4500,Lav Pandurang Kharaje,Jath,610,Kunikonur,0.16,8.36,0.22,0.60,225.79,21.40,134.40,7.07,0.56,0.97,4.04,2.34,3.30
1712,4501,Kondiba Govind Solanakar,Jath,552,Kunikonur,0.16,8.40,0.24,0.71,175.62,9.81,224.00,7.28,0.54,0.73,4.10,0.42,2.90
1713,4502,Kisan Pandurang Kharaje,Jath,435,Kunikonur,0.40,8.47,0.13,0.69,188.16,12.04,168.00,5.89,0.48,0.71,6.12,2.80,2.08
1714,4503,Kashiling Kisan Kharje,Jath,518,Kunikonur,0.16,8.44,0.13,0.72,175.62,12.93,358.40,6.37,0.34,0.73,6.06,1.20,2.62
1715,4504,Jayavant Ramchandar Kharje,Jath,611,Kunikonur,0.16,8.52,0.13,0.57,263.42,18.72,324.80,5.15,0.36,0.66,6.00,2.28,3.30
1716,4505,Ada Shivaram Kharaje,Jath,611,Kunikonur,0.16,8.23,0.32,0.56,112.90,16.05,201.60,7.20,0.38,0.72,6.08,13.20,3.38
1717,4506,Anand Pandurang Kharje,Jath,612,Kunikonur,0.16,8.46,0.20,0.58,200.70,12.48,190.40,4.71,0.42,0.69,4.06,2.42,2.82
1718,4507,Balavat Hariba Kharaje,Jath,621,Kunikonur,0.16,8.42,0.14,0.74,225.79,18.28,168.00,5.98,0.40,0.68,4.18,2.46,3.46
1719,4508,Mhaku Jaggu Mote,Jath,590,Kunikonur,0.16,8.35,0.45,0.43,213.25,15.16,201.60,6.46,0.40,0.67,8.22,2.18,3.06
1720,4509,Rakamabai Shamarao Ropanur,Jath,531,Kunikonur,0.16,8.27,0.39,0.58,213.25,13.37,156.80,6.76,0.38,0.60,8.20,2.26,2.76
1721,4510,Dattatray Shivaji Rupanur,Jath,590,Kunikonur,0.16,8.32,0.47,0.75,200.70,8.47,246.40,7.59,0.44,0.67,4.22,2.20,2.12
1722,,Sukhadev Dhondiba Shinde,Jath,71,Shelakewadi,0.4,8.32,0.12,0.50,213.25,9.81,369.6,7.20,0.74,1.13,1.54,3.50,2.06
1723,,Nandu Babu Kattiakr,Jath,71,Shelakewadi,0.4,8.40,0.18,0.49,200.70,11.14,448.0,7.50,0.30,1.49,1.60,4.68,2.08
1724,,Mahaling Babu Kattikar,Jath,71,Shelakewadi,0.4,8.01,0.20,0.49,225.79,10.25,336.0,6.15,0.42,1.09,0.52,6.04,1.96
1725,,Dhondiba Nana Masal,Jath,76,Shelakewadi,0.4,7.99,0.14,0.49,225.79,11.59,313.6,8.77,0.40,1.02,0.66,4.76,2.00
1726,,Vithoba Krushana Bandagar,Jath,86,Shelakewadi,0.4,8.22,0.24,0.47,213.25,14.26,392.0,9.33,0.38,0.98,1.34,4.68,3.06
1727,,Santosh Madhukar Bandgar,Jath,86,Shelakewadi,0.4,8.60,0.11,0.42,213.25,14.26,425.6,8.38,0.62,0.92,1.36,2.88,1.98
1728,,Mahalinga Krushana Bandagar,Jath,86,Shelakewadi,0.4,8.03,0.12,0.86,175.62,9.81,291.2,6.02,0.50,1.05,1.02,4.44,1.68
1729,,Shankar Dnyanoba Bandagar,Jath,84,Shelakewadi,0.409,8.01,0.17,0.89,200.70,16.49,235.2,9.42,0.28,0.88,1.34,4.14,2.16
1730,,Keru Bhimu Bandgar,Jath,84,Shelakewadi,0.4,7.95,0.26,0.90,163.07,13.82,358.4,10.86,0.48,1.31,1.18,3.48,2.46
1731,,Dhondiba Natha Shelke,Jath,97,Shelakewadi,0.4,8.34,0.15,0.47,175.62,15.16,448.0,9.25,0.68,1.01,1.30,4.46,2.32
1732,,Dhanaji Bhimrav Shelke,Jath,86,Shelakewadi,0.4,8.44,0.13,0.46,150.53,9.81,436.8,8.33,0.32,1.04,1.00,5.48,1.68
1733,,Ramesh Bhimrav Shelke,Jath,86,Shelakewadi,0.4,8.69,0.12,0.44,175.62,16.49,336.0,7.94,0.28,0.91,1.42,4.30,2.12
1734,,Ramdas Aandarav Shelke,Jath,101,Shelakewadi,0.4,7.90,0.22,0.90,213.25,11.59,526.4,7.50,0.30,1.27,1.36,4.12,1.58
1735,,Bhanudas Aandarav Shelke,Jath,101,Shelakewadi,0.4,8.20,0.14,0.83,175.62,15.16,201.6,7.11,0.70,1.16,1.12,7.36,1.58
1736,,Fulabai Pandit Shelake,Jath,9,Shelakewadi,0.4,8.19,0.19,0.51,213.25,16.49,246.4,6.24,0.42,1.41,1.32,5.48,2.34
1737,,Raju Pandit Shelke,Jath,97,Shelakewadi,0.4,8.42,0.20,0.93,175.62,9.81,168.0,6.85,0.46,1.18,1.46,3.38,1.86
1738,,Aannappa Pandit Shelke,Jath,97,Shelakewadi,0.4,8.63,0.12,0.85,163.07,6.69,212.8,7.76,0.34,0.88,1.46,7.52,2.20
1739,,Aambaji Natha Shelke,Jath,97,Shelakewadi,0.4,8.55,0.13,0.89,137.98,10.25,291.2,8.68,0.26,0.98,1.18,3.66,2.26
1740,,Namadev Govinda Eadake,Jath,105,Shelakewadi,0.4,8.24,0.15,0.92,163.07,9.81,280.0,9.07,0.20,1.21,1.26,4.60,1.42
1741,,Krushana Govinda Edake,Jath,105,Shelakewadi,0.4,8.86,0.11,0.47,137.98,8.47,134.4,8.24,0.28,1.28,1.10,3.58,1.64
1742,,Bhimarv Govinda Edake,Jath,105,Shelakewadi,0.4,8.20,0.12,0.44,175.62,12.48,212.8,8.90,0.50,1.07,0.94,3.38,1.76
1743,,Shamarav Govinda Eadake,Jath,105,Shelakewadi,0.4,8.00,0.16,0.51,200.70,11.59,190.4,10.77,0.40,1.30,0.78,4.06,1.40
1744,,Nana Govinda Eadke,Jath,107,Shelakewadi,0.4,8.04,0.16,0.50,137.98,14.26,280.0,9.20,0.38,1.42,1.04,3.84,1.76
1745,,Vijay Sadashiv Langute,Jath,107,Shelakewadi,0.4,8.44,0.17,0.49,163.07,9.36,224.0,10.56,0.80,1.02,1.12,3.62,2.66
1746,,Vitthal Balaso Langute,Jath,107,Shelakewadi,0.4,8.46,0.19,0.49,175.62,12.04,201.6,8.33,0.30,1.09,1.06,4.42,1.60
1747,,Sudhakar Omana Langute,Jath,107,Shelakewadi,0.4,8.41,0.18,0.42,150.53,13.37,179.2,7.55,0.32,1.22,1.04,6.04,1.26
1748,,Sambhaji Omana Langute,Jath,107,Shelakewadi,0.4,8.13,0.20,0.44,175.62,14.26,156.8,6.32,0.46,1.17,1.20,3.90,1.64
1749,,Basapa Mahadev Langute,Jath,107,Shelakewadi,0.4,8.17,0.21,0.43,137.98,13.82,190.4,6.98,0.72,1.06,1.24,5.60,1.74
1750,,Dagadu Karyappa Edake,Jath,123,Shelakewadi,0.4,8.52,0.22,0.50,163.07,12.93,246.4,7.90,0.38,1.07,1.36,5.00,1.88
1751,,Appa Bhima Edaje,Jath,122,Shelakewadi,0.4,8.70,0.16,0.32,200.70,10.25,291.2,11.04,0.36,1.18,0.58,5.70,1.68
1752,,Bharta Biru Bandagar,Jath,76,Shelakewadi,0.4,8.32,0.14,0.36,175.62,11.59,347.2,9.60,0.20,1.07,0.98,6.24,1.48
1753,,Vithoba Karyappa Edake,Jath,122,Shelakewadi,0.4,8.39,0.14,0.42,200.70,9.81,257.6,8.55,0.36,1.19,0.70,5.62,1.14
1754,,Tukaram Karyappa Edake,Jath,122,Shelakewadi,0.4,8.45,0.15,0.47,163.07,15.16,324.8,8.07,0.44,1.25,0.84,6.74,0.70
1755,,Kundlik Karyappa Edake,Jath,122,Shelakewadi,0.4,7.95,0.17,0.49,150.53,8.47,224.0,6.63,0.68,1.13,0.80,5.84,1.30
1756,,Biru Appaji Bandagar,Jath,76,Shelakewadi,0.4,8.95,0.16,0.49,175.62,9.36,190.4,7.15,1.14,1.02,1.28,4.28,2.10
1757,,Shobha Balaso Bandagar,Jath,71,Shelakewadi,0.4,8.30,0.14,0.50,213.25,12.04,168.0,8.24,0.22,0.98,0.90,4.02,2.36
1758,,Maruti Balaso Bandagar,Jath,75,Shelakewadi,0.4,8.22,0.16,0.49,163.07,11.59,201.6,8.99,0.78,1.04,0.44,7.64,1.70
1759,,Dnyanoba Balaso Bandagar,Jath,75,Shelakewadi,0.4,8.23,0.13,0.51,175.62,12.93,246.4,9.38,0.46,1.14,0.74,9.34,2.20
1760,,Gunda Laxman Bandagar,Jath,76,Shelakewadi,0.4,8.92,0.21,0.96,137.98,8.92,347.2,10.51,1.44,1.17,0.76,10.08,0.98
1761,,Sidhu Laxman Bandagar,Jath,76,Shelakewadi,0.4,7.96,0.14,0.47,163.07,15.16,280.0,9.51,0.64,1.00,0.82,4.94,1.94
1762,,Balasaheb Maruti Bandgar,Jath,113,Shelakewadi,0.4,8.22,0.19,0.44,188.16,16.94,257.6,8.55,0.64,1.23,0.46,4.34,1.04
1763,,Shivaji Pandit Edake,Jath,121,Shelakewadi,0.4,8.01,0.12,0.42,163.07,9.36,201.6,7.50,0.50,0.99,1.22,6.58,1.54
1764,,Sangappa Channappa Biradar,Jath,133,Shelakewadi,0.4,8.21,0.15,0.47,150.53,9.81,246.4,7.11,0.36,1.10,1.30,4.26,4.56
1765,,Revnsidh Malleshappa Bhivargi,Jath,134,Shelakewadi,0.4,8.04,0.12,0.51,188.16,13.37,179.2,6.72,0.40,1.15,1.86,5.12,1.18
1766,,Revanna Pandit Edake,Jath,104,Shelakewadi,0.4,8.14,0.13,0.31,225.79,9.81,336.0,10.34,0.20,1.06,1.54,3.46,1.32
1767,,Sidhappa Biru Mane,Jath,28/b,Shelakewadi,0.4,8.24,0.11,0.43,163.07,14.71,268.8,11.30,0.44,1.18,2.06,3.14,0.64
1768,,Vhanappa Aallappa Irape,Jath,142,Shelakewadi,0.4,8.32,0.14,0.50,137.98,13.82,168.0,7.11,0.48,0.74,1.00,1.88,1.46
1769,,Mahaku Sidhu Mane,Jath,37/b,Shelakewadi,0.4,8.47,0.18,0.36,163.07,10.25,257.6,7.37,0.20,0.98,1.26,2.16,1.58
1770,,Balaso Shivaji Mane,Jath,37,Shelakewadi,0.4,8.39,0.17,0.49,188.16,9.36,224.0,8.51,0.26,1.15,1.38,3.64,1.66
1771,,Kallappa Babu Shelake,Jath,21,Shelakewadi,0.4,8.31,0.12,0.51,188.16,13.37,212.8,10.29,0.22,1.20,1.04,3.58,1.44
1772,,Balu Drayappa Shelake,Jath,77,Shelakewadi,0.4,8.42,0.11,0.42,150.53,14.26,190.4,11.12,0.22,1.21,1.74,3.76,1.40
1773,,Popat Ramu Mane,Jath,45,Shelakewadi,0.4,8.48,0.20,0.89,188.16,14.71,168.0,11.65,0.52,1.12,1.22,5.44,1.88
1774,,Dhanaji Shivaji Shelake,Jath,130,Shelakewadi,0.4,8.39,0.22,0.83,163.07,13.82,235.2,12.26,0.38,1.18,1.24,2.56,1.72
1775,,Gunda Sadashiv Shelake,Jath,150,Shelakewadi,0.4,8.46,0.18,0.47,175.62,10.25,179.2,11.43,0.48,1.25,1.56,2.20,2.26
1776,,Balu Shankar Shelake,Jath,10,Shelakewadi,0.4,8.51,0.21,0.51,150.53,15.16,134.4,9.51,0.62,1.09,1.38,3.04,2.18
1777,,Muryappa Ramu Shelake,Jath,48,Shelakewadi,0.4,8.22,0.17,0.49,188.16,12.04,201.6,11.73,0.58,1.05,1.54,2.94,2.08
1778,,Babaso Dhondi Shelake,Jath,106,Shelakewadi,0.4,8.41,0.12,0.44,175.62,11.59,224.0,8.51,0.60,1.10,1.24,2.48,2.00
1779,,Jagannath Sadashiv Shelake,Jath,91,Shelakewadi,0.4,8.34,0.22,0.50,137.98,6.69,168.0,10.38,0.68,1.07,1.22,2.66,1.26
1780,,Biru Laxman Shelke,Jath,77,Shelakewadi,0.4,8.26,0.23,0.49,163.07,10.25,324.8,8.16,0.50,1.18,1.60,2.46,1.40
1781,,Vithoba Nana Patil,Jath,29,Shelakewadi,0.4,8.31,0.11,0.51,175.62,12.04,190.4,7.37,0.26,1.07,1.66,4.72,1.96
1782,,Balavva Mahaninga Masal,Jath,63,Shelakewadi,0.4,8.27,0.23,0.47,163.07,13.82,168.0,6.63,0.36,1.22,1.40,4.52,2.24
1783,,Ramu Irappa Yangare,Jath,71,Shelakewadi,0.4,8.49,0.23,0.44,188.16,12.93,224.0,10.86,0.34,1.11,1.06,2.74,1.06
1784,,Mahaning Babau Kattikar,Jath,71,Shelakewadi,0.4,8.17,0.24,0.51,150.53,12.04,246.4,6.46,0.46,1.30,1.04,4.66,1.40
1785,,Balku Dnyanoba Shelake,Jath,62,Shelakewadi,0.4,8.12,0.24,0.49,150.53,9.81,280.0,10.47,0.38,1.27,1.06,4.52,1.62
1786,,Aaba Lakappa Shelake,Jath,38,Shelakewadi,0.4,8.19,0.14,0.42,188.16,10.25,212.8,8.42,0.60,1.32,1.10,2.90,1.08
1787,,Appa Rama Shelake,Jath,39,Shelakewadi,0.4,8.16,0.16,0.43,150.53,18.28,257.6,10.12,0.74,1.22,1.66,2.42,1.88
1788,,Balaso Maruti Bandagar,Jath,71,Shelakewadi,0.4,8.57,0.16,0.50,163.07,10.25,336.0,9.20,0.54,1.07,1.12,4.44,2.44
1789,,Narayan Tatoba Mane,Jath,45,Shelakewadi,0.4,8.20,0.13,0.32,137.98,15.16,324.8,10.73,0.62,0.93,1.88,4.86,2.63
1790,,Mallappa Ningappa Yangare,Jath,70,Shelakewadi,0.4,8.08,0.12,0.36,163.07,14.71,347.2,10.25,1.14,1.32,1.62,4.58,2.24
1791,,Gangappa Ramu Yangate,Jath,63,Shelakewadi,0.4,8.20,0.11,0.42,188.16,17.83,201.6,8.20,0.76,1.27,1.50,4.46,1.78
1792,,Aanappa Tayappa Yangare,Jath,42,Shelakewadi,0.4,8.07,0.14,0.47,213.25,9.81,257.6,9.25,0.50,1.17,1.86,8.74,1.28
1793,,Balu Irappa Yangare,Jath,41,Shelakewadi,0.4,8.62,0.20,0.57,163.07,8.02,291.2,10.29,0.46,1.30,1.88,6.36,2.12
1794,,Popat Aambana Irale,Jath,32,Shelakewadi,0.4,8.58,0.17,0.53,188.16,11.59,179.2,8.46,0.52,1.18,1.52,5.56,2.56
1795,,Mallappa Sidnig Irale,Jath,32,Shelakewadi,0.4,8.59,0.14,0.58,225.79,13.82,212.8,7.37,0.48,1.14,1.30,6.48,1.76
1796,,Irappa Chatrappa Irale,Jath,32,Shelakewadi,0.4,8.32,0.26,0.46,150.53,14.26,190.4,8.11,0.58,1.24,1.56,6.66,1.90
1797,,Shivaji Tukaram Irale,Jath,34,Shelakewadi,0.4,8.46,0.11,0.40,188.16,10.25,235.2,8.51,0.52,1.28,1.78,7.04,1.98
1798,,Gangaram Bhimana Irale,Jath,35,Shelakewadi,0.4,8.42,0.13,0.68,213.25,8.47,156.8,7.15,0.80,1.07,2.22,6.38,1.34
1799,,Mahadev Tukaram Irale,Jath,34,Shelakewadi,0.4,7.92,0.19,0.43,213.25,13.82,201.6,11.04,0.34,1.03,1.50,6.26,1.70
1800,,Dattu Aallappa Irale,Jath,138,Shelakewadi,0.4,8.15,0.11,0.56,163.07,10.25,347.2,10.12,0.38,0.99,1.84,7.22,1.76
1801,,Kallappa Shivappa Irale Mali,Jath,76,Shelakewadi,0.4,8.24,0.14,0.72,200.70,15.16,201.6,12.26,0.66,1.09,1.94,6.96,1.72
1802,,Balaso Shivappa Irale Mali,Jath,76,Shelakewadi,0.4,8.49,0.16,0.67,150.53,9.36,156.8,9.73,0.66,1.16,1.28,5.76,1.40
1803,,Shivaji Ramu Shelke,Jath,90,Shelakewadi,0.4,8.51,0.18,0.63,188.16,14.26,235.2,8.38,0.36,1.07,1.92,6.60,1.66
1804,,Vishwas Shamrav Shelake,Jath,81/b,Shelakewadi,0.4,7.42,0.15,0.44,225.79,14.71,336.0,6.41,0.52,1.03,2.00,6.28,1.34
1805,,Vasant Daryappa Shelke,Jath,95/a/b,Shelakewadi,0.4,7.96,0.13,0.49,188.16,11.59,246.4,10.29,0.50,1.02,2.02,6.76,2.30
1806,,Vitthal Vasant Shelke,Jath,83,Shelakewadi,0.4,8.35,0.11,0.44,62.72,12.04,212.8,11.08,0.46,0.99,1.98,5.34,1.98
1807,,Ananda Daryappa Shelake,Jath,81,Shelakewadi,0.4,8.43,0.16,0.50,301.06,9.81,201.6,8.68,0.38,0.93,1.34,12.26,1.56
1808,,Bhimrav Maruti Shelke,Jath,79/b,Shelakewadi,0.4,8.37,0.13,0.56,188.16,8.02,179.2,7.15,0.24,1.02,1.38,5.66,1.48
1809,,Sangita Daryappa Shelke,Jath,95,Shelakewadi,0.4,8.31,0.19,0.57,137.98,8.92,212.8,10.25,0.34,1.09,1.90,6.06,0.68
1810,,Archana Pandurang Shelke,Jath,95,Shelakewadi,0.4,7.97,0.11,0.83,163.07,12.48,201.6,9.33,0.23,1.16,1.18,8.04,0.96
1811,,Daryappa Ishwara Shelke,Jath,80/a,Shelakewadi,0.4,8.28,0.12,0.71,175.62,11.14,246.4,8.11,0.68,1.12,1.38,6.60,1.56
1812,,Daryappa Ishwara Shelke,Jath,80/a,Shelakewadi,0.4,8.03,0.10,0.72,188.16,14.71,190.4,8.59,0.54,1.21,0.90,6.64,1.42
1813,,Pandurang Ishwara Shelke,Jath,80/b,Shelakewadi,0.4,8.29,0.17,0.75,188.16,12.93,235.2,7.24,0.30,1.15,1.10,4.56,1.76
1814,5531,Ajay Ashok Nilkanth,Kavte mahankal,781,KONGNOLI,0.40,8.61,0.10,0.89,188.16,13.82,392.00,6.32,2.22,1.14,1.44,1.80,3.28
1815,5532,Ajit Sopan Khot,Kavte mahankal,298,KONGNOLI,0.82,8.66,0.10,0.76,163.07,11.14,313.60,5.67,0.72,1.13,0.70,2.16,3.78
1816,5533,Ajitrao Laxman Patade,Kavte mahankal,1081,KONGNOLI,0.60,8.67,0.11,0.42,188.16,21.40,280.00,3.71,1.06,1.00,0.40,2.30,4.40
1817,5534,Akshay Appaso Bapanvar,Kavte mahankal,1013,KONGNOLI,0.35,8.52,0.16,0.86,150.53,8.92,347.20,5.45,2.14,0.96,0.46,1.32,2.68
1818,5535,Ananda Balu Pawar,Kavte mahankal,1021,KONGNOLI,1.20,8.49,0.10,0.75,175.62,12.48,268.80,3.75,0.68,0.90,0.72,1.20,3.56
1819,5536,Anil Balaso Katwate,Kavte mahankal,712,KONGNOLI,0.30,8.54,0.15,0.90,175.62,22.29,224.00,9.60,4.98,1.03,0.70,2.10,1.22
1820,5537,Anil Mahadev Autade,Kavte mahankal,20,KONGNOLI,0.50,8.65,0.13,0.51,163.07,12.48,201.60,4.14,1.52,1.07,0.72,1.04,3.16
1821,5538,Annaso Ishwara Lingle,Kavte mahankal,276,KONGNOLI,0.50,8.34,0.12,0.47,188.16,16.05,235.20,4.58,1.12,0.97,0.86,0.46,2.48
1822,5539,Appasaheb Laxman Nalawade,Kavte mahankal,695,KONGNOLI,0.60,8.31,0.11,0.76,150.53,11.59,179.20,4.27,2.02,1.04,0.82,0.40,2.96
1823,5540,Arun Bidu Kambale,Kavte mahankal,292,KONGNOLI,0.30,8.47,0.15,0.85,175.62,9.36,201.60,5.76,1.92,0.99,0.54,0.28,4.76
1824,5541,Arun Prabhakar Patil,Kavte mahankal,920,KONGNOLI,0.60,8.47,0.10,0.76,200.70,21.84,291.20,6.02,3.24,1.12,0.68,0.20,2.94
1825,5542,Ashok Raghnath Manve,Kavte mahankal,994,KONGNOLI,0.30,8.50,0.12,0.92,150.53,12.93,235.20,4.67,1.72,1.08,0.44,3.30,4.16
1826,5543,Ashok Ramchandr Kambale,Kavte mahankal,286,KONGNOLI,0.60,8.53,0.10,0.47,188.16,14.26,257.60,4.58,3.24,1.04,0.52,2.30,1.68
1827,5544,Ashok Ramchandr More,Kavte mahankal,748,KONGNOLI,0.30,8.42,0.14,0.49,200.70,12.93,336.00,6.02,1.72,1.02,0.52,2.86,3.16
1828,5545,Ashok Sadashiv Hakke,Kavte mahankal,1026,KONGNOLI,0.60,8.51,0.12,0.43,175.62,15.16,212.80,5.67,1.96,1.03,0.66,3.56,2.30
1829,5546,Baban Dasrath Bandgar,Kavte mahankal,714,KONGNOLI,0.20,8.60,0.12,0.42,150.53,22.73,358.40,4.14,1.28,0.90,0.70,2.32,3.90
1830,5547,Baban Vithoba Bandgar,Kavte mahankal,770,KONGNOLI,0.60,8.29,0.26,0.50,188.16,24.07,190.40,11.56,2.38,0.96,0.68,2.48,3.78
1831,5548,Bajrang Kashinath Manve,Kavte mahankal,986,KONGNOLI,0.60,8.50,0.10,0.83,175.62,22.73,224.00,5.02,2.68,0.75,1.36,3.34,3.76
1832,5549,Balaso Shankar Patil,Kavte mahankal,19,KONGNOLI,0.60,8.53,0.10,0.47,188.16,25.85,280.00,5.45,1.86,0.84,1.06,2.56,2.78
1833,5550,Bapu Krushna Ligade,Kavte mahankal,695,KONGNOLI,0.40,8.39,0.10,0.51,200.70,22.29,201.60,6.41,3.36,0.77,0.56,2.22,1.38
1834,5551,Basling Shivappa Shikarkhane,Kavte mahankal,1070/1,KONGNOLI,0.30,8.63,0.10,0.49,163.07,18.72,246.40,5.45,1.78,0.92,0.50,2.06,5.50
1835,5552,Bhagwant Tukaram Atpadkar,Kavte mahankal,357,KONGNOLI,0.35,8.60,0.18,0.83,188.16,17.83,313.60,8.03,1.22,0.80,0.66,1.24,2.02
1836,5553,Bhimsen Sadappa Shikarkhane,Kavte mahankal,301,KONGNOLI,0.80,8.58,0.10,0.76,175.62,25.85,336.00,5.98,0.98,1.01,0.68,3.96,2.96
1837,5554,Bhupal Mayyappa Kambale,Kavte mahankal,266,KONGNOLI,0.80,8.49,0.10,0.85,150.53,18.28,302.40,6.32,2.88,1.22,1.08,2.78,6.26
1838,5555,Datta Sopan Khot,Kavte mahankal,300,KONGNOLI,0.60,8.57,0.10,0.90,188.16,19.17,235.20,7.94,0.48,0.90,0.74,4.46,2.50
1839,5556,Dattatray Sadashiv Jadhav,Kavte mahankal,575,KONGNOLI,0.40,8.50,0.10,0.72,213.25,22.29,201.60,5.80,1.54,1.03,0.74,4.08,2.24
1840,5557,Dattatray Shripati Patil,Kavte mahankal,108,KONGNOLI,0.60,8.75,0.10,0.61,163.07,22.73,179.20,6.41,3.14,1.03,0.64,1.98,1.48
1841,5558,Dattatray Suda Aiwale,Kavte mahankal,538,KONGNOLI,0.18,8.48,0.10,0.60,175.62,24.07,212.80,6.54,0.94,1.08,0.84,3.52,2.54
1842,5559,Ganpati Biru Hakke,Kavte mahankal,1046,KONGNOLI,0.80,8.45,0.19,0.47,200.70,13.37,246.40,7.07,1.88,1.12,0.82,3.30,3.88
1843,5560,Ganpati Nivrutti Patil,Kavte mahankal,728,KONGNOLI,0.20,8.49,0.18,0.46,175.62,23.18,224.00,9.16,0.56,0.98,0.62,1.98,6.54
1844,5561,Ganpati Ramchandra Salunkhe,Kavte mahankal,305,KONGNOLI,0.50,8.51,0.11,0.49,200.70,19.61,190.40,6.46,0.84,1.07,0.66,3.62,4.46
1845,5562,Govind Bhimrao Patil,Kavte mahankal,117,KONGNOLI,0.80,8.68,0.13,0.44,150.53,17.83,268.80,5.76,2.92,0.96,0.78,5.36,2.50
1846,5563,Hanmant Shivappa,Kavte mahankal,1075,KONGNOLI,0.40,8.61,0.17,0.36,188.16,25.85,235.20,5.58,4.70,1.13,0.76,3.16,3.04
1847,5564,Hanmant Shripati Patil,Kavte mahankal,18,KONGNOLI,0.40,8.54,0.13,0.29,188.16,13.82,246.40,5.89,2.28,1.14,1.30,2.66,9.48
1848,5565,Ilai Gulab Nadaf,Kavte mahankal,198,KONGNOLI,0.40,8.55,0.28,0.38,163.07,11.14,179.20,6.41,1.42,1.14,0.66,5.48,8.50
1849,5566,Jalindar Baban Bahatmare,Kavte mahankal,836,KONGNOLI,6.00,8.39,0.11,0.53,175.62,21.40,280.00,7.98,6.82,1.10,1.34,6.62,2.16
1850,5567,Jamir Rajjak Mujawar,Kavte mahankal,3,KONGNOLI,0.40,8.54,0.27,0.85,175.62,8.92,246.40,6.98,4.66,1.16,1.00,3.92,4.96
1851,5568,Kiran Shatrugan Dombe,Kavte mahankal,890,KONGNOLI,0.25,8.22,0.24,0.89,112.90,12.48,201.60,7.63,1.00,0.80,1.50,2.05,2.64
1852,5569,Kisan Kondiba Bhusnur,Kavte mahankal,160,KONGNOLI,0.80,8.71,0.12,0.86,188.16,22.29,257.60,5.41,4.02,1.04,0.86,7.46,3.06
1853,5570,Krishna Pundalik Patil,Kavte mahankal,906,KONGNOLI,0.90,8.46,0.26,0.74,137.98,12.48,235.20,5.19,1.42,0.91,1.28,2.28,3.76
1854,5571,Laxman Sadashiv Hakke,Kavte mahankal,1057,KONGNOLI,0.20,8.43,0.25,0.71,163.07,16.05,212.80,4.80,0.90,1.07,1.32,2.32,6.60
1855,5572,Mahadev Chandar Malme,Kavte mahankal,296,KONGNOLI,0.60,8.60,0.26,0.75,175.62,11.59,257.60,5.32,2.54,0.98,1.72,5.04,1.48
1856,5573,Mahadev Kallappa Hatte,Kavte mahankal,1035,KONGNOLI,0.60,8.26,0.33,0.69,150.53,9.36,190.40,6.11,1.94,0.92,1.20,0.80,2.46
1857,5574,Mahadev Shankar Manve,Kavte mahankal,996,KONGNOLI,0.40,8.45,0.25,0.76,125.44,21.84,313.60,5.93,2.34,0.52,0.92,0.74,4.80
1858,5575,Mahadev Yaswant More,Kavte mahankal,45,KONGNOLI,0.35,8.72,0.22,0.72,175.62,20.50,336.00,5.19,0.98,0.54,1.24,1.54,3.06
1859,5576,Mahesh Mahadev Shikarkhane,Kavte mahankal,1020,KONGNOLI,1.20,8.66,0.19,0.78,200.70,12.93,324.80,5.50,2.54,1.34,1.06,3.56,1.66
1860,5577,Mallikarjun Sivappa Shikarkhane,Kavte mahankal,1074,KONGNOLI,0.30,8.67,0.10,0.65,213.25,8.92,190.40,8.07,0.32,1.05,4.14,3.36,0.82
1861,5578,Mohan Shankar Khot,Kavte mahankal,52,KONGNOLI,0.40,8.66,0.15,0.72,137.98,11.14,212.80,5.98,2.48,1.12,0.46,6.24,2.78
1862,5579,Mukund Annaso Shikarkhane,Kavte mahankal,978,KONGNOLI,0.80,8.67,0.10,0.94,175.62,10.70,235.20,5.45,1.68,1.09,2.02,1.82,3.42
1863,5580,Nanaso Nivrutti Patil,Kavte mahankal,93,KONGNOLI,0.33,8.72,0.10,0.85,163.07,13.37,201.60,6.72,2.26,1.07,1.06,4.82,5.00
1864,5581,Naushad Ahmad Mulani,Kavte mahankal,118,KONGNOLI,0.30,8.57,0.10,0.72,188.16,14.26,268.80,5.23,1.58,1.39,1.84,2.82,5.20
1865,5582,Prakash Amrut Pawar,Kavte mahankal,1093/2,KONGNOLI,0.40,8.57,0.13,0.75,150.53,16.05,212.80,5.15,0.62,1.01,1.50,4.08,2.72
1866,5583,Pramodkumar Baburao Mengudale,Kavte mahankal,840,KONGNOLI,0.60,8.38,0.30,0.75,163.07,22.73,347.20,5.45,1.44,0.95,1.94,4.80,2.64
1867,5584,Rajaram Babu Bandgar,Kavte mahankal,651,KONGNOLI,0.80,8.46,0.25,0.69,175.62,24.07,224.00,6.46,4.56,1.02,1.98,5.44,9.66
1868,5585,Rajendra Algonda Shikarkhane,Kavte mahankal,1023,KONGNOLI,0.80,8.59,0.21,0.32,200.70,27.64,179.20,7.24,1.64,0.97,1.64,2.00,2.34
1869,5586,Ramchandr Babu Ghogadi,Kavte mahankal,1036,KONGNOLI,0.20,8.49,0.31,0.60,213.25,24.52,257.60,5.80,1.60,1.24,1.18,6.18,3.88
1870,5587,Ravindr Hariba Sawant,Kavte mahankal,658,KONGNOLI,0.80,8.50,0.24,0.63,150.53,16.49,302.40,5.50,0.80,0.58,1.72,2.84,5.52
1871,5588,Ravsaheb Tukaram Sawant,Kavte mahankal,800,KONGNOLI,0.40,8.57,0.28,0.63,188.16,27.64,246.40,5.10,0.54,0.62,1.56,2.58,2.56
1872,5589,Rekha Ashok Sadalage,Kavte mahankal,1023,KONGNOLI,0.40,8.56,0.28,0.75,150.53,23.63,201.60,5.58,1.14,1.01,1.80,2.58,2.64
1873,5590,Sachin Sambhaji Patil,Kavte mahankal,658,KONGNOLI,0.40,8.64,0.20,0.50,213.25,14.26,190.40,5.02,1.80,0.99,2.08,1.90,3.88
1874,5591,Sadashiv Yashwant Atpadkar,Kavte mahankal,359,KONGNOLI,0.50,8.69,0.10,0.85,188.16,12.04,179.20,4.75,1.78,0.67,1.50,2.66,3.42
1875,5592,Sanjay Ramchandra Jadhav,Kavte mahankal,971,KONGNOLI,0.30,8.68,0.12,0.94,150.53,13.82,224.00,5.10,1.38,0.81,1.62,2.18,4.06
1876,5593,Sanjaykumar Limbaji Patil,Kavte mahankal,249,KONGNOLI,0.60,8.19,0.10,0.72,200.70,29.87,246.40,5.76,1.94,0.75,1.96,3.32,2.78
1877,5594,Sanket Suresh Patil,Kavte mahankal,99,KONGNOLI,0.40,8.47,0.15,0.86,163.07,15.16,280.00,6.76,1.78,1.04,1.54,2.44,2.82
1878,5595,Santosh Pundalik Nilkanth,Kavte mahankal,652,KONGNOLI,0.40,8.50,0.12,0.74,200.70,12.48,313.60,6.41,1.10,0.90,1.42,3.92,2.64
1879,5596,Sarojini Annaso Shikarkhane,Kavte mahankal,475,KONGNOLI,1.20,8.53,0.10,0.71,188.16,11.14,268.80,5.41,0.76,0.77,1.80,2.10,3.34
1880,5597,Satish Ananda Dagade,Kavte mahankal,1016,KONGNOLI,0.40,8.42,0.10,0.75,200.70,10.25,347.20,6.02,0.96,0.88,1.74,2.36,2.76
1881,5598,Shankar Balappa Dudhale,Kavte mahankal,25,KONGNOLI,0.38,8.51,0.10,0.69,163.07,12.04,403.20,6.98,4.38,1.01,1.84,2.36,3.14
1882,5599,Shankar Shivappa Shikarkhane,Kavte mahankal,1070/2,KONGNOLI,0.40,8.60,0.10,0.76,225.79,10.25,280.00,5.23,3.60,1.13,1.76,4.06,4.88
1883,5600,Shivaji Ananda More,Kavte mahankal,735,KONGNOLI,1.00,8.50,0.10,0.72,200.70,12.04,358.40,6.32,3.58,0.85,2.56,4.44,3.80
1884,5601,Shivaji Krushna Jadhav,Kavte mahankal,87,KONGNOLI,0.50,8.53,0.10,0.78,225.79,15.16,291.20,5.19,1.76,1.04,2.00,3.16,4.98
1885,5602,Shivaji Mahadev Salunkhe,Kavte mahankal,769,KONGNOLI,0.40,8.39,0.20,0.65,188.16,18.72,336.00,5.45,1.60,1.00,1.90,5.28,5.62
1886,5603,Shivaji Shripati Patade,Kavte mahankal,639,KONGNOLI,0.40,8.60,0.19,0.72,175.62,20.06,302.40,4.62,3.62,1.04,1.90,2.80,4.84
1887,5604,Shrimant Sakharam Khot,Kavte mahankal,32,KONGNOLI,0.30,8.31,0.18,0.94,163.07,23.63,347.20,5.89,1.48,0.92,1.94,2.52,4.84
1888,5605,Sudam Ananda Chavan,Kavte mahankal,934,KONGNOLI,0.90,8.47,0.13,0.85,150.53,16.49,257.60,5.50,0.68,0.72,2.46,5.36,6.58
1889,5606,Sunil Madhukar Chavan,Kavte mahankal,804,KONGNOLI,0.40,8.39,0.17,0.72,137.98,13.82,224.00,9.25,0.78,1.10,2.16,3.18,3.48
1890,5607,Suresh Ramu Shikarkhane,Kavte mahankal,302,KONGNOLI,0.40,8.45,0.27,0.75,188.16,18.72,380.80,8.90,1.00,1.01,1.92,2.44,3.06
1891,5608,Umesh Bhupal Kambale,Kavte mahankal,574,KONGNOLI,0.40,8.49,0.14,0.75,213.25,20.06,313.60,7.98,1.78,0.65,1.84,2.62,5.68
1892,5609,Umesh Mahadev Shikarkhane,Kavte mahankal,1017,KONGNOLI,1.20,8.51,0.15,0.69,225.79,18.72,268.80,6.85,0.92,1.11,2.08,3.40,3.32
1893,5610,Usman Fattulal Mujawar,Kavte mahankal,4,KONGNOLI,0.35,8.61,0.10,0.74,200.70,15.60,201.60,5.89,0.74,1.06,1.78,2.52,3.20
1894,5611,Vasant Bapu Pawar,Kavte mahankal,780,KONGNOLI,2.00,8.54,0.12,0.60,213.25,19.17,179.20,4.89,1.52,1.10,2.02,2.76,3.20
1895,5612,Vasant Vitthal Ghodake,Kavte mahankal,290,KONGNOLI,0.80,8.55,0.10,0.63,188.16,20.06,212.80,4.67,1.46,1.39,2.02,2.50,5.84
1896,5613,Vasudev Bapu Potdar,Kavte mahankal,5,KONGNOLI,0.40,8.39,0.12,0.63,200.70,15.16,313.60,4.14,1.34,0.72,2.04,1.92,3.04
1897,5614,Vidhadhar Narayan Kate,Kavte mahankal,517,KONGNOLI,0.50,8.23,0.12,0.79,188.16,16.05,347.20,5.54,1.66,1.15,2.00,2.70,0.70
1898,5615,Vilas Ramchandr Kambale,Kavte mahankal,287,KONGNOLI,0.60,8.42,0.26,0.50,175.62,12.04,302.40,5.71,1.10,1.05,2.10,4.72,3.26
1899,5616,Vitthal Ananda Khot,Kavte mahankal,54,KONGNOLI,0.30,8.42,0.16,0.85,150.53,21.84,235.20,6.02,0.24,1.22,2.50,4.56,3.54
1900,5617,Vitthal Babaso Patil,Kavte mahankal,732,KONGNOLI,0.40,8.36,0.10,0.94,163.07,23.18,280.00,6.37,1.96,1.10,2.18,3.04,4.02
1901,5618,Vitthal Krushna Patil,Kavte mahankal,92,KONGNOLI,0.80,8.30,0.15,0.72,213.25,13.37,358.40,7.33,0.48,1.09,2.34,2.56,2.56
1902,5619,Vitthal Shivaji Jadhav,Kavte mahankal,114,KONGNOLI,0.60,8.20,0.12,0.83,137.98,13.82,392.00,7.98,1.16,1.31,3.98,1.94,5.50
1903,5620,Vitthal Tukaram Khot,Kavte mahankal,31,KONGNOLI,0.40,8.22,0.11,0.74,163.07,12.04,235.20,5.67,1.92,1.00,2.30,4.76,4.68
1904,5621,Vitthal Tukaram Patade,Kavte mahankal,152,KONGNOLI,0.30,8.48,0.15,0.71,225.79,21.40,403.20,6.37,1.80,1.06,2.90,2.12,4.32
1905,5622,Yuvraj Prasad Ghorpade,Kavte mahankal,962,KONGNOLI,0.40,8.50,0.10,0.75,213.25,25.85,358.40,6.63,1.34,1.00,2.38,2.60,3.78
1906,,,Kavte mahankal,,,,,,,,,,,,,,,
1907,5623,Narayan Gangaram Shinde,Kavte mahankal,181,Kharshing,0.90,7.85,0.37,0.49,238.34,28.97,201.60,6.67,0.78,1.39,1.40,3.38,3.76
1908,5624,Mahadev Yashvant Patil,Kavte mahankal,186,Kharshing,0.50,7.90,0.45,0.90,213.25,33.43,291.20,6.32,0.34,1.44,0.40,3.54,2.94
1909,5625,Chaya Akaram Sadamte,Kavte mahankal,762,Kharshing,0.20,8.07,0.35,0.49,225.79,20.06,190.40,7.20,1.06,1.29,0.38,0.72,1.90
1910,5626,Vitthal Dhondiram Patil,Kavte mahankal,221,Kharshing,0.40,8.30,0.14,0.49,200.70,33.43,280.00,5.02,1.08,1.55,0.50,2.08,2.04
1911,5627,Dadaso Dhondiram Patil,Kavte mahankal,221,Kharshing,0.60,7.87,0.42,0.96,238.34,28.97,201.60,8.07,0.76,1.42,1.00,0.92,2.30
1912,5628,Satish Babanrav Patil,Kavte mahankal,683,Kharshing,0.40,7.91,0.45,0.90,200.70,20.06,212.80,8.94,0.20,1.69,0.40,2.26,3.66
1913,5629,Mohan Mahadev Patil,Kavte mahankal,683,Kharshing,0.40,7.90,0.30,0.86,188.16,33.43,257.60,9.81,0.96,1.31,0.30,2.06,0.84
1914,5630,Vikas Shivaji Patil,Kavte mahankal,181,Kharshing,0.70,8.00,0.26,0.82,213.25,32.99,224.00,7.63,0.80,1.29,0.50,2.04,0.64
1915,5631,Balaso Laxman Kore,Kavte mahankal,825,Kharshing,0.10,8.10,0.42,0.83,200.70,22.73,168.00,11.12,1.22,1.63,0.48,2.04,0.28
1916,5632,Umakant Sambaji Patil,Kavte mahankal,818,Kharshing,0.60,7.99,0.41,0.90,225.79,20.06,212.80,10.69,0.48,1.59,0.40,3.70,0.22
1917,5633,Housabai Laxman Kore,Kavte mahankal,815,Kharshing,0.30,7.91,0.37,0.93,188.16,11.14,235.20,10.47,0.66,1.35,0.60,3.10,2.00
1918,5634,Jotiram Mahadev Mali,Kavte mahankal,485,Kharshing,0.30,8.29,0.18,0.96,213.25,15.60,302.40,7.68,0.48,1.33,0.34,3.78,2.00
1919,5635,Ramhari Mahadev Mali,Kavte mahankal,514,Kharshing,0.80,8.36,0.13,0.49,200.70,28.97,280.00,6.02,0.82,1.43,0.22,1.42,2.06
1920,5636,Dhanpal Tatoba Mali,Kavte mahankal,512,Kharshing,0.20,8.30,0.16,0.83,225.79,28.53,179.20,7.28,0.20,1.28,0.20,1.90,1.88
1921,5637,Dashrath Tatoba Mali,Kavte mahankal,512,Kharshing,0.22,8.24,0.14,0.74,238.34,32.99,201.60,6.67,0.28,1.39,0.34,2.16,1.88
1922,5638,Kedari Tatoba Mali,Kavte mahankal,514,Kharshing,0.22,8.26,0.20,0.61,200.70,24.07,336.00,7.33,0.26,1.59,0.48,2.08,2.00
1923,5639,Dattatry Ramu Malj,Kavte mahankal,488,Kharshing,0.20,8.40,0.13,0.75,213.25,33.43,313.60,9.77,1.10,1.71,0.34,1.60,2.06
1924,5640,Malan Anandrav Shinde,Kavte mahankal,497,Kharshing,0.17,8.38,0.15,0.81,188.16,24.52,280.00,5.93,0.32,1.35,0.34,0.96,2.06
1925,5641,Kundlik Maruti Kore,Kavte mahankal,492,Kharshing,0.40,8.08,0.27,0.81,200.70,28.53,302.40,11.78,0.32,1.44,0.38,3.50,2.04
1926,5642,Shital Shivaji Kore,Kavte mahankal,647,Kharshing,0.54,8.38,0.14,0.51,225.79,28.97,347.20,11.25,0.28,1.42,0.34,1.06,1.54
1927,5643,Dropadi Shivaji Mali,Kavte mahankal,492,Kharshing,0.41,8.34,0.15,0.74,238.34,33.43,212.80,6.06,0.32,1.34,0.82,2.24,1.86
1928,5644,Digvijay Anandrav Shinde,Kavte mahankal,495,Kharshing,0.22,8.35,0.18,0.78,213.25,32.09,168.00,6.89,0.56,1.80,0.34,1.78,2.00
1929,5645,Dilip Dadaso Shinde,Kavte mahankal,494,Kharshing,0.60,8.33,0.19,0.74,213.25,32.54,190.40,7.28,0.26,1.33,0.32,2.14,2.32
1930,5646,Rajaram Babaso Shinde,Kavte mahankal,181,Kharshing,1.00,8.30,0.19,0.74,225.79,28.08,246.40,5.41,0.46,1.58,0.40,1.98,2.20
1931,5647,Chandrkant Dadaso Shinde,Kavte mahankal,494,Kharshing,1.80,8.41,0.15,0.57,200.70,30.31,224.00,5.15,0.42,1.83,0.30,2.00,1.64
1932,5648,Ramesh Dadaso Shinde,Kavte mahankal,494,Kharshing,1.80,8.46,0.13,0.63,238.34,19.61,358.40,7.37,0.88,1.55,0.34,1.90,1.98
1933,5649,Parvati Tanaji Hirgude,Kavte mahankal,336,Kharshing,0.30,8.41,0.14,0.51,213.25,35.66,324.80,7.63,0.24,1.47,0.72,1.80,1.90
1934,5650,Shankar Tanaji Hirgude,Kavte mahankal,336,Kharshing,0.30,8.33,0.23,0.68,238.34,30.76,246.40,7.94,0.34,1.69,0.28,2.24,2.34
1935,5651,Ganpati Piru Hirgude,Kavte mahankal,337,Kharshing,0.80,8.39,0.17,0.53,225.79,33.43,212.80,8.29,0.34,1.87,0.28,2.82,2.44
1936,5652,Adhik Maruti Hirgude,Kavte mahankal,340,Kharshing,0.60,8.39,0.12,0.75,238.34,28.53,179.20,7.24,0.40,1.67,0.20,1.66,2.32
1937,5653,Dattatry Bairu Hirgude,Kavte mahankal,340,Kharshing,0.21,8.49,0.16,0.61,213.25,33.43,257.60,8.90,0.30,1.60,0.66,1.90,1.52
1938,5654,Dnayu Balkrushan Patil,Kavte mahankal,654,Kharshing,0.81,8.31,0.16,0.69,225.79,31.20,302.40,9.20,0.32,1.79,0.52,1.76,2.94
1939,5655,Aananda Govind Shinde,Kavte mahankal,347,Kharshing,1.60,8.29,0.14,0.50,200.70,28.97,358.40,9.81,0.28,1.70,0.28,2.12,2.44
1940,5656,Shantaram Akaram Patil,Kavte mahankal,154,Kharshing,0.50,8.32,0.18,0.50,213.25,19.61,336.00,8.16,0.28,1.53,0.34,2.54,2.16
1941,5657,Sachin Raghunath Patil,Kavte mahankal,225,Kharshing,0.30,8.33,0.23,0.44,225.79,28.53,179.20,6.89,0.64,1.43,0.38,2.36,2.78
1942,5658,Vathala Balaso Patil,Kavte mahankal,232,Kharshing,0.30,8.46,0.13,0.78,200.70,29.42,257.60,8.38,0.48,1.50,0.54,2.12,2.08
1943,5659,Lalaso Bhimrav Patil,Kavte mahankal,232,Kharshing,0.20,8.18,0.14,0.67,222.03,30.31,201.60,7.24,0.36,1.66,0.34,1.00,2.06
1944,5660,Sulbha Shrimant Patil,Kavte mahankal,232,Kharshing,0.30,8.36,0.18,0.49,179.38,35.22,179.20,7.63,0.20,1.67,0.68,1.86,1.82
1945,5661,Dipak Shrimant Patil,Kavte mahankal,232,Kharshing,0.10,8.47,0.13,0.60,225.79,34.77,235.20,8.11,0.30,1.84,0.50,1.84,1.58
1946,5662,Prakash Aandrav Patil,Kavte mahankal,232,Kharshing,0.20,8.27,0.27,0.71,200.70,25.85,257.60,8.94,0.94,1.46,0.34,2.16,2.14
1947,5663,Tanaji Ganpati Patil,Kavte mahankal,233,Kharshing,0.20,8.19,0.31,0.64,213.25,33.43,212.80,9.51,1.42,1.75,0.46,3.40,3.36
1948,5664,Sushant Ganpati Patil,Kavte mahankal,223,Kharshing,0.50,8.11,0.35,0.68,188.16,21.40,224.00,7.68,0.56,1.49,0.30,2.64,1.86
1949,5665,Babutai Ganpati Patil,Kavte mahankal,235,Kharshing,0.30,7.94,0.50,0.44,225.79,20.50,168.00,10.99,0.58,1.48,0.60,2.96,2.70
1950,5666,Sambaji Ganpati Patil,Kavte mahankal,233,Kharshing,0.20,7.94,0.53,0.67,200.70,20.95,201.60,10.64,1.32,1.63,0.84,3.58,2.88
1951,5667,Rajjakka Kashinath Patil,Kavte mahankal,242,Kharshing,0.20,8.22,0.31,0.60,213.25,22.73,268.80,10.29,1.06,1.58,0.28,3.52,2.10
1952,5668,Baban Nivruti Patil,Kavte mahankal,242,Kharshing,0.10,7.84,0.55,0.64,188.16,25.85,358.40,7.59,1.24,1.42,0.70,4.28,2.30
1953,5669,Pandit Babaso Patil,Kavte mahankal,240,Kharshing,0.20,8.08,0.40,0.44,225.79,29.42,392.00,6.02,1.62,1.39,0.68,5.24,2.72
1954,5670,Vaibhav Jayshing Patil,Kavte mahankal,246,Kharshing,0.40,8.30,0.50,0.53,200.70,29.87,324.80,7.28,1.06,1.75,0.38,3.52,0.72
1955,5671,Dinkar Amruta Patil,Kavte mahankal,246,Kharshing,0.50,8.15,0.34,0.50,188.16,16.49,369.60,6.89,1.74,1.98,0.32,3.28,2.88
1956,5672,Sadashiv Amruta Patil,Kavte mahankal,246,Kharshing,0.40,8.29,0.24,0.65,175.62,20.95,336.00,7.24,1.40,1.62,0.38,3.52,3.78
1957,5673,Anil Tatoba Patil,Kavte mahankal,242,Kharshing,0.30,8.24,0.30,0.50,200.70,24.52,224.00,9.03,1.48,1.43,0.34,3.90,2.84
1958,5674,Sadashiv Mahadev  Mali,Kavte mahankal,240,Kharshing,0.27,8.38,0.19,0.72,213.25,24.96,392.00,7.94,0.70,1.33,0.26,3.62,2.72
1959,5675,Vasantrav Ganpati Patil,Kavte mahankal,226,Kharshing,1.00,8.23,0.28,0.49,225.79,32.09,414.40,11.78,1.04,1.31,0.38,3.34,3.08
1960,5676,Balaso Tatoba Patil,Kavte mahankal,242,Kharshing,0.30,8.01,0.46,0.40,200.70,23.18,436.80,10.25,1.16,1.91,0.38,2.54,2.54
1961,5677,Jaggannat Raghunath Patil,Kavte mahankal,242,Kharshing,0.40,7.98,0.38,0.64,238.34,19.17,291.20,7.98,1.08,2.01,0.24,2.92,2.42
1962,5678,Anil Vasantrav Patil,Kavte mahankal,226,Kharshing,0.60,8.27,0.27,0.38,213.25,21.40,448.00,7.33,0.60,2.06,0.32,3.72,3.24
1963,5679,Baban Jotiram Mali,Kavte mahankal,258,Kharshing,0.20,7.79,0.55,0.51,200.70,32.99,369.60,5.54,2.02,2.09,0.46,2.28,3.78
1964,5680,Jotiram Parsu Mali,Kavte mahankal,257,Kharshing,0.30,8.20,0.27,0.46,225.79,28.53,268.80,6.11,1.54,2.04,0.56,2.20,3.12
1965,5681,Sanjay Narayan Mali,Kavte mahankal,257,Kharshing,0.40,8.25,0.25,0.56,213.25,27.64,336.00,8.85,1.14,1.97,0.36,3.54,2.40
1966,5682,Dattatry Narayan Mali,Kavte mahankal,257,Kharshing,0.50,8.35,0.21,0.76,188.16,32.54,392.00,8.24,1.56,1.48,0.74,3.32,2.72
1967,5683,Yashwant Subrao Damte,Kavte mahankal,276,Kharshing,0.20,8.00,0.42,0.71,200.70,25.41,324.80,8.46,1.34,1.80,0.36,3.84,3.30
1968,5684,Ganesh Ramchandra Damte,Kavte mahankal,276,Kharshing,0.60,7.77,0.61,0.74,225.79,33.88,268.80,9.42,1.32,1.98,0.28,3.56,2.46
1969,5685,Dhanaji Aandrao Damte,Kavte mahankal,267,Kharshing,0.50,7.80,0.42,0.44,213.25,34.77,403.20,10.21,1.46,1.66,0.26,3.56,2.14
1970,5686,Amol Kumar Damte,Kavte mahankal,263,Kharshing,0.50,8.23,0.32,0.50,188.16,35.22,358.40,9.60,1.64,1.84,0.24,3.08,2.80
1971,5687,Shivaji Babu Hirgude,Kavte mahankal,333,Kharshing,0.30,8.20,0.37,0.74,200.70,27.64,459.20,9.47,1.16,1.58,0.38,2.80,2.70
1972,5688,Hanmant Dattu Kore,Kavte mahankal,266,Kharshing,0.40,8.26,0.27,0.75,213.25,21.40,403.20,8.07,1.30,1.64,0.38,2.68,2.92
1973,5689,Balaso Vithoba Ghorpade,Kavte mahankal,275,Kharshing,1.80,8.17,0.30,0.68,175.62,14.71,369.60,7.72,0.88,1.86,0.24,2.34,1.82
1974,5690,Jaggnath Maruti Patil,Kavte mahankal,333,Kharshing,0.40,8.01,0.43,0.60,225.79,14.26,392.00,7.33,1.32,2.00,0.36,3.18,2.10
1975,5691,Pantangrav Bhausaheb Ghorpade,Kavte mahankal,271,Kharshing,0.40,7.96,0.36,0.67,238.34,23.18,448.00,6.98,1.52,1.50,0.32,3.44,2.70
1976,5692,Hindurav Bapu Hirgude,Kavte mahankal,275,Kharshing,1.00,8.03,0.30,0.69,213.25,28.97,336.00,9.16,1.02,1.82,0.28,3.22,2.50
1977,5693,Sambhaji Gajanan Patil,Kavte mahankal,272,Kharshing,0.50,8.30,0.20,0.53,200.70,34.77,212.80,10.29,0.78,2.22,0.34,2.80,2.78
1978,5694,Sanjay Damodar Patil,Kavte mahankal,305,Kharshing,0.60,8.05,0.47,0.56,213.25,32.54,235.20,10.51,1.64,2.08,0.44,3.88,2.78
1979,5695,Shahaji Gajanan Patil,Kavte mahankal,272,Kharshing,0.60,8.11,0.24,0.63,188.16,32.99,369.60,10.03,0.70,2.06,0.44,3.62,2.94
1980,5696,Goutam Sopan Waghmare,Kavte mahankal,281,Kharshing,1.20,7.86,0.53,0.53,225.79,28.97,291.20,9.12,1.08,1.98,0.38,2.70,2.48
1981,5697,Uttam Sopan Waghmare,Kavte mahankal,281,Kharshing,1.00,7.98,0.43,0.43,213.25,18.72,268.80,8.59,1.68,1.70,0.20,3.60,2.66
1982,5698,Sunil Mahadev Sadamte,Kavte mahankal,277,Kharshing,1.20,8.16,0.34,0.50,200.70,19.61,358.40,6.89,1.28,1.92,0.22,3.46,2.32
1983,5699,Dattatry Mhadev Sadamate,Kavte mahankal,277,Kharshing,1.20,7.95,0.40,0.44,225.79,20.50,448.00,6.37,0.76,1.77,0.24,3.02,2.58
1984,5700,Dadaso Mahadev Sadamte,Kavte mahankal,277,Kharshing,0.60,8.08,0.19,0.65,238.34,18.72,414.40,8.38,1.44,1.56,0.24,3.44,3.52
1985,5701,Pandhrinath Mahadev Sadamate,Kavte mahankal,277,Kharshing,0.20,8.00,0.48,0.71,188.16,27.64,392.00,9.03,0.38,1.59,0.26,1.62,1.70
1986,5702,Babaso Krushna Patil,Kavte mahankal,223,Kharshing,0.50,7.96,0.39,0.74,213.25,30.31,324.80,9.20,0.80,1.83,0.28,2.72,2.66
1987,5703,Amol Babaso  Patil,Kavte mahankal,333,Kharshing,0.40,8.04,0.51,0.67,200.70,34.77,302.40,11.47,0.32,2.09,0.26,1.96,2.24
1988,5704,Vitthal Bapu Mali,Kavte mahankal,275,Kharshing,0.60,8.26,0.27,0.74,225.79,35.22,246.40,10.77,0.44,1.45,0.22,2.74,2.82
1989,5705,Dipak Bapu Patil,Kavte mahankal,419,Kharshing,0.40,8.13,0.38,0.74,213.25,28.08,280.00,10.16,0.72,1.62,0.26,2.66,1.90
1990,5706,Balasaheb Ganpati Mali,Kavte mahankal,525,Kharshing,1.20,8.06,0.44,0.75,200.70,33.43,257.60,11.60,1.18,1.38,0.32,3.54,0.60
1991,5707,Dattajirao Vasantrav Kore,Kavte mahankal,522,Kharshing,0.30,8.05,0.49,0.51,225.79,19.44,212.80,9.07,1.10,1.84,0.30,3.12,2.64
1992,5708,Shalan Vasanat Kore,Kavte mahankal,522,Kharshing,0.65,7.83,0.77,0.58,238.34,21.40,201.60,9.25,1.08,2.11,0.22,3.36,3.44
1993,5709,Sashikant Namdev Kore,Kavte mahankal,647,Kharshing,0.30,7.86,0.65,0.54,200.70,24.52,179.20,7.85,0.60,2.06,0.36,3.66,2.82
1994,5710,Namdev Maruti Mali,Kavte mahankal,647,Kharshing,0.60,8.24,0.22,0.64,213.25,32.54,336.00,7.81,0.60,2.25,0.22,3.16,2.98
1995,5711,Murlidhar Tukaram Patil,Kavte mahankal,230,Kharshing,0.40,8.23,0.32,0.57,225.79,32.09,358.40,5.93,0.92,1.57,0.28,2.46,3.62
1996,5712,Dharma Tukaram Patil,Kavte mahankal,515,Kharshing,0.50,8.13,0.40,0.63,238.34,28.53,201.60,6.19,1.26,1.36,0.24,11.86,3.46
1997,5713,Suresh Jaggnathh Patil,Kavte mahankal,333,Kharshing,0.70,7.99,0.53,0.46,213.25,24.52,403.20,6.76,0.92,1.66,0.26,2.44,3.38
1998,5714,Sunil Vasantrav Patil,Kavte mahankal,226,Kharshing,0.80,8.08,0.51,0.63,200.70,33.88,358.40,7.76,1.30,1.42,0.26,2.96,2.90
1999,5715,Ashok Dattatray Jagatap,Kavte mahankal,181,Rampurwadi,1.20,8.40,0.10,0.36,238.34,28.08,257.60,7.20,0.30,1.29,0.38,1.30,0.90
2000,5716,Sambhajirao Yashvant Jagatap,Kavte mahankal,161,Rampurwadi,1.30,8.41,0.10,0.39,213.25,27.19,291.20,5.93,0.34,1.26,0.32,0.48,1.30
2001,5717,Atul Manohar Pawar,Kavte mahankal,181,Rampurwadi,0.41,8.47,0.11,0.35,200.70,32.54,224.00,5.15,0.20,1.74,0.40,1.04,1.30
2002,5718,Jaydip Ashok Jagtap,Kavte mahankal,178,Rampurwadi,0.80,8.50,0.14,0.40,213.25,28.97,358.40,6.32,0.28,1.64,0.34,1.20,1.44
2003,5719,Vishal Ashok Jagtap,Kavte mahankal,178,Rampurwadi,0.80,8.12,0.33,0.67,225.79,32.09,212.80,8.94,0.24,1.68,0.24,0.94,0.88
2004,5720,Janabai Shamrao Avlekar,Kavte mahankal,190,Rampurwadi,0.81,8.21,0.30,0.47,238.34,15.60,235.20,6.85,0.46,1.22,0.32,0.40,1.30
2005,5721,Mahadev Baburao Patil,Kavte mahankal,172,Rampurwadi,2.20,8.17,0.43,0.57,213.25,11.14,392.00,6.67,0.54,1.39,0.22,1.32,2.08
2006,5722,Balkrushna Baburao Patil,Kavte mahankal,172,Rampurwadi,2.00,8.35,0.17,0.50,225.79,29.87,347.20,4.58,0.34,1.21,0.34,1.08,2.04
2007,5723,Dilip Dattatray Jagtap,Kavte mahankal,176,Rampurwadi,2.00,8.21,0.30,0.82,238.34,23.63,324.80,5.06,0.32,1.28,0.20,0.94,1.14
2008,5724,Prashant Dattatray Jagtap,Kavte mahankal,176,Rampurwadi,2.00,8.23,0.31,0.40,188.16,28.97,280.00,5.19,0.42,1.40,0.28,0.82,1.08
2009,5725,Govind Dnyanu Jagtap,Kavte mahankal,175,Rampurwadi,1.20,8.30,0.18,0.40,213.25,20.06,224.00,4.89,0.48,1.44,0.20,1.60,3.08
2010,5726,Manik Hariba Mane,Kavte mahankal,161,Rampurwadi,0.50,8.48,0.16,0.71,200.70,33.43,190.40,7.24,3.08,1.28,0.24,0.94,0.56
2011,5727,Samadhan Shahaji Mane,Kavte mahankal,167/a,Rampurwadi,1.20,7.88,1.00,0.56,225.79,15.60,212.80,16.23,0.42,1.39,0.48,1.34,2.20
2012,5728,Vandana Jalindar Ghode,Kavte mahankal,167/b,Rampurwadi,0.60,8.39,0.17,0.64,238.34,19.17,224.00,5.89,0.38,1.53,0.44,2.82,2.20
2013,5729,Anusaya Shahaji Mane,Kavte mahankal,171,Rampurwadi,0.40,8.39,0.19,0.56,213.25,31.65,179.20,5.02,0.30,1.74,0.24,1.28,0.98
2014,5730,Gorakh Hariba Mane,Kavte mahankal,161,Rampurwadi,0.50,8.59,0.12,0.39,238.34,28.97,201.60,7.42,0.40,1.28,0.58,1.36,1.76
2015,5731,Dhondiram Shankar Mane,Kavte mahankal,159,Rampurwadi,0.60,8.40,0.18,0.39,225.79,19.17,291.20,6.11,0.44,1.42,0.30,1.60,1.02
2016,5732,Kisan Dnyanu Mane,Kavte mahankal,158,Rampurwadi,2.00,8.35,0.12,0.44,200.70,20.06,324.80,7.55,0.46,1.35,0.30,1.28,1.58
2017,5733,Vasant Bapu Mane,Kavte mahankal,157,Rampurwadi,2.00,8.06,0.27,0.50,213.25,28.08,392.00,6.46,0.42,1.68,0.32,3.22,1.20
2018,5734,Madhukar Baburao Mane,Kavte mahankal,157,Rampurwadi,0.80,8.46,0.15,0.40,213.25,34.32,436.80,5.89,0.52,1.33,0.42,2.36,2.16
2019,5735,Sambhaji Shankar Mane,Kavte mahankal,159,Rampurwadi,0.60,8.36,0.20,0.50,225.79,16.49,302.40,6.89,0.58,1.54,0.36,1.34,1.42
2020,5736,Vitthal Bapu Mane,Kavte mahankal,157,Rampurwadi,2.00,8.13,0.40,0.49,200.70,28.08,280.00,9.12,0.36,1.38,0.42,3.86,1.42
2021,5737,Pandurang Bapu Mane,Kavte mahankal,157,Rampurwadi,1.60,8.33,0.25,0.39,250.88,31.65,313.60,9.29,0.84,1.48,0.32,0.58,1.66
2022,5738,Sukhadev Krushna Saragar,Kavte mahankal,152,Rampurwadi,1.00,8.57,0.12,0.64,263.42,35.22,212.80,9.60,0.56,1.60,0.42,1.08,1.04
2023,5739,Ishwar Sattu Mane,Kavte mahankal,156,Rampurwadi,0.60,8.30,0.18,0.61,213.25,19.61,156.80,7.07,2.60,1.72,0.58,1.24,3.12
2024,5740,Radhika Hanamant Mane,Kavte mahankal,156,Rampurwadi,0.30,8.26,0.16,0.56,225.79,21.40,201.60,6.76,0.70,1.92,0.46,0.72,2.06
2025,5741,Kashiling Vasant Patole,Kavte mahankal,155,Rampurwadi,1.20,8.50,0.15,0.68,200.70,32.09,179.20,6.46,3.24,1.50,0.42,1.16,2.58
2026,5742,Subrao Biru Man,Kavte mahankal,154,Rampurwadi,0.40,8.35,0.18,0.40,213.25,30.76,235.20,7.85,2.98,1.73,0.42,0.52,1.14
2027,5743,Babaso Bapu Saragar,Kavte mahankal,152,Rampurwadi,0.50,8.48,0.12,0.38,250.88,34.77,257.60,5.54,0.94,1.86,0.42,0.70,1.46
2028,5744,Yashvant Krushna Saragar,Kavte mahankal,152,Rampurwadi,1.27,8.45,0.14,0.44,225.79,31.65,336.00,4.75,0.62,2.04,0.42,0.50,0.92
2029,5745,Ashok Krushna Khot,Kavte mahankal,52,Rampurwadi,3.20,8.10,0.19,0.53,238.34,20.95,280.00,7.76,0.44,1.91,0.40,2.52,2.74
2030,5746,Ashok Vasant Mote,Kavte mahankal,54,Rampurwadi,2.98,8.34,0.10,0.56,225.79,21.40,201.60,8.68,0.48,1.51,0.64,3.26,2.72
2031,5747,Bapu Appa Edake,Kavte mahankal,124,Rampurwadi,3.00,8.21,0.21,0.39,250.88,23.18,291.20,9.20,2.90,1.73,0.54,2.34,1.64
2032,5748,Arun Eknath Gadade,Kavte mahankal,121,Rampurwadi,1.60,8.59,0.11,0.65,213.25,34.32,358.40,10.25,5.56,1.94,0.54,0.30,0.82
2033,5749,Anil Babu Khot,Kavte mahankal,42,Rampurwadi,1.00,8.33,0.24,0.44,188.16,33.88,414.40,5.98,0.64,1.49,0.58,1.72,2.68
2034,5750,Jalindar Jayvant Khot,Kavte mahankal,42,Rampurwadi,0.40,8.34,0.20,0.50,200.70,19.61,168.00,7.07,2.64,1.38,0.70,0.96,0.78
2035,5751,Sachin Annaso Chougule,Kavte mahankal,125,Rampurwadi,1.50,8.55,0.10,0.42,175.62,23.18,324.80,6.28,0.56,1.19,0.84,1.36,1.54
2036,5752,Nandkumar Appa Khot,Kavte mahankal,125,Rampurwadi,0.40,8.42,0.11,0.61,213.25,31.65,280.00,8.07,1.22,1.46,0.66,2.38,1.56
2037,5753,Bhanudas Shamrao Mane,Kavte mahankal,127,Rampurwadi,0.30,8.50,0.14,0.65,225.79,40.12,212.80,7.11,1.08,1.66,0.68,1.58,1.34
2038,5754,dattu Dadu Khot,Kavte mahankal,126,Rampurwadi,0.25,8.44,0.21,0.53,188.16,34.32,313.60,7.63,0.64,1.80,0.68,0.98,3.98
2039,5755,Akash Ashok Khot,Kavte mahankal,129,Rampurwadi,0.80,8.52,0.12,0.50,200.70,30.31,336.00,7.85,1.80,1.47,0.54,0.70,4.22
2040,5756,Madhukar Bapu Khot,Kavte mahankal,133,Rampurwadi,1.20,8.27,0.13,0.61,213.25,28.97,257.60,6.02,1.62,1.59,0.56,1.84,2.92
2041,5757,Sudhakar Bapu Khot,Kavte mahankal,112,Rampurwadi,1.20,8.29,0.21,0.58,200.70,33.43,224.00,8.20,0.66,1.79,0.62,0.24,1.38
2042,5758,Balvant Bapu Khot,Kavte mahankal,45,Rampurwadi,1.00,8.46,0.10,0.65,213.25,32.09,201.60,9.02,0.74,1.91,1.24,2.18,1.46
2043,5759,Shantanu Krushna Mane,Kavte mahankal,112,Rampurwadi,0.80,8.55,0.14,0.40,188.16,34.77,246.40,8.42,0.36,1.77,0.90,2.14,0.86
2044,5760,Arun Hindurao Mane,Kavte mahankal,144,Rampurwadi,0.60,8.22,0.17,0.54,225.79,31.20,403.20,6.80,0.52,1.99,1.02,2.20,1.00
2045,5761,Amol Arerao Mane,Kavte mahankal,139,Rampurwadi,1.30,8.36,0.19,0.40,188.16,20.95,392.00,6.41,0.26,2.03,1.14,2.34,1.70
2046,5762,Shalan Baburao Mane,Kavte mahankal,139,Rampurwadi,0.80,8.56,0.13,0.50,213.25,25.85,336.00,7.33,0.24,1.74,0.90,0.52,2.08
2047,5763,Pandurang Bhimrao Patole,Kavte mahankal,143,Rampurwadi,0.80,8.25,0.17,0.44,175.62,30.76,459.20,7.63,0.22,1.91,0.72,2.24,5.08
2048,5764,Ashok Pandit Mane,Kavte mahankal,139,Rampurwadi,0.20,8.44,0.16,0.63,188.16,28.53,414.40,8.20,0.28,2.20,0.72,0.46,1.46
2049,5765,Shivaji Ganapati Gayakwad,Kavte mahankal,149,Rampurwadi,1.00,8.35,0.39,0.81,200.70,30.31,291.20,7.59,0.32,2.33,0.76,1.38,2.62
2050,5766,Ankush Patangrao Gayakwad,Kavte mahankal,151,Rampurwadi,0.20,8.45,0.19,0.36,213.25,25.41,313.60,6.98,0.22,2.07,0.72,0.90,2.18
2051,5767,Ramchandra Rangrao Gayakwad,Kavte mahankal,150,Rampurwadi,0.20,8.08,0.53,0.64,225.79,24.52,436.80,5.98,0.22,3.18,0.76,1.22,3.02
2052,5768,Rajendra Sitaram Gayakwad,Kavte mahankal,149,Rampurwadi,0.20,8.10,0.24,0.65,200.70,20.06,470.40,6.76,1.12,1.49,0.74,1.86,4.08
2053,5769,Sachin Sitaram Gayakwad,Kavte mahankal,149,Rampurwadi,0.30,8.54,0.27,0.58,213.25,21.84,347.20,8.03,0.52,1.57,0.82,1.76,5.32
2054,5770,Hanamant Patangrao Gayakwad,Kavte mahankal,148,Rampurwadi,0.20,8.29,0.23,0.39,188.16,25.41,336.00,11.65,0.36,1.68,0.86,3.16,5.36
2055,5771,Satish Ashok Mane,Kavte mahankal,163,Rampurwadi,0.50,8.11,0.21,0.50,200.70,33.43,380.80,10.56,0.36,1.83,0.86,1.70,6.36
2056,5772,Bharat Tukaram Patil,Kavte mahankal,148,Rampurwadi,1.80,8.38,0.24,0.65,188.16,18.72,403.20,7.28,0.56,1.62,0.86,1.10,2.46
2057,5773,Kakaso Balkrushna Mane,Kavte mahankal,145,Rampurwadi,0.40,8.10,0.19,0.42,175.62,21.40,324.80,6.89,0.48,1.90,1.08,1.80,1.98
2058,5774,Vaibhav Balkrushna Mane,Kavte mahankal,145,Rampurwadi,0.40,8.03,0.17,0.61,200.70,27.19,492.80,7.37,0.24,1.71,1.10,2.10,2.58
2059,5775,Babaso Manohar Gayakwad,Kavte mahankal,150,Rampurwadi,0.30,8.46,0.21,0.65,213.25,29.87,425.60,5.06,0.28,1.79,1.00,2.10,1.42
2060,5776,Parashram Bhauso Imade,Kavte mahankal,142,Rampurwadi,0.40,8.33,0.20,0.53,225.79,30.31,324.80,6.41,0.30,1.42,1.44,2.70,5.90
2061,5777,Shalan Bhauso Imade,Kavte mahankal,142,Rampurwadi,0.40,8.51,0.16,0.50,175.62,23.18,201.60,8.85,0.32,1.50,1.16,2.64,5.00
2062,5778,Vishranti Parashram Imade,Kavte mahankal,148,Rampurwadi,0.40,8.46,0.12,0.61,200.70,24.07,280.00,6.85,0.38,1.95,1.10,0.44,3.22
2063,5779,Balvant Rangrao Gayakwad,Kavte mahankal,149,Rampurwadi,0.30,8.30,0.19,0.33,213.25,28.53,257.60,0.72,0.36,1.51,1.14,2.20,1.42
2064,5780,Dadaso Vithoba Bandgar,Kavte mahankal,218,Rampurwadi,0.80,8.25,0.47,0.65,225.79,20.95,235.20,6.02,0.26,1.54,1.28,2.08,2.96
2065,5781,Appasaheb Dadasaheb Bandgar,Kavte mahankal,218,Rampurwadi,0.80,8.55,0.19,0.56,238.34,18.28,224.00,5.63,0.28,1.80,1.22,1.22,0.86
2066,5782,Ankush Dadasaheb Bandgar,Kavte mahankal,218,Rampurwadi,0.80,8.58,0.15,0.44,225.79,31.65,179.20,6.37,0.84,1.82,1.10,1.96,4.58
2067,5783,Vijay Dadasaheb Gadade,Kavte mahankal,216,Rampurwadi,0.80,7.93,0.24,0.65,213.25,32.54,212.80,7.98,0.68,2.10,1.32,1.10,1.78
2068,5784,Dadasaheb Sidu Gadade,Kavte mahankal,215,Rampurwadi,0.85,8.32,0.19,0.64,250.88,28.22,246.40,6.06,0.76,2.20,1.16,2.12,1.18
2069,5785,Ankush Shahaji Mote,Kavte mahankal,216,Rampurwadi,1.00,8.61,0.16,0.51,238.34,25.41,280.00,9.25,0.42,1.96,1.26,2.24,2.40
2070,5786,Sadashiv Maruti Edake,Kavte mahankal,213,Rampurwadi,1.00,8.60,0.23,0.63,213.25,26.30,448.00,10.21,0.38,1.84,1.16,0.36,1.70
2071,5787,Sambhaji Dariba Patole,Kavte mahankal,206,Rampurwadi,0.40,8.50,0.24,0.60,200.70,32.54,403.20,8.99,0.34,1.96,1.22,1.12,3.84
2072,5788,Tukaram Dariba Patole,Kavte mahankal,210,Rampurwadi,0.40,8.49,0.20,0.79,225.79,29.87,369.60,8.90,0.52,2.08,1.32,0.76,2.00
2073,5789,Vitthal Yashvant Patole,Kavte mahankal,232,Rampurwadi,1.20,8.47,0.11,0.42,238.34,26.75,336.00,8.07,0.24,2.21,1.22,0.72,1.42
2074,5790,Ramchandra Annappa Patole,Kavte mahankal,203,Rampurwadi,0.80,8.30,0.19,0.39,225.79,19.17,358.40,7.55,0.56,1.72,1.22,2.30,2.36
2075,5791,Shamrao Annappa Patole,Kavte mahankal,203,Rampurwadi,1.50,8.64,0.15,0.67,250.88,28.53,481.60,7.98,0.90,1.63,1.28,2.22,3.12
2076,5792,Sidram Lakshman Bandgar,Kavte mahankal,219,Rampurwadi,0.90,8.25,0.21,0.42,238.34,24.52,224.00,9.16,0.46,1.98,1.30,2.30,2.28
2077,5793,Bhauso Atmaram Gadade,Kavte mahankal,50,Rampurwadi,0.40,8.30,0.24,0.67,213.25,35.22,201.60,7.37,1.14,1.89,1.26,0.48,4.08
2078,5794,Shahaji Khandu Gadade,Kavte mahankal,1,Rampurwadi,0.20,8.46,0.20,0.42,200.70,31.65,179.20,6.85,0.22,1.83,1.36,2.10,1.20
2079,5795,Shivaji Eknath Gadade,Kavte mahankal,4,Rampurwadi,0.68,8.51,0.10,0.75,213.25,13.82,235.20,6.06,0.90,1.97,1.44,0.84,1.26
2080,5796,Baburao Lakshman Bandgar,Kavte mahankal,219,Rampurwadi,0.80,8.33,0.11,0.67,238.34,20.50,280.00,7.20,0.34,1.60,1.54,2.78,3.42
2081,5797,Sukhdev Dhondiram Bandgar,Kavte mahankal,219,Rampurwadi,1.20,8.46,0.14,0.75,225.79,15.60,212.80,7.68,1.34,1.88,1.58,2.78,2.84
2082,5798,Chandrakant Akaram Khot,Kavte mahankal,7,Rampurwadi,0.40,8.03,0.21,0.81,200.70,16.94,336.00,6.46,0.96,1.47,1.66,1.68,4.30
2083,5799,Shrikant Akaram Khot,Kavte mahankal,7,Rampurwadi,0.40,8.10,0.12,0.75,238.34,21.84,302.40,9.21,0.36,1.80,1.60,3.12,2.10
2084,5800,Lakshman Annappa Edake,Kavte mahankal,36,Rampurwadi,0.20,8.38,0.21,0.68,225.79,15.16,257.60,8.90,0.56,1.35,1.68,1.20,2.78
2085,5801,Santosh Lakshman Edake,Kavte mahankal,53,Rampurwadi,1.00,8.11,0.10,0.65,238.34,18.72,246.40,7.24,0.30,1.68,1.78,0.98,3.10
2086,5802,Sanjay Sambhaji Edake,Kavte mahankal,40,Rampurwadi,0.40,8.29,0.14,0.60,250.88,22.73,224.00,10.25,1.26,1.87,1.64,1.66,2.50
2087,5803,Biru Ganu Edake,Kavte mahankal,34,Rampurwadi,0.40,8.54,0.17,0.49,225.79,16.49,380.80,8.81,0.38,1.63,1.76,1.38,2.58
2088,5804,Vishnu Ramchandra Edake,Kavte mahankal,24,Rampurwadi,0.20,8.10,0.19,0.54,238.34,17.83,347.20,8.24,0.68,1.54,1.82,1.54,3.98
2089,5805,Suresh Pandurang Edake,Kavte mahankal,21,Rampurwadi,0.20,8.08,0.13,0.71,250.88,21.84,392.00,7.28,0.20,2.09,1.64,1.38,2.94
2090,5806,Sudam Baburao Mane,Kavte mahankal,90/3,Rampurwadi,1.20,8.45,0.17,0.46,213.25,20.06,414.40,9.55,0.34,1.56,1.88,0.72,2.32
2091,,,Kavte mahankal,,,,,,,,,,,,,,,
2092,5807,Aakaram Sakharam Shinde,Kavte mahankal,127,Langarpeth,0.40,7.71,0.44,0.35,188.16,11.14,324.80,7.63,0.36,1.28,0.22,0.48,0.78
2093,5808,Akaram Dashrath Imade,Kavte mahankal,455,Langarpeth,0.40,7.84,0.41,0.28,175.62,6.69,246.40,5.54,0.48,1.16,0.20,0.58,1.30
2094,5809,Ambadas Akaram Suryavanshi,Kavte mahankal,594,Langarpeth,0.40,7.87,0.42,0.49,137.98,24.52,201.60,5.89,0.40,1.13,0.24,0.62,0.98
2095,5810,Amol Vithoba Suryavanshi,Kavte mahankal,649,Langarpeth,0.40,7.85,0.41,0.35,200.70,28.08,235.20,10.82,0.48,1.44,0.26,0.30,0.74
2096,5811,Anil Eknath Suryavanshi,Kavte mahankal,31,Langarpeth,0.40,7.86,0.44,0.49,137.98,24.52,425.60,5.19,0.30,1.12,0.32,1.02,1.38
2097,5812,Anil Vitthal Bandgar,Kavte mahankal,554,Langarpeth,0.40,7.83,0.45,0.88,175.62,28.53,459.20,10.34,0.32,1.34,0.28,1.28,1.46
2098,5813,Appaso Suresh Kadam,Kavte mahankal,606,Langarpeth,0.40,7.92,0.39,0.93,225.79,25.41,268.80,14.18,0.38,1.29,0.26,1.20,1.04
2099,5814,Babu Kesu Kanse,Kavte mahankal,269,Langarpeth,0.40,7.88,0.43,0.49,125.44,15.60,212.80,17.67,0.36,1.44,0.30,0.64,0.22
2100,5815,Babu Maruti Sawant,Kavte mahankal,139,Langarpeth,0.40,7.83,0.38,0.49,137.98,15.60,369.60,9.42,0.28,1.08,0.32,0.34,0.32
2101,5816,Bajrang Pandurang God,Kavte mahankal,569,Langarpeth,0.40,7.92,0.28,0.49,200.70,28.97,280.00,5.15,0.50,0.88,0.34,0.94,0.34
2102,5817,Basappa Gursiddha Wale,Kavte mahankal,111,Langarpeth,0.40,7.91,0.30,0.43,125.44,26.75,201.60,10.64,0.32,1.54,0.30,1.22,0.28
2103,5818,Basling Bapu Mengudle,Kavte mahankal,116,Langarpeth,0.40,7.92,0.34,0.75,213.25,22.29,179.20,7.76,0.30,1.31,0.20,0.46,0.24
2104,5819,Basu Siraj Mulani,Kavte mahankal,548,Langarpeth,0.40,7.98,0.35,0.51,175.62,22.73,291.20,15.44,0.26,1.08,0.24,0.22,0.92
2105,5820,Bhagwan Hanumanta Mohite,Kavte mahankal,543,Langarpeth,0.40,7.94,0.30,0.79,137.98,15.60,313.60,17.88,0.24,1.18,0.24,0.34,1.02
2106,5821,Dadaso Martanda Ghorpade,Kavte mahankal,367/1,Langarpeth,0.40,7.87,0.31,0.76,175.62,20.06,347.20,9.77,0.32,0.68,0.24,1.42,1.26
2107,5822,Deepak Ganpati Chavhan,Kavte mahankal,146,Langarpeth,0.40,7.94,0.33,0.76,213.25,23.18,403.20,18.54,0.46,1.13,0.26,1.16,1.78
2108,5823,Deepak Vasant Suryavanshi,Kavte mahankal,220,Langarpeth,0.40,7.93,0.41,0.85,188.16,26.75,280.00,7.33,0.44,1.19,0.24,1.72,1.96
2109,5824,Dhanaji Amrut Patil,Kavte mahankal,529,Langarpeth,0.40,7.90,0.37,0.83,150.53,22.29,224.00,12.48,0.46,1.29,0.28,1.16,1.42
2110,5825,Dhanaji Jayram Suryavanshi,Kavte mahankal,680,Langarpeth,0.40,7.90,0.36,0.35,112.90,20.06,257.60,18.93,0.42,1.29,0.26,1.30,1.60
2111,5826,Dilip Amrut Patil,Kavte mahankal,529,Langarpeth,0.40,7.82,0.38,0.51,175.62,23.18,302.40,8.94,0.36,1.19,0.28,2.30,2.16
2112,5827,Dilip Nivritti Chavhan,Kavte mahankal,111,Langarpeth,0.40,7.90,0.38,0.47,125.44,15.60,369.60,7.33,0.32,1.19,0.20,0.32,1.06
2113,5828,Dilip Shivaji Kolekar,Kavte mahankal,185,Langarpeth,0.40,7.87,0.37,0.49,188.16,24.52,403.20,5.89,0.22,1.34,0.20,0.76,1.02
2114,5829,Dnyaneshwar Santu Pawar,Kavte mahankal,94,Langarpeth,0.40,7.88,0.38,0.46,163.07,27.19,459.20,7.94,0.36,1.14,0.26,0.40,0.82
2115,5830,Dnyanu Pandurang God,Kavte mahankal,565,Langarpeth,0.40,7.90,0.40,0.49,125.44,22.73,380.80,7.76,0.30,1.44,0.22,0.64,1.00
2116,5831,Dundappa Gursidha Vale,Kavte mahankal,111,Langarpeth,0.40,7.97,0.34,0.35,200.70,22.29,425.60,5.98,0.34,1.01,0.24,0.66,0.90
2117,5832,Eknath Krishna Suryavanshi,Kavte mahankal,530,Langarpeth,0.40,7.89,0.43,0.29,175.62,11.14,291.20,6.37,0.30,1.11,0.40,3.24,2.06
2118,5833,Eknath Vilas Sawant,Kavte mahankal,397,Langarpeth,0.40,7.95,0.30,0.49,163.07,22.73,280.00,9.47,0.38,1.27,0.34,1.24,2.00
2119,5834,Gajanan Balu Pawar,Kavte mahankal,107,Langarpeth,0.40,7.93,0.32,0.38,112.90,23.63,201.60,7.07,0.30,1.18,0.24,1.04,1.32
2120,5835,Gangubai Hanumanta Jadhav,Kavte mahankal,690,Langarpeth,0.40,7.97,0.32,0.49,150.53,24.52,179.20,6.32,0.34,1.21,0.32,0.96,1.64
2121,5836,Hanumanta Sakharam Kharat,Kavte mahankal,436,Langarpeth,0.40,7.86,0.37,0.49,188.16,27.19,235.20,7.85,0.36,1.07,0.26,0.82,1.02
2122,5837,Hanumantha Maruti Chowgule,Kavte mahankal,53,Langarpeth,0.40,7.87,0.35,0.50,175.62,25.41,302.40,6.06,0.36,1.02,0.36,0.78,1.30
2123,5838,Hari Bhimrav Shinde,Kavte mahankal,646,Langarpeth,0.40,7.93,0.36,0.47,125.44,11.14,268.80,8.99,0.26,1.08,0.24,0.36,0.84
2124,5839,Hari Namdev Shinde,Kavte mahankal,133,Langarpeth,0.48,8.01,0.36,0.39,188.16,15.60,369.60,14.13,0.20,1.16,0.26,0.68,0.88
2125,5840,Jagannath Bhimrao Shinde,Kavte mahankal,646,Langarpeth,0.40,7.96,0.40,0.51,137.98,14.26,403.20,7.94,0.32,1.11,0.24,0.52,1.06
2126,5841,Kakaso Murari Suryavanshi,Kavte mahankal,243,Langarpeth,0.40,7.97,0.38,0.72,175.62,12.04,436.80,6.78,0.34,1.12,0.36,0.22,0.72
2127,5842,Kumar Ananda Kanse,Kavte mahankal,290,Langarpeth,0.40,7.93,0.35,0.76,150.53,11.14,313.60,7.42,0.32,1.16,0.20,0.82,0.94
2128,5843,Mahadev appa Bandgar,Kavte mahankal,562,Langarpeth,0.40,7.93,0.35,0.71,225.79,21.84,212.80,8.90,0.42,1.08,0.34,0.30,0.54
2129,5844,Mahadev Babu Suryavanshi,Kavte mahankal,151,Langarpeth,0.40,7.93,0.34,0.43,163.07,27.19,246.40,5.63,0.30,1.03,0.24,0.22,1.08
2130,5845,Mahadev Biru Ghule,Kavte mahankal,332,Langarpeth,0.40,7.88,0.45,0.49,125.44,23.18,224.00,10.16,0.28,1.08,0.26,0.70,0.86
2131,5846,Mahadev Shivaji Patil,Kavte mahankal,611,Langarpeth,0.40,7.91,0.35,0.47,137.98,22.29,179.20,9.33,0.26,1.22,0.26,1.00,1.10
2132,5847,Mahesh Bapu Pawar,Kavte mahankal,542,Langarpeth,0.40,7.94,0.38,0.36,175.62,16.49,268.80,7.94,0.28,1.19,0.38,1.76,2.34
2133,5848,Maruti Babu Dhulgude,Kavte mahankal,86,Langarpeth,0.40,7.93,0.40,0.51,200.70,21.84,235.20,10.64,0.20,1.23,0.58,0.66,1.14
2134,5849,Maruti Balwant Suryawanshi,Kavte mahankal,137,Langarpeth,0.40,7.94,0.38,0.42,163.07,22.29,212.80,7.76,0.36,1.11,0.44,0.24,1.10
2135,5850,Milind Trambak Patil,Kavte mahankal,526,Langarpeth,0.40,7.93,0.34,0.43,125.44,22.73,280.00,14.26,0.24,1.06,0.48,1.58,0.94
2136,5851,Mohan Shivaji Shinde,Kavte mahankal,536,Langarpeth,0.40,7.92,0.32,0.39,137.98,15.60,190.40,10.03,0.58,0.93,0.56,0.38,1.56
2137,5852,Namdev Tukaram Patil,Kavte mahankal,171,Langarpeth,0.40,7.95,0.32,0.29,150.53,20.06,235.20,8.90,0.34,1.14,0.74,0.50,0.94
2138,5853,NandaKumar Tukaram Suryavanshi,Kavte mahankal,604,Langarpeth,0.40,7.96,0.44,0.51,200.70,20.95,380.80,8.11,0.50,1.04,0.64,0.68,1.20
2139,5854,Narayan Jaliandhar Jalkar,Kavte mahankal,706,Langarpeth,0.40,8.00,0.40,0.49,175.62,22.29,201.60,7.76,0.30,1.16,0.42,0.52,1.08
2140,5855,Nitin Aappasaheb Patil,Kavte mahankal,514,Langarpeth,0.40,7.99,0.37,0.38,150.53,20.06,190.40,5.10,0.40,1.17,0.54,0.62,1.56
2141,5856,Punam Sambhaji Patil,Kavte mahankal,532,Langarpeth,0.40,7.99,0.37,0.50,163.07,23.18,257.60,8.07,0.38,1.27,0.52,0.60,0.80
2142,5857,Rachling Bapu Mengudale,Kavte mahankal,117,Langarpeth,0.40,7.94,0.43,0.49,150.53,16.49,280.00,6.98,0.66,0.78,0.90,1.30,1.08
2143,5858,Raghunath Parsu Jalkar,Kavte mahankal,729,Langarpeth,0.40,7.92,0.40,0.46,137.98,22.73,212.80,7.63,0.32,0.69,0.50,1.28,0.88
2144,5859,Raghunath Vishwanath Chavhan,Kavte mahankal,97,Langarpeth,0.40,8.05,0.36,0.49,137.98,19.17,291.20,7.98,0.36,1.18,0.42,0.60,1.32
2145,5860,Rajaram babu Chougule,Kavte mahankal,77,Langarpeth,0.40,7.94,0.37,0.47,163.07,11.59,358.40,5.98,0.28,1.16,0.42,0.32,1.64
2146,5861,Rajaram Hari Bandgar,Kavte mahankal,553,Langarpeth,0.40,7.91,0.39,0.35,150.53,16.49,201.60,6.46,0.22,1.08,0.46,0.70,1.24
2147,5862,Rajaram Maruti Garad,Kavte mahankal,328,Langarpeth,0.40,7.96,0.34,0.63,112.90,20.06,291.20,8.11,0.32,1.34,0.42,0.32,1.14
2148,5863,Rajendra Aakaram Shinde,Kavte mahankal,337,Langarpeth,0.40,8.00,0.34,0.51,150.53,16.05,313.60,11.47,0.26,1.00,0.52,1.10,1.36
2149,5864,Ramchandra Gangaram Suryavanshi,Kavte mahankal,137,Langarpeth,0.40,7.99,0.36,0.44,163.07,20.06,392.00,9.42,0.52,0.90,0.50,0.80,0.92
2150,5865,Ramling Bapu Mengudale,Kavte mahankal,116,Langarpeth,0.40,7.94,0.38,0.38,150.53,14.71,425.60,10.03,0.20,1.08,0.52,0.42,1.56
2151,5866,Rishikesh Ashok Suryavanshi,Kavte mahankal,647,Langarpeth,0.40,7.91,0.37,0.31,225.79,16.05,369.60,8.33,0.38,1.34,0.54,0.34,1.58
2152,5867,Sagar Shriranga Mohite,Kavte mahankal,525,Langarpeth,0.40,7.99,0.38,0.35,188.16,12.04,448.00,9.07,0.26,1.27,0.62,0.42,1.12
2153,5868,Sambhaji Kondiba Suryavanshi,Kavte mahankal,325,Langarpeth,0.40,7.92,0.37,0.51,213.25,13.82,347.20,7.15,0.38,1.31,0.62,0.90,0.86
2154,5869,Sambhaji Lakshman Patil,Kavte mahankal,532,Langarpeth,0.40,7.93,0.37,0.35,175.62,15.16,313.60,7.76,0.30,1.12,0.58,0.58,1.00
2155,5870,Sandeep Sitaram Shinde,Kavte mahankal,120,Langarpeth,0.40,7.97,0.41,0.43,213.25,18.28,268.80,10.29,0.22,1.39,0.54,1.04,1.20
2156,5871,Sanjay Ambadas Shinde,Kavte mahankal,521,Langarpeth,0.40,7.96,0.36,0.35,213.25,19.17,358.40,5.98,0.34,1.13,0.54,0.66,1.16
2157,5872,Sanjay Bajrang Suryavanshi,Kavte mahankal,326,Langarpeth,0.40,7.98,0.37,0.44,200.70,19.61,224.00,7.85,0.52,1.16,0.52,2.52,1.32
2158,5873,Sanjay Maruti Garad,Kavte mahankal,328,Langarpeth,0.40,7.98,0.33,0.46,188.16,16.05,257.60,6.02,0.38,1.28,0.52,0.70,1.32
2159,5874,Santosh Mahadev Suryavanshi,Kavte mahankal,333,Langarpeth,0.40,7.95,0.36,0.43,213.25,18.28,201.60,6.80,0.28,1.08,0.62,0.84,2.22
2160,5875,Satish Nivritti Asavale,Kavte mahankal,441,Langarpeth,0.40,8.06,0.38,0.46,175.62,15.60,291.20,6.46,0.44,1.10,0.58,0.92,0.30
2161,5876,Shankar Kerappa Jalkar,Kavte mahankal,735,Langarpeth,0.40,7.98,0.37,0.31,225.79,18.28,324.80,5.76,0.34,1.08,0.62,0.76,0.62
2162,5877,Shankar Mahadev Parit,Kavte mahankal,327,Langarpeth,0.40,7.96,0.34,0.38,175.62,14.26,302.40,10.64,0.30,1.02,0.62,0.84,1.58
2163,5878,Shashikant Maruti Aswale,Kavte mahankal,609,Langarpeth,0.40,7.90,0.43,0.35,200.70,15.60,212.80,8.99,0.32,1.07,0.76,0.26,0.70
2164,5879,Sheetal Ravindra Salunkhe,Kavte mahankal,658,Langarpeth,0.40,7.96,0.42,0.47,225.79,20.06,280.00,7.42,0.42,1.21,0.76,1.40,2.20
2165,5880,Shivaji Krishna Shinde,Kavte mahankal,448,Langarpeth,0.40,7.96,0.42,0.42,188.16,23.18,201.60,13.17,0.40,1.19,0.64,0.86,1.24
2166,5881,Shivaji Mahadev Parit,Kavte mahankal,327,Langarpeth,0.40,7.98,0.34,0.43,238.34,26.30,224.00,9.42,0.38,1.10,0.70,0.54,1.30
2167,5882,ShriKrishna Ashok Suryavanshi,Kavte mahankal,647,Langarpeth,0.40,7.94,0.49,0.39,163.07,27.19,291.20,9.12,0.34,1.39,0.76,0.50,0.96
2168,5883,Shrimant Hari Bandagar,Kavte mahankal,549,Langarpeth,0.40,8.05,0.43,0.35,225.79,20.06,347.20,6.98,0.40,0.83,0.66,0.50,1.18
2169,5884,Shrirang Namdev Suryavanshi,Kavte mahankal,501,Langarpeth,0.40,8.00,0.34,0.38,213.25,15.60,190.40,8.51,0.28,1.08,0.70,0.50,1.10
2170,5885,Shrirang Sitaram God,Kavte mahankal,522,Langarpeth,0.40,7.99,0.40,0.51,225.79,27.64,246.40,8.03,0.30,0.88,0.72,0.34,1.12
2171,5886,Siddhartha Mahesh Pawar,Kavte mahankal,542,Langarpeth,0.40,7.93,0.49,0.46,188.16,22.73,201.60,9.47,0.28,1.08,0.66,1.38,0.94
2172,5887,Sitaram Narsu Shinde,Kavte mahankal,49,Langarpeth,0.40,7.96,0.40,0.42,225.79,11.14,179.20,7.33,0.34,1.26,0.74,0.70,1.22
2173,5888,Sopan Pandu God,Kavte mahankal,536,Langarpeth,0.40,7.96,0.38,0.49,200.70,21.84,224.00,5.93,0.36,1.15,0.72,0.76,1.60
2174,5889,Sudhakar Pandurang Suryavanshi,Kavte mahankal,432/1,Langarpeth,0.40,7.91,0.48,0.35,213.25,23.63,302.40,9.07,0.26,1.39,0.92,1.10,1.36
2175,5890,Sunita Sanjay Bhogam,Kavte mahankal,542,Langarpeth,0.40,7.92,0.44,0.39,238.34,19.61,257.60,9.20,0.36,1.01,0.74,2.02,0.98
2176,5891,Suvarna Bapu Pawar,Kavte mahankal,542,Langarpeth,0.40,7.99,0.33,0.44,188.16,27.19,380.80,7.94,0.52,1.50,0.76,0.72,1.32
2177,5892,Tulshiram Dagadu Sawant,Kavte mahankal,138,Langarpeth,0.40,7.97,0.37,0.35,200.70,11.14,358.40,8.20,0.38,1.35,0.72,1.08,1.36
2178,5893,Vinayak Baban Chavhan,Kavte mahankal,557,Langarpeth,0.40,8.00,0.33,0.49,225.79,12.48,403.20,6.59,0.52,1.25,0.70,0.86,1.76
2179,5894,Vishal Vilas Thombare,Kavte mahankal,323,Langarpeth,0.40,7.94,0.44,0.44,238.34,14.26,436.80,7.28,0.54,1.17,0.74,1.24,1.28
2180,5895,Vishwanath Lakshman Shinde,Kavte mahankal,533,Langarpeth,0.40,7.91,0.59,0.42,200.70,20.06,470.40,8.55,0.30,1.03,0.64,1.18,1.72
2181,5896,Vithoba Babu Pawar,Kavte mahankal,428,Langarpeth,0.40,7.98,0.41,0.39,213.25,20.95,392.00,9.07,0.34,1.42,0.84,1.48,1.60
2182,5897,Vitthal Tukaram Patil,Kavte mahankal,72,Langarpeth,0.40,7.96,0.37,0.38,175.62,19.17,358.40,9.42,0.26,1.02,1.02,1.42,1.78
2183,5898,Yogesh Ambadas Shinde,Kavte mahankal,519,Langarpeth,0.40,7.97,0.38,0.40,200.70,16.94,280.00,8.24,0.54,1.06,0.68,0.70,1.52
2184,5899,Amar A.Shirke,Kavte mahankal,48,Morgaon,0.40,7.94,0.25,0.71,175.62,15.60,392.00,5.58,0.66,0.68,1.40,1.06,1.62
2185,5900,Amit S.Patil,Kavte mahankal,73,Morgaon,1.00,8.03,0.25,0.76,200.70,24.52,324.80,7.20,0.22,0.79,0.90,1.00,1.04
2186,5901,Anil P.Shirke,Kavte mahankal,55,Morgaon,0.80,8.23,0.27,0.71,238.34,24.07,246.40,7.42,0.30,0.69,3.30,0.92,0.94
2187,5902,Anil S.Wandare,Kavte mahankal,87,Morgaon,0.40,8.22,0.28,0.76,188.16,15.16,201.60,6.78,0.36,0.73,1.10,0.72,1.08
2188,5903,Anil V.Jagtap,Kavte mahankal,399,Morgaon,0.80,8.26,0.26,0.76,200.70,22.73,224.00,9.47,0.32,0.61,0.48,1.06,1.12
2189,5904,Annasaheb K Vavre,Kavte mahankal,334,Morgaon,0.40,8.24,0.26,0.51,163.07,24.52,291.20,6.63,0.32,0.63,1.28,0.72,1.00
2190,5905,Appaso D.Kashid,Kavte mahankal,156,Morgaon,0.40,8.23,0.28,0.76,137.98,27.64,369.60,6.15,0.34,0.58,1.70,1.08,1.14
2191,5906,Appaso V.Kashid,Kavte mahankal,56,Morgaon,0.40,8.27,0.27,0.76,175.62,28.97,414.40,7.15,0.32,0.65,3.44,1.00,1.52
2192,5907,Babaso S.Nikam,Kavte mahankal,139,Morgaon,0.60,8.34,0.24,0.49,213.25,26.75,459.20,8.20,0.58,1.06,1.18,1.58,1.48
2193,5908,Baburao M.Atpadkar,Kavte mahankal,177,Morgaon,1.00,8.32,0.23,0.43,163.07,25.41,492.80,5.98,0.32,1.14,1.62,1.28,1.18
2194,5909,Bajrang S Kshirsagar,Kavte mahankal,372,Morgaon,0.40,8.28,0.26,0.76,200.70,28.53,392.00,6.94,0.24,1.26,0.50,0.64,0.92
2195,5910,Bapu I.Vavre,Kavte mahankal,335,Morgaon,0.40,8.33,0.24,0.63,188.16,24.52,336.00,6.72,0.30,1.03,0.70,1.04,1.04
2196,5911,Basayya M.Swami,Kavte mahankal,136,Morgaon,0.60,8.29,0.26,0.63,238.34,26.30,313.60,16.66,0.48,1.29,1.54,1.32,0.92
2197,5912,Bharat B.Kashid,Kavte mahankal,69,Morgaon,0.60,8.32,0.25,0.76,150.53,24.52,380.80,9.60,0.58,0.98,1.70,1.32,1.92
2198,5913,Bhaskar V.Shirke,Kavte mahankal,40,Morgaon,0.40,8.33,0.24,0.69,137.98,25.41,459.20,8.03,0.50,1.07,1.86,1.50,1.36
2199,5914,Bhimrao G.Vavre,Kavte mahankal,332,Morgaon,0.40,8.30,0.25,0.49,188.16,16.49,369.60,7.02,0.38,1.29,4.32,1.78,1.84
2200,5915,Chandarkant B.Shinde,Kavte mahankal,5,Morgaon,0.40,8.30,0.28,0.46,200.70,17.83,336.00,7.68,0.32,0.59,1.52,1.68,1.20
2201,5916,Dhanesh T.Shirke,Kavte mahankal,68,Morgaon,0.40,8.31,0.25,0.76,175.62,17.83,280.00,8.24,0.40,1.05,1.38,1.30,1.18
2202,5917,Dilip B Chandanshive,Kavte mahankal,369,Morgaon,0.40,8.33,0.26,0.49,213.25,23.18,313.60,10.29,0.36,1.03,2.44,0.92,1.04
2203,5918,Dinkar A. Shirke,Kavte mahankal,70,Morgaon,0.40,8.30,0.27,0.47,188.16,22.29,235.20,5.63,0.28,1.15,1.48,0.74,0.88
2204,5919,Dinkar V Patil,Kavte mahankal,2/1,Morgaon,0.40,8.36,0.23,0.49,188.16,19.61,257.60,8.16,0.46,1.12,1.08,1.26,1.28
2205,5920,Ganesh R.Kumbhar,Kavte mahankal,14,Morgaon,0.60,8.35,0.25,0.63,175.62,17.83,358.40,7.85,0.38,1.07,1.28,0.64,0.96
2206,5921,Ganpati S.Shirke,Kavte mahankal,61,Morgaon,0.40,8.37,0.23,0.63,213.25,18.72,403.20,6.46,0.54,1.06,1.02,1.38,1.30
2207,5922,Gaurihar M.Nandnikar,Kavte mahankal,36/?,Morgaon,0.40,8.32,0.30,0.49,213.25,19.17,436.80,17.54,0.46,1.00,0.68,1.18,1.30
2208,5923,Hanmant G. Ghorpade,Kavte mahankal,234,Morgaon,0.40,8.36,0.29,0.72,175.62,19.61,470.40,7.24,0.32,1.10,1.66,1.06,1.72
2209,5924,Hindurao D Atpadkar,Kavte mahankal,190,Morgaon,1.00,8.35,0.28,0.76,200.70,23.18,448.00,7.85,0.34,1.08,1.28,0.88,1.58
2210,5925,Hindurao M.Shirke,Kavte mahankal,38,Morgaon,0.40,8.36,0.26,0.71,225.79,22.73,392.00,8.51,0.34,1.12,0.82,0.84,1.22
2211,5926,Jalindar D.Kashid,Kavte mahankal,256,Morgaon,0.40,8.16,0.73,0.74,213.25,13.37,336.00,9.16,0.30,1.07,0.68,4.52,1.48
2212,5927,Jayshing P.Chavhan,Kavte mahankal,304,Morgaon,0.80,8.26,0.27,0.74,188.16,21.40,324.80,8.29,0.24,1.06,2.54,1.84,1.52
2213,5928,Kallapa S.Kumbhar,Kavte mahankal,15c,Morgaon,0.60,8.36,0.26,0.51,175.62,18.72,201.60,6.41,0.30,0.99,0.58,1.06,1.58
2214,5929,Kasabai S.Shirke,Kavte mahankal,35/2,Morgaon,0.40,8.30,0.27,0.71,238.34,20.95,336.00,9.25,0.28,1.07,1.72,0.44,1.16
2215,5930,Keru T Mali,Kavte mahankal,129,Morgaon,1.00,8.32,0.26,0.49,225.79,16.05,403.20,8.94,0.22,1.00,0.98,0.60,0.96
2216,5931,Khandu Maruti Yadav,Kavte mahankal,09,Morgaon,0.40,8.06,0.27,0.44,188.16,14.26,436.80,7.94,0.38,1.51,0.22,2.26,0.98
2217,5932,Kisan B.Nikam,Kavte mahankal,139,Morgaon,1.00,8.33,0.25,0.76,188.16,15.60,481.60,7.59,0.26,1.12,0.30,1.14,2.20
2218,5933,Kisan D.Kashid,Kavte mahankal,370,Morgaon,0.50,8.35,0.28,0.63,200.70,16.49,358.40,7.33,0.36,1.25,0.36,1.06,1.64
2219,5934,Kisan V.Kashid,Kavte mahankal,56,Morgaon,0.40,8.35,0.26,0.63,213.25,15.60,212.80,5.89,0.34,1.12,1.56,0.98,1.02
2220,5935,Laxman A.Deshinge,Kavte mahankal,71,Morgaon,0.40,8.36,0.29,0.58,238.34,18.28,336.00,7.94,0.20,1.06,0.80,1.02,1.20
2221,5936,Machindar S.Pawar,Kavte mahankal,62,Morgaon,0.40,8.40,0.23,0.74,175.62,14.26,246.40,5.19,0.30,1.05,0.92,0.84,1.34
2222,5937,Madhukar S Nikam,Kavte mahankal,332,Morgaon,1.00,8.24,0.27,0.57,200.70,15.60,380.80,6.19,0.34,1.25,2.26,0.84,1.28
2223,5938,Maruti B.Kashid,Kavte mahankal,56,Morgaon,0.40,8.16,0.95,0.58,163.07,20.06,403.20,5.10,0.22,1.50,0.38,6.66,1.38
2224,5939,Maruti M. Ghorpade,Kavte mahankal,122,Morgaon,0.80,8.36,0.31,0.72,188.16,23.18,313.60,8.77,0.22,1.11,0.44,0.92,1.52
2225,5940,Mehboob A.Mujawar,Kavte mahankal,73,Morgaon,0.40,8.34,0.29,0.69,200.70,26.30,436.80,6.67,0.44,1.07,4.76,1.40,1.04
2226,5941,Mohan S.Shirke,Kavte mahankal,333,Morgaon,0.40,8.45,0.23,0.74,225.79,20.06,492.80,6.46,0.36,0.99,0.34,1.34,1.18
2227,5942,Mukund H.Pawar,Kavte mahankal,41,Morgaon,0.40,8.43,0.26,0.71,137.98,15.60,358.40,8.42,0.22,1.10,0.32,0.54,1.88
2228,5943,Namdev Govind Yadav,Kavte mahankal,09,Morgaon,0.40,8.44,0.14,0.75,175.62,27.64,302.40,4.62,0.32,1.00,0.82,0.42,1.00
2229,5944,Nandini H.Pawar,Kavte mahankal,41,Morgaon,0.60,8.17,0.85,0.63,188.16,11.14,257.60,6.32,0.26,0.65,1.64,1.10,0.92
2230,5945,Netaji B.Shitole,Kavte mahankal,41,Morgaon,0.40,8.40,0.26,0.67,200.70,21.84,403.20,8.29,0.42,1.14,0.36,0.62,1.32
2231,5946,Netaji R. Pawar,Kavte mahankal,44,Morgaon,0.40,8.42,0.25,0.65,137.98,23.63,358.40,6.63,0.26,1.18,0.24,0.76,0.78
2232,5947,Nilkant M.Swami,Kavte mahankal,127,Morgaon,0.60,8.32,0.20,0.64,175.62,19.61,201.60,5.15,0.22,1.12,0.32,0.42,2.02
2233,5948,Pandit M.Pawar,Kavte mahankal,41,Morgaon,0.40,8.33,0.29,0.58,200.70,27.19,291.20,8.24,1.24,1.17,0.24,0.26,2.72
2234,5949,Pandurang B.Jagtap,Kavte mahankal,400,Morgaon,0.80,8.25,0.37,0.67,225.79,15.60,235.20,10.21,0.28,1.12,0.20,0.42,2.08
2235,5950,Pandurang V Lavate,Kavte mahankal,260,Morgaon,1.00,8.04,0.27,0.74,188.16,16.94,212.80,5.54,0.20,1.25,0.26,0.28,1.74
2236,5951,Phulabai Baburao Shinde,Kavte mahankal,5,Morgaon,0.40,8.43,0.26,0.71,225.79,20.06,358.40,8.20,0.82,1.14,0.24,0.66,1.98
2237,5952,Popat D.Kashid,Kavte mahankal,59,Morgaon,0.40,8.13,0.25,0.75,137.98,19.17,459.20,9.38,0.36,1.19,0.34,0.50,2.44
2238,5953,Prakash A.Kumbhar,Kavte mahankal,15c,Morgaon,0.40,8.31,0.28,0.58,163.07,17.83,515.20,5.15,0.40,1.04,0.22,0.26,2.22
2239,5954,Prakash G.Nikam,Kavte mahankal,2/?,Morgaon,0.60,8.39,0.25,0.63,188.16,16.49,392.00,9.03,0.68,1.02,0.32,0.40,1.96
2240,5955,Prashant N.Jagtap,Kavte mahankal,404,Morgaon,2.00,8.42,0.24,0.46,213.25,17.38,425.60,6.98,0.66,1.23,0.26,0.44,1.54
2241,5956,Pratap E.Shirke,Kavte mahankal,43,Morgaon,0.40,8.44,0.22,0.50,188.16,14.71,504.00,7.63,0.76,1.03,0.24,0.50,1.76
2242,5957,Raghunath D.Mali,Kavte mahankal,128,Morgaon,0.50,8.49,0.23,0.43,200.70,16.05,302.40,5.58,0.84,1.03,0.34,0.70,1.70
2243,5958,Rajaram A Jagtap,Kavte mahankal,399,Morgaon,0.80,8.50,0.22,0.51,213.25,20.95,403.20,6.28,0.84,1.07,0.22,0.26,2.00
2244,5959,Rajaram B Kshirsagar,Kavte mahankal,372,Morgaon,0.40,8.49,0.25,0.58,225.79,23.18,436.80,7.42,0.92,1.19,0.26,0.44,2.18
2245,5960,Rajaram S.Mali,Kavte mahankal,292,Morgaon,0.40,8.45,0.33,0.74,188.16,24.52,313.60,6.80,1.00,1.47,0.34,1.34,2.00
2246,5961,Rajaram T.Nikam,Kavte mahankal,258,Morgaon,0.40,8.61,0.19,0.72,213.25,18.72,414.40,5.32,0.40,1.23,0.34,1.52,2.24
2247,5962,Ramchandar E Vavre,Kavte mahankal,335,Morgaon,0.60,8.47,0.27,0.72,175.62,16.49,481.60,5.06,0.74,1.47,0.34,0.74,1.88
2248,5963,Ramchandar N.Shirke,Kavte mahankal,40,Morgaon,0.40,8.58,0.22,0.75,225.79,12.48,515.20,7.85,0.54,1.46,0.30,1.06,1.20
2249,5964,Ramesh T.Kashid,Kavte mahankal,287,Morgaon,0.40,8.52,0.22,0.71,213.25,23.63,436.80,6.89,0.64,1.08,0.28,0.78,2.60
2250,5965,Sadashiv T.Pawar,Kavte mahankal,44,Morgaon,0.40,8.59,0.19,0.76,188.16,19.61,459.20,8.11,0.30,1.30,0.26,0.82,2.16
2251,5966,Sambhaji D. Kashid,Kavte mahankal,287,Morgaon,0.80,8.66,0.17,0.56,163.07,27.19,324.80,9.16,0.38,1.31,0.32,0.70,2.22
2252,5967,Sambhaji S.Pawar,Kavte mahankal,240,Morgaon,0.60,8.30,0.31,0.64,188.16,14.71,369.60,5.54,0.30,1.30,0.42,2.88,1.80
2253,5968,Santosh R.Kumbhar,Kavte mahankal,14,Morgaon,0.60,8.30,0.78,0.68,150.53,16.05,403.20,6.19,0.50,1.07,0.20,6.96,1.60
2254,5969,Sawanta Krushna Mali,Kavte mahankal,128,Morgaon,0.80,8.27,0.25,0.79,175.62,18.72,246.40,7.24,0.30,1.07,0.28,1.64,1.80
2255,5970,Shaji A.Shirke,Kavte mahankal,70,Morgaon,0.40,8.46,0.26,0.67,175.62,22.73,280.00,9.20,0.72,0.97,0.26,1.30,2.04
2256,5971,Shankar A.Kashid,Kavte mahankal,56,Morgaon,0.60,8.50,0.24,0.76,163.07,24.52,358.40,13.17,0.64,1.16,0.28,0.72,2.10
2257,5972,Shankar G.Ghorpade,Kavte mahankal,240,Morgaon,0.40,8.68,0.17,0.71,188.16,20.95,448.00,7.33,0.38,1.15,0.36,0.92,2.04
2258,5973,Shivaji L.Shirke,Kavte mahankal,43,Morgaon,0.40,8.69,0.17,0.67,150.53,15.60,414.40,9.42,0.38,1.00,0.36,0.86,2.22
2259,5974,Shivaji R Jagtap,Kavte mahankal,398,Morgaon,0.40,8.28,0.81,0.58,175.62,27.19,492.80,7.90,0.48,1.80,0.34,9.08,2.38
2260,5975,Sidhu B.Shirke,Kavte mahankal,156,Morgaon,0.60,8.65,0.18,0.61,200.70,12.93,526.40,8.99,0.20,1.03,0.20,0.32,2.32
2261,5976,Sunil D.Kolekar,Kavte mahankal,320,Morgaon,1.00,8.48,0.26,0.60,150.53,18.28,392.00,5.80,0.94,1.50,0.28,1.26,3.40
2262,5977,Sunil U.Shirke,Kavte mahankal,40,Morgaon,0.80,8.60,0.21,0.65,188.16,22.73,313.60,7.50,0.40,1.47,0.24,0.62,1.62
2263,5978,Tanaji S.Pawar,Kavte mahankal,119,Morgaon,0.60,8.59,0.23,0.47,200.70,18.72,347.20,7.20,0.40,1.23,0.26,0.46,1.88
2264,5979,Tukaram A.Shirke,Kavte mahankal,70,Morgaon,0.40,8.52,0.28,0.57,175.62,16.49,280.00,4.75,0.38,1.20,0.22,0.54,2.22
2265,5980,Uttam V.Shirke,Kavte mahankal,35/2,Morgaon,0.40,8.63,0.22,0.64,150.53,18.72,369.60,5.80,0.46,1.16,0.34,0.52,2.50
2266,5981,Vaishali B.Pawar,Kavte mahankal,83,Morgaon,0.40,8.50,0.28,0.58,188.16,19.17,224.00,6.63,0.36,1.09,0.30,0.94,2.70
2267,5982,Vasant L.Nikam,Kavte mahankal,170,Morgaon,0.40,8.52,0.24,0.78,185.65,17.83,302.40,7.28,0.28,1.08,0.26,0.56,2.34
2268,5983,Vijay L.Shirke,Kavte mahankal,48,Morgaon,0.60,8.57,0.25,0.76,178.12,16.49,201.60,5.45,0.58,1.04,0.34,0.88,1.90
2269,5984,Vilas G.Deshinge,Kavte mahankal,99,Morgaon,0.40,8.66,0.22,0.71,200.70,14.71,190.40,5.98,0.40,1.50,0.32,0.84,1.82
2270,5985,Vilas G.Ghorpade,Kavte mahankal,240,Morgaon,0.40,8.64,0.20,0.74,163.07,20.95,246.40,6.98,0.52,0.99,0.34,0.80,2.02
2271,5986,Vithal S.Shirke,Kavte mahankal,38,Morgaon,0.60,8.67,0.19,0.61,188.16,23.18,403.20,7.59,0.24,1.11,0.30,0.48,0.62
2272,5987,Vithhal R.Pawar,Kavte mahankal,44,Morgaon,0.40,8.66,0.23,0.58,175.62,18.72,380.80,8.99,0.28,1.12,0.24,0.80,2.06
2273,5988,Vithhal S Wandare,Kavte mahankal,87,Morgaon,0.40,8.64,0.21,0.60,150.53,16.49,459.20,9.25,0.42,1.32,0.32,1.02,0.32
2274,5989,Yogesh V.Shirke,Kavte mahankal,55,Morgaon,0.70,8.66,0.23,0.68,225.79,12.93,436.80,7.98,0.36,1.01,1.24,1.24,2.28
2275,5990,Rkvy Dinkar Vasant Patil,Kavte mahankal,3,Morgaon,1.00,8.67,0.24,0.44,200.70,13.82,537.60,6.54,0.32,1.05,0.50,1.04,1.68
2276,5991,Ananda Bhagwan Babar,Kavte mahankal,90,Arewadi,0.40,8.33,0.32,0.47,175.62,15.60,459.20,12.04,0.34,1.23,0.22,0.52,1.04
2277,5992,Ananda Govind Kolekar,Kavte mahankal,962,Arewadi,0.40,8.33,0.31,0.51,238.34,20.95,380.80,10.95,0.24,1.14,0.20,0.34,0.86
2278,5993,Anil Biru Kolekar,Kavte mahankal,845,Arewadi,0.40,8.59,0.10,0.35,188.16,13.37,470.40,12.30,0.34,1.59,0.20,0.34,0.58
2279,5994,Anna Babau Kolekar,Kavte mahankal,485,Arewadi,0.40,8.50,0.21,0.76,225.79,11.14,313.60,10.03,0.32,1.08,0.26,0.26,0.90
2280,5995,Arjun Hari Kolekar,Kavte mahankal,844/1,Arewadi,0.40,8.46,0.34,0.43,213.25,10.25,145.60,11.17,0.34,0.99,0.22,0.20,0.56
2281,5996,Arjun Pandurang Kolekar,Kavte mahankal,264,Arewadi,0.40,8.63,0.14,0.90,150.53,12.93,358.40,9.20,0.22,1.09,0.26,0.20,0.26
2282,5997,Ashok Baba Kolekar,Kavte mahankal,672,Arewadi,0.40,8.19,0.19,0.90,200.70,24.52,246.40,8.59,0.26,1.39,0.20,0.48,0.30
2283,5998,Auba Shivappa Kolekar,Kavte mahankal,950,Arewadi,0.40,8.42,0.16,0.79,213.25,10.70,481.60,9.51,0.30,1.58,0.20,0.74,1.34
2284,5999,Audumbar Babasokolekar,Kavte mahankal,818,Arewadi,0.40,8.55,0.16,0.90,175.62,15.60,302.40,10.86,0.26,1.23,0.20,0.28,0.30
2285,6000,Baba Kashiba Hajare,Kavte mahankal,679,Arewadi,0.40,8.60,0.17,0.51,137.98,13.82,280.00,12.17,0.22,1.17,0.24,0.88,0.42
2286,6001,Baba Shivappa Kolekar,Kavte mahankal,950,Arewadi,0.40,8.61,0.10,0.49,175.62,16.05,235.20,12.65,0.24,1.23,0.28,0.50,1.14
2287,6002,Baban Akaram Pawar,Kavte mahankal,87,Arewadi,0.16,8.58,0.15,0.51,213.25,15.60,268.80,11.78,0.22,1.24,0.26,0.40,0.72
2288,6003,Balaso Babu Dhaygude,Kavte mahankal,837,Arewadi,940.00,8.41,0.16,0.43,225.79,13.82,470.40,12.69,0.20,1.69,0.24,0.66,1.18
2289,6004,Balaso Bhimrav Kolekar,Kavte mahankal,55,Arewadi,0.40,8.55,0.13,0.44,250.88,16.05,190.40,10.95,0.26,1.84,0.20,0.38,0.48
2290,6005,Balaso Dongri Kolekar,Kavte mahankal,1019,Arewadi,0.40,8.69,0.21,0.46,225.79,15.60,212.80,11.91,0.28,1.17,0.30,0.70,0.34
2291,6006,Bapu Biru Kolekar,Kavte mahankal,712,Arewadi,0.40,8.68,0.11,0.54,200.70,18.28,235.20,13.30,0.26,1.19,0.26,0.34,1.66
2292,6007,Bapu Manohar Parekar,Kavte mahankal,252,Arewadi,0.40,8.60,0.10,0.46,213.25,19.61,268.80,13.74,0.28,1.38,0.32,0.64,0.30
2293,6008,Bapu Rajaram Jadhav,Kavte mahankal,60,Arewadi,0.48,8.74,0.20,0.67,225.79,9.81,224.00,10.77,0.24,1.68,0.30,0.70,0.42
2294,6009,Bapu Yashvant Hajare,Kavte mahankal,681,Arewadi,0.40,8.56,0.10,0.47,200.70,14.71,324.80,11.56,0.28,1.79,0.22,0.50,0.82
2295,6010,Bhanudas Nivrutti Babar,Kavte mahankal,48,Arewadi,0.16,8.51,0.22,0.57,175.62,17.83,347.20,12.34,0.26,1.13,0.20,0.88,0.20
2296,6011,Bhimrav Govind Kolekar,Kavte mahankal,475,Arewadi,0.40,8.51,0.28,0.44,213.25,13.82,336.00,12.96,0.24,1.18,0.28,0.76,0.24
2297,6012,Biru Sayappa Kolekar,Kavte mahankal,671,Arewadi,0.40,8.48,0.16,0.68,200.70,11.14,414.40,13.61,0.22,1.22,0.20,0.68,0.70
2298,6013,Chandrakant Nivrutti Kolekar,Kavte mahankal,261,Arewadi,940.00,8.60,0.18,0.49,225.79,8.92,459.20,14.66,0.34,1.22,0.24,0.62,2.62
2299,6014,Dada Dhondi Kolekar,Kavte mahankal,1026,Arewadi,0.40,8.64,0.18,0.50,188.16,12.48,324.80,14.31,0.26,1.21,0.28,1.04,0.68
2300,6015,Dadaso Jagu Kolekar,Kavte mahankal,844/1,Arewadi,0.40,8.50,0.10,0.65,238.34,15.60,324.80,12.78,0.20,1.18,0.24,1.10,0.42
2301,6016,Dagadu Dongri Kolekar,Kavte mahankal,1018,Arewadi,0.40,8.53,0.16,0.46,175.62,16.05,246.40,11.95,0.26,1.13,0.24,1.16,0.60
2302,6017,Dattu Pandurang Kolekar,Kavte mahankal,901,Arewadi,0.40,8.60,0.18,0.46,137.98,14.26,224.00,12.61,0.30,1.59,0.34,1.36,0.82
2303,6018,Dhula Sopan Kolekar,Kavte mahankal,766,Arewadi,0.40,8.69,0.13,0.51,175.62,13.37,291.20,14.74,0.24,1.19,0.24,0.86,2.44
2304,6019,Eku Bhavu Kolekar,Kavte mahankal,235,Arewadi,0.40,8.47,0.25,0.49,150.53,12.93,291.20,14.92,0.30,1.17,0.26,0.80,1.76
2305,6020,Ganesh Balu Kolekar,Kavte mahankal,670,Arewadi,0.40,8.58,0.15,0.51,163.07,17.83,280.00,13.96,0.32,1.17,0.26,0.94,1.46
2306,6021,Gourappa Shivaji Kolekar,Kavte mahankal,103,Arewadi,0.40,8.66,0.10,0.51,200.70,11.14,302.40,14.92,0.28,1.60,0.24,0.96,1.00
2307,6022,Hari Maruti Kolekar,Kavte mahankal,678,Arewadi,0.40,8.62,0.10,0.47,163.07,20.50,268.80,15.40,0.30,1.00,0.24,0.94,1.62
2308,6023,Hari Pandurang Kolekar,Kavte mahankal,844/2,Arewadi,0.40,8.64,0.12,0.49,137.98,17.83,291.20,12.13,0.32,0.97,0.30,0.96,0.84
2309,6024,Hariba Sayappa Dhaygude,Kavte mahankal,839,Arewadi,0.40,8.68,0.10,0.51,188.16,13.82,235.20,12.96,0.30,1.07,0.24,2.02,0.76
2310,6025,Jagannath Santram Kolekar,Kavte mahankal,667,Arewadi,0.40,8.63,0.10,0.49,175.62,14.26,324.80,9.42,0.22,1.52,0.28,1.94,0.90
2311,6026,Kisan Bhagappa Kolekar,Kavte mahankal,73,Arewadi,0.40,8.70,0.18,0.49,188.16,17.83,369.60,10.12,0.20,1.55,0.26,2.46,0.28
2312,6027,Kondiba Maruti Babar,Kavte mahankal,14,Arewadi,0.40,8.64,0.18,0.46,188.16,22.73,380.80,9.60,0.26,1.37,0.26,1.46,0.50
2313,6028,Lahu Ramchndra Kolekar,Kavte mahankal,488,Arewadi,0.40,8.66,0.28,0.79,150.53,17.83,392.00,9.07,0.26,1.02,0.34,2.76,0.84
2314,6029,Lakshman Ananda Jadhav,Kavte mahankal,62,Arewadi,0.40,8.71,0.21,0.90,175.62,13.37,313.60,8.51,0.28,1.42,0.52,1.24,1.60
2315,6030,Malappa Dhulappa Kolekar,Kavte mahankal,844/2,Arewadi,0.40,8.70,0.18,0.49,163.07,14.26,302.40,8.33,0.26,1.03,0.38,1.16,1.24
2316,6031,Manisha Netaji Kolekar,Kavte mahankal,712,Arewadi,0.40,8.70,0.12,0.49,188.16,16.05,291.20,8.90,0.30,1.17,0.34,1.46,2.10
2317,6032,Mukinda Sakharam Kolekar,Kavte mahankal,400,Arewadi,0.40,8.63,0.10,0.43,200.70,15.60,235.20,10.38,0.22,1.25,0.26,1.50,1.70
2318,6033,Nanda Prakash Kolekar,Kavte mahankal,102,Arewadi,0.40,8.67,0.20,0.47,163.07,12.48,224.00,11.08,0.30,1.35,0.28,1.26,1.04
2319,6034,Nandatai Arvind Shingade,Kavte mahankal,110,Arewadi,0.40,8.61,0.10,0.29,175.62,8.92,212.80,9.25,0.28,2.01,0.36,1.30,0.28
2320,6035,Navnath Ramchandra Kolekar,Kavte mahankal,235,Arewadi,0.40,8.62,0.11,0.49,163.07,11.14,179.20,9.73,0.20,1.52,0.28,1.74,1.04
2321,6036,Pandurang Bapu Kolekar,Kavte mahankal,672,Arewadi,0.40,8.61,0.13,0.32,225.79,13.82,168.00,9.03,0.28,1.52,0.28,1.64,0.48
2322,6037,Pandurang Lakshaman. Kolekat,Kavte mahankal,264,Arewadi,0.40,8.65,0.14,0.51,188.16,17.83,123.20,8.42,0.26,0.98,0.30,1.52,0.78
2323,6038,Pandurang Shivaji Kolekar,Kavte mahankal,102,Arewadi,0.40,8.53,0.22,0.49,175.62,14.71,145.60,7.15,0.28,1.57,0.34,1.32,0.34
2324,6039,Piraji Sakharam Kolekar,Kavte mahankal,786,Arewadi,0.40,8.60,0.10,0.90,188.16,9.81,403.20,8.20,0.28,1.30,0.38,1.48,0.64
2325,6040,Pooja Arjun Kolekar,Kavte mahankal,264,Arewadi,0.40,8.68,0.35,0.49,175.62,19.17,492.80,10.60,0.22,1.29,0.38,1.42,1.70
2326,6041,Raghunath Rajaram Jadhav,Kavte mahankal,60,Arewadi,0.40,8.61,0.27,0.47,150.53,18.28,459.20,9.38,0.28,1.60,0.28,1.98,0.38
2327,6042,Raghunath Tukaram Kolekar,Kavte mahankal,881,Arewadi,0.40,8.50,0.29,0.51,163.07,15.60,459.20,12.65,0.34,1.56,0.32,1.82,0.78
2328,6043,Rahul Raghunath Babar,Kavte mahankal,52,Arewadi,0.40,8.64,0.13,0.38,175.62,16.49,504.00,10.51,0.26,1.53,0.38,1.90,0.64
2329,6044,Rajakka Sakharam Kolekar,Kavte mahankal,681,Arewadi,0.40,8.62,0.13,0.71,175.62,14.26,179.20,12.34,0.30,1.15,0.34,1.66,1.30
2330,6045,Rajaram Ganu Kolekar,Kavte mahankal,817,Arewadi,0.40,8.61,0.17,0.46,175.62,15.60,212.80,10.99,0.30,1.12,0.36,1.44,0.22
2331,6046,Rajkumar Fadnis Bavar,Kavte mahankal,231,Arewadi,0.40,8.51,0.18,0.85,188.16,11.14,156.80,10.21,0.28,1.07,0.34,1.68,2.00
2332,6047,Raju Biru Kolekar,Kavte mahankal,845,Arewadi,0.40,8.64,0.15,0.74,225.79,22.73,145.60,13.48,0.30,1.06,0.36,1.56,1.26
2333,6048,Rayappa Dhulappa Kolekar,Kavte mahankal,844/2,Arewadi,0.40,8.65,0.13,0.53,188.16,12.93,156.80,12.26,0.24,1.00,0.30,1.54,1.48
2334,6049,Sachin Raghunath Babar,Kavte mahankal,52,Arewadi,0.70,8.62,0.12,0.50,175.62,10.25,156.80,7.15,0.28,1.10,0.26,1.60,1.42
2335,6050,Sahebrav Akaram Pawar,Kavte mahankal,85,Arewadi,0.40,8.64,0.12,0.43,163.07,11.14,201.60,8.59,0.20,1.08,0.20,1.56,1.68
2336,6051,Samdhan Bhagwan Padalakar,Kavte mahankal,214,Arewadi,0.40,8.61,0.10,0.44,175.62,13.37,212.80,12.69,0.30,1.12,0.30,1.62,2.86
2337,6052,Sampada Tamma Mane,Kavte mahankal,256,Arewadi,0.40,8.61,0.20,0.46,188.16,13.82,336.00,11.47,0.20,1.17,0.36,1.46,0.44
2338,6053,Sangita Sanjay Kolekar,Kavte mahankal,670,Arewadi,0.40,8.70,0.14,0.67,200.70,12.48,380.80,10.16,0.26,1.11,0.22,1.90,1.44
2339,6054,Shahaji Eknath Babar,Kavte mahankal,85,Arewadi,0.40,8.70,0.18,0.49,188.16,15.60,425.60,12.26,0.24,1.07,0.22,1.62,0.78
2340,6055,Shankar Bapu Kolekar,Kavte mahankal,259,Arewadi,0.40,8.71,0.19,0.58,188.16,14.26,358.40,10.69,0.26,1.56,0.32,2.50,1.48
2341,6056,Shankar Patangrav Jadhav,Kavte mahankal,60,Arewadi,0.40,8.69,0.29,0.68,200.70,12.93,358.40,10.99,0.26,1.57,0.38,1.74,1.16
2342,6057,Shital Baban Pawar,Kavte mahankal,87,Arewadi,0.40,8.60,0.19,0.49,137.98,17.83,403.20,9.51,0.30,1.67,0.32,2.60,0.34
2343,6058,Shivaji Dhondiba Kolekar,Kavte mahankal,922,Arewadi,0.40,8.61,0.20,0.78,163.07,18.28,291.20,10.77,0.28,1.76,0.38,1.80,1.60
2344,6059,Shivaji Dhondiram Kolekar,Kavte mahankal,667,Arewadi,0.40,8.64,0.36,0.65,175.62,13.82,201.60,7.37,0.22,1.65,0.22,3.84,0.54
2345,6060,Shrimant Rajaram Jadhav,Kavte mahankal,61,Arewadi,0.16,8.70,0.19,0.51,200.70,15.60,246.40,7.94,0.22,1.75,0.20,2.14,0.62
2346,6061,Shrinivas Ganpati Parekar,Kavte mahankal,270,Arewadi,0.40,8.62,0.25,0.46,188.16,13.37,448.00,6.67,0.26,0.99,0.36,1.32,0.54
2347,6062,Somnath Shrirang Kolekar,Kavte mahankal,896,Arewadi,0.40,8.65,0.26,0.51,175.62,11.14,347.20,7.72,0.24,1.00,0.22,1.82,0.50
2348,6063,Sopan Dhondiba Kolekar,Kavte mahankal,924,Arewadi,0.40,8.62,0.13,0.44,213.25,10.25,201.60,12.43,0.20,1.05,0.20,2.08,1.90
2349,6064,Subhash Suryaba Kolekar,Kavte mahankal,887,Arewadi,0.40,8.65,0.20,0.49,200.70,13.82,134.40,11.56,0.26,1.08,0.22,2.34,1.02
2350,6065,Sudhir Shivaji Kolekar,Kavte mahankal,667,Arewadi,0.40,8.66,0.18,0.54,175.62,15.60,246.40,12.52,0.20,1.16,0.26,1.28,0.34
2351,6066,Sukhdev Nivrutti Kolekar,Kavte mahankal,261,Arewadi,0.40,8.62,0.19,0.57,163.07,14.26,313.60,12.74,0.26,1.02,0.38,1.66,1.44
2352,6067,Suryaba Dada Kolekar,Kavte mahankal,880,Arewadi,0.10,8.66,0.14,0.46,188.16,19.61,235.20,11.21,0.20,1.13,0.34,1.70,2.18
2353,6068,Suryaba Sayappa Kolekar,Kavte mahankal,671,Arewadi,0.40,8.62,0.32,0.44,163.07,18.28,179.20,10.29,0.28,1.08,0.38,2.96,1.06
2354,6069,Tanaji Hari Kolekar,Kavte mahankal,844,Arewadi,0.40,8.61,0.33,0.46,213.25,15.60,134.40,14.83,0.24,1.43,0.20,1.44,0.90
2355,6070,Tanaji Krushna Kengar,Kavte mahankal,334,Arewadi,0.40,8.67,0.25,0.47,175.62,16.05,201.60,12.56,0.20,1.46,0.20,2.08,0.80
2356,6071,Tanaji Rajaram Jadhav,Kavte mahankal,60,Arewadi,0.16,8.69,0.26,0.57,200.70,14.71,369.60,13.43,0.22,1.46,0.22,1.96,0.38
2357,6072,Tarabai Sopan Kolekar,Kavte mahankal,670,Arewadi,0.40,8.62,0.12,0.58,200.70,12.48,414.40,13.13,0.26,1.03,0.36,1.64,1.96
2358,6073,Vasant Nivrutti Patil,Kavte mahankal,53,Arewadi,0.40,8.71,0.12,0.69,163.07,11.14,436.80,12.00,0.28,1.52,0.22,1.78,1.26
2359,6074,Vilas Lakshmn Thombare,Kavte mahankal,607,Arewadi,0.40,8.64,0.25,0.71,225.79,14.26,291.20,14.96,0.32,0.96,0.36,1.30,1.22
2360,6075,Vithal Balvant Suryvanshi,Kavte mahankal,214,Arewadi,0.40,8.67,0.23,0.63,188.16,14.71,313.60,13.96,0.26,1.50,0.36,1.32,0.34
2361,6076,Vithhal Rama Kolekar,Kavte mahankal,399,Arewadi,0.40,8.70,0.22,0.71,163.07,16.05,324.80,15.44,0.26,1.49,0.34,3.12,0.40
2362,6077,Walappa Aba Kolekar,Kavte mahankal,746,Arewadi,0.40,8.69,0.32,0.60,225.79,16.49,358.40,14.44,0.28,1.02,0.38,1.54,0.98
2363,6078,Yashwant Govind Kolekar,Kavte mahankal,474,Arewadi,0.40,8.60,0.24,0.50,288.51,16.94,425.60,12.74,0.20,1.07,0.22,1.56,1.04
2364,6079,Dhananjay Vitthal Kolekar,Kavte mahankal,845,Arewadi,0.40,8.68,0.14,0.54,225.79,15.60,436.80,12.39,0.28,1.65,0.24,1.58,0.36
2365,6080,Dhulappa Vishnu Kolekar,Kavte mahankal,55,Arewadi,0.40,8.67,0.26,0.43,250.88,14.71,459.20,13.30,0.26,1.54,0.20,1.42,2.04
2366,6081,Prakash Gaurappa Kolekar,Kavte mahankal,197,Arewadi,0.40,8.63,0.22,0.54,175.62,16.49,212.80,13.57,0.22,1.05,0.24,1.24,1.62
2367,6082,Raosaheb Ananda Jadhav,Kavte mahankal,60,Arewadi,0.4,8.62,0.17,0.61,175.62,14.26,246,12.48,0.38,1.08,0.30,1.38,0.34
2368,6083,Abasaheb Tukaram Tele,Kavte mahankal,873,Kuktoli,1.60,7.82,0.80,0.90,163.07,12.93,212.80,14.70,1.50,1.68,0.66,0.26,1.82
2369,6084,Ananda Maruti Kadam,Kavte mahankal,597,Kuktoli,0.40,8.02,0.30,0.93,238.34,6.69,336.00,13.61,0.20,1.19,0.40,0.72,1.44
2370,6085,Anil Babaso Borade,Kavte mahankal,801,Kuktoli,0.30,8.16,0.31,0.85,213.25,23.63,201.60,12.78,0.82,1.45,0.44,0.68,2.38
2371,6086,Anil Sambhaji Patil,Kavte mahankal,841,Kuktoli,2.05,8.17,0.17,0.71,175.62,15.60,268.80,17.88,1.14,1.20,0.48,0.24,1.06
2372,6087,Ankushrao Kallu Hajare,Kavte mahankal,60,Kuktoli,1.61,8.07,0.30,0.90,200.70,25.41,470.40,17.19,1.26,1.07,0.52,0.90,3.64
2373,6088,Annaso Laxman Punekar,Kavte mahankal,874,Kuktoli,1.10,8.22,0.18,0.51,238.34,26.75,168.00,9.81,0.66,1.68,0.56,0.84,2.80
2374,6089,Arjun Vithoba Karande,Kavte mahankal,841,Kuktoli,0.52,8.20,0.15,0.90,213.25,19.17,268.80,12.04,0.26,1.08,0.54,1.04,1.38
2375,6090,Ashok Bhimrao Chaugule,Kavte mahankal,154,Kuktoli,0.62,8.20,0.17,0.74,163.07,14.71,302.40,10.34,0.70,1.03,0.60,0.98,2.44
2376,6091,Ashok Keshav Karande,Kavte mahankal,841,Kuktoli,1.21,8.03,0.18,0.90,200.70,24.07,313.60,9.51,0.34,1.54,0.66,0.88,3.52
2377,6092,Balaso Annapa Sutar,Kavte mahankal,448,Kuktoli,0.30,8.15,0.26,0.69,200.70,22.73,504.00,10.16,0.44,1.02,0.60,0.56,1.70
2378,6093,Balaso Pralhad Pasale,Kavte mahankal,714,Kuktoli,0.30,8.07,0.18,0.83,213.25,26.75,459.20,12.08,0.70,1.55,0.80,0.30,1.44
2379,6094,Bharati Jalindar Chavan,Kavte mahankal,721,Kuktoli,0.80,8.26,0.17,0.85,175.62,15.60,324.80,13.74,1.20,1.60,0.78,1.74,2.22
2380,6095,Chandrakant Sukhadev Sutar,Kavte mahankal,448,Kuktoli,0.50,8.18,0.16,0.89,150.53,25.41,246.40,14.92,0.22,1.12,0.78,1.36,0.70
2381,6096,Dadaso Shamrao Rakate,Kavte mahankal,832,Kuktoli,0.20,8.05,0.35,0.82,200.70,22.73,268.80,13.30,1.74,1.15,0.88,1.82,2.56
2382,6097,Dashrath Vithoba Karande,Kavte mahankal,841,Kuktoli,0.80,8.31,0.12,0.86,175.62,20.06,224.00,12.48,0.30,1.73,0.90,0.52,1.76
2383,6098,Dattatray Keshav Pasale,Kavte mahankal,714,Kuktoli,0.20,8.06,0.22,0.75,238.34,17.83,257.60,9.07,0.34,0.93,1.04,2.50,1.76
2384,6099,Dattatray Maruti Sadamate,Kavte mahankal,162,Kuktoli,0.40,7.91,0.49,0.83,200.70,15.60,235.20,12.21,1.16,1.53,1.02,0.98,1.84
2385,6100,Dattatray Pandurang Kadam,Kavte mahankal,599,Kuktoli,0.30,7.93,0.42,0.86,213.25,13.82,224.00,12.69,0.26,1.04,1.18,1.38,1.20
2386,6101,Dattatray Tukaram Patil,Kavte mahankal,63,Kuktoli,0.25,8.20,0.17,0.92,175.62,14.26,201.60,11.43,0.24,1.19,1.10,1.06,1.10
2387,6102,Enka Vyankoji Pawar,Kavte mahankal,753,Kuktoli,0.40,8.33,0.09,0.85,175.62,16.49,190.40,11.95,0.66,1.65,1.20,0.38,2.58
2388,6103,Ganpati Sidhu Suryawanshi,Kavte mahankal,451,Kuktoli,0.40,8.19,0.19,0.75,225.79,17.83,291.20,10.21,1.00,1.75,1.28,0.74,1.94
2389,6104,Hanmant Laxman Nikam,Kavte mahankal,449,Kuktoli,0.30,8.17,0.21,0.75,225.79,18.28,448.00,11.47,1.26,1.12,1.32,1.74,1.30
2390,6105,Hari Parsu Kshirsagar,Kavte mahankal,757,Kuktoli,0.30,8.30,0.13,0.78,238.34,19.17,436.80,12.39,0.46,1.20,1.32,0.36,0.90
2391,6106,Himat Ramu Bandgar,Kavte mahankal,528,Kuktoli,0.40,7.94,0.33,0.92,213.25,23.63,459.20,10.25,0.30,1.68,1.52,0.34,0.96
2392,6107,Jalindar Kallu Hajare,Kavte mahankal,62,Kuktoli,1.60,8.13,0.16,0.81,275.97,22.29,246.40,8.16,0.60,1.12,1.70,0.40,1.64
2393,6108,Janabai Balu Kale,Kavte mahankal,723,Kuktoli,0.50,8.19,0.13,0.69,188.16,22.73,291.20,7.37,0.52,1.09,1.68,0.26,2.12
2394,6109,Khanderao Ganpati Waghmare,Kavte mahankal,73/3,Kuktoli,1.07,8.31,0.14,0.88,175.62,21.84,280.00,7.76,0.44,1.08,1.70,1.44,4.50
2395,6110,Lata Rajaram Borade,Kavte mahankal,802,Kuktoli,0.40,8.33,0.10,0.85,150.53,16.94,268.80,10.29,0.50,1.68,1.68,0.74,2.42
2396,6111,Laxman Bhimrao Chaugule,Kavte mahankal,154,Kuktoli,0.42,8.04,0.16,0.86,225.79,24.52,268.80,16.23,0.34,1.04,1.82,0.30,1.30
2397,6112,Laxman Piraji Gavali,Kavte mahankal,827,Kuktoli,1.20,8.17,0.16,0.74,200.70,22.73,324.80,12.43,0.30,1.15,1.80,0.82,1.62
2398,6113,Machindranath Krushna Bhandare,Kavte mahankal,686,Kuktoli,0.40,8.02,0.17,0.83,188.16,23.18,347.20,13.04,0.30,1.50,2.02,0.58,0.88
2399,6114,Mahadev Dajirao Yadav,Kavte mahankal,786,Kuktoli,0.80,8.14,0.22,0.86,225.79,22.29,470.40,10.51,0.44,1.60,2.04,0.20,1.56
2400,6115,Mahadevi Sarjerao Kadam,Kavte mahankal,604,Kuktoli,0.40,8.20,0.16,0.85,175.62,24.07,448.00,12.34,0.86,0.99,2.16,0.86,2.02
2401,6116,Maruti Gunda Nikam,Kavte mahankal,585,Kuktoli,0.30,8.26,0.13,0.79,188.16,20.06,425.60,17.93,1.68,1.57,2.12,0.50,1.98
2402,6117,Minakshi Sanjay Khandekar,Kavte mahankal,142,Kuktoli,1.10,8.08,0.30,0.82,200.70,19.61,302.40,17.71,0.98,1.62,2.32,1.76,2.24
2403,6118,Mohan Sambhaji Patil,Kavte mahankal,841,Kuktoli,2.06,8.29,0.20,0.56,188.16,23.18,291.20,18.97,0.76,2.01,2.22,1.22,2.94
2404,6119,Namdev Babu Rakate,Kavte mahankal,818,Kuktoli,0.40,8.17,0.12,0.65,200.70,27.19,313.60,16.27,0.54,1.12,2.24,0.22,2.16
2405,6120,Namdev Krushna Borade,Kavte mahankal,804,Kuktoli,0.30,8.18,0.16,0.76,175.62,21.84,470.40,14.00,0.38,1.25,2.48,1.14,2.38
2406,6121,Narayan Dhondiba Hakke,Kavte mahankal,737,Kuktoli,0.40,8.23,0.19,0.71,175.62,18.72,504.00,8.64,0.52,1.34,2.42,1.92,0.94
2407,6122,Nilabai Shivaji Bhosale,Kavte mahankal,787,Kuktoli,0.40,8.30,0.18,0.74,163.07,20.95,302.40,8.90,1.42,1.00,2.56,0.94,1.78
2408,6123,Pandit Dadu Tele,Kavte mahankal,873,Kuktoli,1.20,8.07,0.30,0.78,238.34,22.73,324.80,11.91,1.00,1.01,2.58,1.62,1.72
2409,6124,Pandurang Annapa Sutar,Kavte mahankal,448,Kuktoli,0.20,8.31,0.14,0.72,213.25,22.29,380.80,10.47,1.24,1.56,2.74,1.70,1.36
2410,6125,Parag Kisan Waghmare,Kavte mahankal,145,Kuktoli,1.50,8.25,0.26,0.79,188.16,25.85,403.20,11.12,1.62,1.56,2.56,0.50,1.40
2411,6126,Prakash Pandit Patil,Kavte mahankal,913,Kuktoli,0.30,8.19,0.20,0.74,163.07,23.18,201.60,12.30,0.42,1.62,2.78,0.52,2.30
2412,6127,Prakash Sahdev Ghode,Kavte mahankal,69,Kuktoli,2.81,8.10,0.44,0.83,200.70,21.40,190.40,14.92,0.96,1.75,2.66,0.36,4.04
2413,6128,Raghunath Dnyanu Padulkar,Kavte mahankal,810,Kuktoli,0.40,7.98,0.26,0.85,238.34,20.95,324.80,16.36,0.50,1.77,2.98,1.12,1.66
2414,6129,Rajaram Baban Mane,Kavte mahankal,818,Kuktoli,0.40,8.10,0.29,0.76,213.25,20.50,291.20,13.96,0.66,1.50,2.84,0.46,3.56
2415,6130,Rajaram Gangaram Waghmare,Kavte mahankal,100,Kuktoli,1.20,7.99,0.18,0.69,175.62,19.61,168.00,8.46,0.76,2.01,3.14,1.56,1.32
2416,6131,Raju Shripati Bhandare,Kavte mahankal,686,Kuktoli,0.20,8.21,0.25,0.56,163.07,20.06,268.80,10.95,0.82,1.97,3.02,0.50,1.58
2417,6132,Rangrao Dhondi Hakke,Kavte mahankal,737,Kuktoli,0.50,8.05,0.35,0.57,175.62,19.61,324.80,12.48,0.92,1.23,3.12,0.46,2.92
2418,6133,Ravsaheb Babu Hajare,Kavte mahankal,60,Kuktoli,0.63,8.25,0.29,0.74,200.70,21.84,459.20,11.08,1.44,1.25,3.28,2.02,1.98
2419,6134,Sagar Tukaram Kadam,Kavte mahankal,602,Kuktoli,0.40,8.29,0.17,0.76,188.16,18.28,414.40,10.16,2.04,1.97,3.30,1.36,1.30
2420,6135,Sajaykumar Balu Kole,Kavte mahankal,722,Kuktoli,0.50,8.08,0.28,0.56,213.25,19.17,448.00,9.51,1.44,2.01,3.40,0.44,3.38
2421,6136,Sambhaji Dattu Mane,Kavte mahankal,818,Kuktoli,0.40,8.19,0.24,0.72,200.70,18.72,470.40,10.64,0.80,1.21,3.38,0.70,3.64
2422,6137,Sanjay Baban Mane,Kavte mahankal,818,Kuktoli,0.40,8.17,0.25,0.79,225.79,17.83,235.20,13.35,1.82,1.00,3.70,1.76,4.34
2423,6138,Sanjay Bhimrao Chaugule,Kavte mahankal,154,Kuktoli,0.35,8.12,0.39,0.72,200.70,18.28,224.00,14.92,0.58,1.47,3.78,2.02,5.50
2424,6139,Sanpat Pandit Patil,Kavte mahankal,17,Kuktoli,0.30,8.33,0.15,0.78,175.62,19.61,190.40,15.66,2.40,1.53,3.66,1.86,1.70
2425,6140,Santosh Namdev Bandgar,Kavte mahankal,575,Kuktoli,0.40,8.26,0.34,0.79,188.16,20.95,179.20,12.43,2.12,1.55,3.66,1.52,3.92
2426,6141,Sarika Tukaram Waghmare,Kavte mahankal,142,Kuktoli,0.40,8.22,0.26,0.74,213.25,25.85,201.60,10.69,1.58,1.55,3.72,1.40,2.02
2427,6142,Sarjerao Sambhaji Kadam,Kavte mahankal,604,Kuktoli,0.40,8.05,0.22,0.75,213.25,21.40,224.00,12.78,2.48,1.95,3.82,0.76,5.78
2428,6143,Shankar Kashinath Waghmare,Kavte mahankal,106,Kuktoli,0.40,8.22,0.15,0.82,213.25,18.28,257.60,11.43,0.84,1.45,3.90,0.96,2.36
2429,6144,Sharad Navnath Bhandare,Kavte mahankal,686,Kuktoli,0.40,8.27,0.22,0.76,200.70,20.95,268.80,10.08,2.66,1.46,4.04,0.88,3.46
2430,6145,Shashikant Tukaram Tele,Kavte mahankal,873,Kuktoli,1.60,8.28,0.16,0.69,225.79,25.41,358.40,9.25,0.86,1.51,3.96,1.88,3.44
2431,6146,Shivaji Maruti Bandgar,Kavte mahankal,583,Kuktoli,0.30,8.02,0.18,0.78,150.53,21.84,380.80,8.03,3.26,1.56,4.02,0.68,2.04
2432,6147,Shivaji Namdev Sutar,Kavte mahankal,697,Kuktoli,0.50,8.23,0.19,0.74,238.34,21.84,235.20,8.38,0.70,1.07,4.00,0.20,2.00
2433,6148,Shivaji Pandurang Borade,Kavte mahankal,805,Kuktoli,0.30,8.11,0.19,0.75,213.25,20.06,190.40,7.55,1.80,0.98,4.06,0.48,6.52
2434,6149,Shivaji Pandurang Patil,Kavte mahankal,63,Kuktoli,0.24,8.50,0.16,0.67,163.07,19.17,123.20,7.24,0.82,2.01,4.10,1.86,3.04
2435,6150,Shivaji Ramchandra Gaikwad,Kavte mahankal,852,Kuktoli,0.90,8.22,0.16,0.63,200.70,18.28,268.80,10.34,0.98,0.97,4.10,0.76,1.20
2436,6151,Shivaji Ramu Patil,Kavte mahankal,715,Kuktoli,0.50,8.12,0.29,0.85,200.70,24.52,168.00,11.30,0.80,1.47,4.18,0.48,1.70
2437,6152,Shivaji Sidhu Suryawanshi,Kavte mahankal,544,Kuktoli,0.50,7.80,0.19,0.82,163.07,25.41,324.80,11.78,3.80,0.98,4.20,0.34,1.10
2438,6153,Shripati Babu Hajare,Kavte mahankal,60,Kuktoli,0.62,8.38,0.21,0.68,213.25,17.83,179.20,13.61,0.76,1.55,4.28,1.82,3.38
2439,6154,Shripati Nivruti Borade,Kavte mahankal,805,Kuktoli,0.40,8.23,0.18,0.76,213.25,20.06,268.80,15.88,1.96,1.53,4.28,3.34,2.30
2440,6155,Subhash Shankar Shejul,Kavte mahankal,518,Kuktoli,0.40,8.24,0.17,0.79,200.70,17.83,246.40,16.84,1.50,1.80,4.38,0.24,1.54
2441,6156,Sudam Gunda Nikam,Kavte mahankal,585,Kuktoli,0.40,8.18,0.26,0.75,213.25,20.06,448.00,10.77,0.46,1.47,4.36,0.66,1.16
2442,6157,Sudam Keshav Pasale,Kavte mahankal,714,Kuktoli,0.40,8.41,0.23,0.83,163.07,20.50,481.60,17.88,0.20,1.00,4.36,0.52,3.34
2443,6158,Suman Ganpati Borade,Kavte mahankal,804,Kuktoli,0.30,8.26,0.18,0.65,175.62,22.73,403.20,7.24,0.28,0.93,4.36,2.18,2.08
2444,6159,Sunanda Namdev Sitar,Kavte mahankal,697,Kuktoli,0.40,8.23,0.22,0.60,200.70,16.94,380.80,10.60,0.86,1.15,4.20,2.30,2.18
2445,6160,Sunil Babaso Borade,Kavte mahankal,804,Kuktoli,0.40,8.19,0.23,0.72,150.53,18.72,268.80,11.56,0.70,1.67,4.20,0.44,1.20
2446,6161,Sunil Tanaji Pawar,Kavte mahankal,840,Kuktoli,0.30,8.26,0.21,0.76,213.25,26.30,257.60,12.82,0.36,1.97,4.28,1.32,0.84
2447,6162,Sunita Shankar Dombale,Kavte mahankal,154,Kuktoli,0.40,8.15,0.18,0.65,213.25,27.19,224.00,11.43,0.24,0.97,4.50,0.62,0.74
2448,6163,Tanaji Ramchandra Patil,Kavte mahankal,658,Kuktoli,1.30,8.10,0.34,0.68,238.34,23.63,246.40,10.08,0.66,1.07,4.40,4.00,1.06
2449,6164,Tejas Abasaheb Tele,Kavte mahankal,873,Kuktoli,1.76,8.08,0.52,0.60,163.07,18.72,302.40,11.69,1.72,1.15,4.54,1.10,0.74
2450,6165,Tukaram Maruti Kadam,Kavte mahankal,597,Kuktoli,0.40,8.20,0.29,0.67,175.62,22.73,212.80,9.55,0.84,1.12,4.74,3.22,1.32
2451,6166,Ushatai Yasrao Shelake,Kavte mahankal,169,Kuktoli,1.20,8.28,0.28,0.58,163.07,21.84,190.40,9.77,1.22,1.23,1.10,0.86,0.74
2452,6167,Vasant Ganpati Pawar,Kavte mahankal,808,Kuktoli,0.40,8.17,0.14,0.85,200.70,16.94,268.80,11.04,0.50,1.51,0.50,1.60,0.46
2453,6168,Vijay Ganpati Borade,Kavte mahankal,804,Kuktoli,0.40,8.31,0.23,0.83,175.62,18.28,257.60,12.26,0.84,1.06,0.52,0.22,0.52
2454,6169,Vijay Kallu Hajare,Kavte mahankal,60,Kuktoli,1.58,8.07,0.64,0.81,175.62,19.17,459.20,10.73,0.26,1.01,0.46,0.38,0.48
2455,6170,Vijay Shivaji Patil,Kavte mahankal,715,Kuktoli,0.40,8.38,0.20,0.58,200.70,19.61,492.80,17.97,0.48,1.60,0.50,2.62,1.78
2456,6171,Vilas Sakharam Pawar,Kavte mahankal,801,Kuktoli,0.80,8.42,0.14,0.42,200.70,20.06,246.40,17.14,1.82,1.07,0.48,0.66,2.44
2457,6172,Vimal Baban Gaikwad,Kavte mahankal,825,Kuktoli,0.55,8.10,0.29,0.63,175.62,21.40,190.40,18.28,1.90,1.30,0.44,0.22,4.08
2458,6173,Vineshkumar Pralhad Pasale,Kavte mahankal,714,Kuktoli,0.30,8.13,0.30,0.67,175.62,21.84,257.60,12.82,0.78,1.31,0.48,1.92,3.04
2459,6174,Vishwanath Ramchandra Gaikwad,Kavte mahankal,852,Kuktoli,0.50,8.30,0.24,0.56,200.70,16.49,212.80,11.69,0.22,1.30,0.46,0.60,2.44
2460,6175,Aravind Maruti Nikam,Kavte mahankal,328,Tisangi,0.80,7.88,0.10,0.63,213.25,24.52,246.40,14.70,0.54,0.73,0.80,0.54,1.52
2461,6176,Adhikarav Yeshwant Kamble,Kavte mahankal,247,Tisangi,0.80,8.00,0.10,0.49,163.07,12.04,212.80,13.52,0.20,1.22,0.40,0.48,1.78
2462,6177,Anil Ashok Shinde,Kavte mahankal,215,Tisangi,0.80,8.17,0.10,0.49,200.70,9.36,235.20,12.34,0.28,1.17,0.44,0.20,1.60
2463,6178,Arun Bhagwan Malme,Kavte mahankal,414,Tisangi,0.80,7.85,0.10,0.35,163.07,22.29,291.20,8.03,0.22,0.69,0.38,0.40,1.72
2464,6179,Arjun Bhimrao Patil,Kavte mahankal,250,Tisangi,0.80,8.12,0.10,0.47,188.16,17.83,302.40,10.77,0.56,1.18,0.38,0.40,1.28
2465,6180,Alakka Pralhad Jadhav,Kavte mahankal,272,Tisangi,0.80,7.98,0.10,0.57,225.79,18.28,313.60,8.59,0.30,1.08,0.38,0.24,1.76
2466,6181,Avdhut Pralhad Jadhav,Kavte mahankal,272,Tisangi,0.80,7.88,0.11,0.49,188.16,19.61,224.00,7.76,0.30,1.58,0.34,0.42,1.36
2467,6182,Anandrao Sitaram Jadhav,Kavte mahankal,367,Tisangi,0.80,7.84,0.16,0.49,200.70,11.14,268.80,8.24,0.24,1.63,0.34,0.52,1.32
2468,6183,Appaso Gunda Ghadge,Kavte mahankal,248,Tisangi,0.80,7.10,0.13,0.75,225.79,20.06,291.20,11.86,0.34,1.59,0.34,0.66,0.98
2469,6184,Ishwara Rama Kamble,Kavte mahankal,348,Tisangi,0.80,7.30,0.15,0.49,213.25,12.04,313.60,9.95,0.64,0.63,0.36,0.34,1.36
2470,6185,Uttam Shivaji Jhambare,Kavte mahankal,47,Tisangi,0.80,7.20,0.10,0.76,200.70,20.06,179.20,10.91,0.20,0.52,0.42,0.54,1.60
2471,6186,Usha Vishwas Pol,Kavte mahankal,651,Tisangi,0.40,7.33,0.10,0.53,175.62,14.71,190.40,8.11,0.32,1.14,0.36,0.32,1.22
2472,6187,Keshav Sadashiv Kadam,Kavte mahankal,314,Tisangi,1.00,7.69,0.10,0.24,188.16,10.25,168.00,9.03,0.50,1.09,0.40,0.52,0.94
2473,6188,Kailas Shankar Bhosale,Kavte mahankal,211,Tisangi,0.80,8.17,0.10,0.35,225.79,15.60,347.20,11.12,0.38,1.02,0.36,0.78,1.12
2474,6189,Ganesh Ramchandra Patil,Kavte mahankal,416,Tisangi,0.80,8.31,0.10,0.76,200.70,19.17,380.80,12.13,0.54,1.12,0.34,0.78,1.10
2475,6190,Govind Ganpati Patil,Kavte mahankal,342,Tisangi,0.40,8.06,0.10,0.47,225.79,25.41,168.00,12.78,0.44,1.97,0.34,0.38,0.98
2476,6191,Jagnath Narayan Shinde,Kavte mahankal,206,Tisangi,0.80,8.16,0.11,0.71,188.16,15.16,324.80,13.30,0.20,1.23,0.32,0.58,0.96
2477,6192,Jaydeep Neelkanthrao Pol,Kavte mahankal,446,Tisangi,0.40,8.09,0.11,0.43,200.70,26.75,425.60,8.64,0.26,1.62,0.34,0.64,1.30
2478,6193,Tanaji Bapu Shinde,Kavte mahankal,343,Tisangi,0.80,8.25,0.10,0.35,213.25,31.20,369.60,8.99,0.60,1.61,0.34,0.46,1.24
2479,6194,Tanaji Sakharam Patil,Kavte mahankal,344,Tisangi,0.40,8.13,0.10,0.49,213.25,31.65,190.40,8.29,0.24,0.71,0.34,0.36,2.20
2480,6195,Dilip Pandurang Dubule,Kavte mahankal,350,Tisangi,0.80,8.11,0.12,0.83,200.70,15.60,436.80,10.77,0.32,1.00,0.36,0.52,0.70
2481,6196,Deepak Maruti Bhosale,Kavte mahankal,36,Tisangi,0.80,8.27,0.15,0.47,188.16,17.83,291.20,8.64,0.36,1.05,0.42,0.34,1.58
2482,6197,Nadkumar Ramchandra Kadam,Kavte mahankal,584,Tisangi,0.80,8.05,0.11,0.49,213.25,24.96,156.80,10.29,0.28,1.59,0.42,0.56,0.62
2483,6198,Nandkumar Sadashiv Gaikwad,Kavte mahankal,146,Tisangi,2.00,7.79,0.11,0.47,238.34,15.60,201.60,4.71,0.80,2.01,0.40,0.40,0.30
2484,6199,Namdev Hanmantrao Patil,Kavte mahankal,375,Tisangi,0.80,8.08,0.10,0.49,225.79,13.37,224.00,9.16,0.26,1.11,0.40,0.30,2.22
2485,6200,Nitaji Dhondiram Patil,Kavte mahankal,405,Tisangi,1.00,8.09,0.15,0.76,188.16,19.61,268.80,12.00,0.62,1.06,0.38,1.02,1.32
2486,6201,Neeta Prabhakar Pol,Kavte mahankal,233,Tisangi,0.80,8.31,0.10,0.49,200.70,18.28,302.40,8.20,0.50,1.10,0.36,0.78,1.32
2487,6202,Netaji Lalaso Shinde,Kavte mahankal,460,Tisangi,1.00,8.29,0.11,0.61,175.62,23.18,336.00,11.38,0.54,1.59,0.38,0.60,1.16
2488,6203,Parvati Mahadev Kashid,Kavte mahankal,142,Tisangi,0.40,8.19,0.10,0.51,188.16,22.29,380.80,11.12,0.47,1.12,0.32,0.54,1.20
2489,6204,Popat Shivaji Jhambare,Kavte mahankal,312,Tisangi,0.80,8.17,0.10,0.49,213.25,20.06,414.40,8.85,0.20,1.25,0.38,0.64,1.00
2490,6205,Pratap Rajaram Patil,Kavte mahankal,334,Tisangi,0.80,8.17,0.10,0.49,200.70,18.28,179.20,9.38,0.50,1.34,0.40,0.48,0.86
2491,6206,Pradeep Vitthal Patil,Kavte mahankal,379,Tisangi,0.80,8.37,0.10,0.28,188.16,19.61,257.60,8.99,0.76,1.01,0.38,0.20,1.12
2492,6207,Prafullkumar Basappa Savale,Kavte mahankal,64,Tisangi,0.80,8.24,0.11,0.49,200.70,23.63,235.20,9.16,0.52,1.05,0.40,0.40,1.58
2493,6208,Prabhakar Sadashiv Pol,Kavte mahankal,853,Tisangi,0.80,8.17,0.10,0.64,188.16,14.26,336.00,10.03,0.38,1.56,0.38,0.76,1.56
2494,6209,Pramod Basappa Savale,Kavte mahankal,510,Tisangi,0.50,8.45,0.10,0.49,225.79,14.71,268.80,10.77,0.34,1.75,0.34,0.56,0.92
2495,6210,Pramod Ramrao Patil,Kavte mahankal,414,Tisangi,0.80,7.98,0.16,0.35,213.25,15.16,414.40,9.51,0.60,1.50,0.38,0.36,1.36
2496,6211,Prashant Lalaso Shinde,Kavte mahankal,689,Tisangi,0.80,8.14,0.12,0.42,238.34,17.38,324.80,10.25,0.32,2.00,0.38,0.36,1.14
2497,6212,Bajrang Govind Patil,Kavte mahankal,410,Tisangi,0.80,8.09,0.13,0.53,200.70,19.61,201.60,11.86,0.52,1.23,0.36,0.50,1.24
2498,6213,Babaso Shivaji Patil,Kavte mahankal,310,Tisangi,0.80,7.99,0.14,0.49,188.16,18.72,470.40,10.91,0.38,1.97,0.38,0.36,1.64
2499,6214,Balu Annapa Mandale,Kavte mahankal,138,Tisangi,0.80,8.20,0.16,0.35,225.79,16.94,235.20,9.81,0.48,1.99,0.36,0.42,1.32
2500,6215,Bhagwan Narayan Patil,Kavte mahankal,25,Tisangi,0.80,7.94,0.17,0.39,175.62,15.60,291.20,9.42,0.72,1.00,0.34,0.54,0.88
2501,6216,Bhagyashri Rajendra Gurav,Kavte mahankal,581,Tisangi,0.40,8.30,0.10,0.47,213.25,16.49,156.80,12.13,0.24,1.08,0.36,0.28,1.08
2502,6217,Bhamabai Dattajirao Patil,Kavte mahankal,402,Tisangi,0.80,8.30,0.10,0.46,188.16,15.16,313.60,8.94,0.50,1.61,0.34,0.98,0.80
2503,6218,Bharat Appa Kadam,Kavte mahankal,437,Tisangi,0.80,8.21,0.10,0.35,200.70,20.50,235.20,9.20,0.30,0.60,0.36,0.24,1.56
2504,6219,Bhikku Hari Jadhav,Kavte mahankal,21,Tisangi,0.80,8.38,0.10,0.35,238.34,22.73,168.00,13.91,0.48,1.65,0.32,0.66,1.08
2505,6220,Mangal Baban Jadhav,Kavte mahankal,489,Tisangi,1.00,8.41,0.11,0.49,200.70,22.29,190.40,10.29,0.40,1.49,0.40,0.36,1.20
2506,6221,Mahadev Baban Jadhav,Kavte mahankal,311,Tisangi,1.00,8.40,0.10,0.51,213.25,23.63,369.60,13.52,0.54,1.62,0.56,0.56,0.94
2507,6222,Mahadev Vitthal Patil,Kavte mahankal,411,Tisangi,0.80,8.26,0.10,0.42,213.25,22.29,448.00,9.95,0.50,1.55,0.34,0.68,1.56
2508,6223,Manik Dattu Ingale,Kavte mahankal,278,Tisangi,0.40,8.23,0.11,0.63,188.16,23.18,347.20,12.43,0.60,1.56,0.38,0.74,0.94
2509,6224,Maruti Bapu Pawar,Kavte mahankal,892,Tisangi,0.80,8.20,0.10,0.51,175.62,24.52,257.60,11.38,0.42,1.46,0.38,0.32,1.10
2510,6225,Ranjana Mohan Ranshinge,Kavte mahankal,63,Tisangi,2.00,8.35,0.12,0.39,238.34,22.29,224.00,9.07,0.66,1.49,0.34,1.06,1.14
2511,6226,Raghunath Jaywant Jadhav,Kavte mahankal,385,Tisangi,0.80,8.10,0.10,0.50,188.16,27.19,246.40,9.38,0.36,1.52,0.38,0.52,2.34
2512,6227,Ranjit Ranoji Patil,Kavte mahankal,267,Tisangi,0.40,8.40,0.11,0.58,225.79,19.17,235.20,12.21,0.22,1.49,0.36,0.34,1.10
2513,6228,Ramesh Dattajirao Shinde,Kavte mahankal,401,Tisangi,0.40,8.41,0.10,0.50,188.16,14.26,156.80,12.00,0.36,1.41,0.34,1.24,0.86
2514,6229,Ravindra Ramchandra Patil,Kavte mahankal,248,Tisangi,0.80,8.35,0.10,0.53,175.62,18.28,190.40,10.25,0.56,1.36,0.38,3.16,1.08
2515,6230,Rajabai Vithoba Kadam,Kavte mahankal,172,Tisangi,2.00,8.30,0.10,0.71,213.25,17.83,201.60,13.96,0.32,1.39,0.38,0.72,0.54
2516,6231,Rajaram Sarjerao Jhambare,Kavte mahankal,311,Tisangi,0.80,8.45,0.11,0.51,200.70,21.40,291.20,12.74,0.42,1.60,0.36,2.22,0.94
2517,6232,Rajendra Anant Kulkarni,Kavte mahankal,386,Tisangi,0.80,8.21,0.10,0.71,238.34,19.17,324.80,8.20,0.34,0.98,0.34,0.66,0.72
2518,6233,Rajendra Maruti Patil,Kavte mahankal,888,Tisangi,0.80,8.22,0.11,0.54,213.25,20.95,403.20,11.56,0.72,1.15,0.38,0.42,1.06
2519,6234,Ravsaheb Pandurang Dubule,Kavte mahankal,350,Tisangi,0.40,8.17,0.12,0.38,175.62,18.72,481.60,8.90,0.52,1.15,0.38,0.48,0.88
2520,6235,Rahul Ramchandra Patil,Kavte mahankal,243,Tisangi,0.80,8.29,0.12,0.36,188.16,24.96,448.00,12.43,0.76,1.44,0.44,0.40,0.84
2521,6236,Rekha Ravsaheb Patil,Kavte mahankal,396,Tisangi,0.40,8.20,0.10,0.71,225.79,22.73,470.40,9.07,0.52,0.98,0.38,0.48,1.30
2522,6237,Rohit Bajrang Jhambare,Kavte mahankal,512,Tisangi,0.80,8.21,0.12,0.47,200.70,22.29,280.00,11.12,0.66,1.50,0.38,0.38,1.02
2523,6238,Lalaso Shivaji Shinde,Kavte mahankal,414,Tisangi,0.80,8.20,0.13,0.51,188.16,20.06,246.40,10.91,0.66,1.12,0.46,0.34,1.64
2524,6239,Vaman Vilasrao Kadam,Kavte mahankal,336,Tisangi,0.80,8.14,0.13,0.57,238.34,18.28,392.00,10.12,0.60,1.11,0.54,0.36,1.32
2525,6240,Vikas Subhash Jadhav,Kavte mahankal,385,Tisangi,0.80,8.37,0.11,0.50,213.25,19.61,347.20,12.13,0.56,1.10,0.42,0.64,2.00
2526,6241,Vijay Rajaram Patil,Kavte mahankal,432,Tisangi,0.80,8.35,0.10,0.40,225.79,23.18,268.80,15.14,0.96,0.98,0.48,0.58,2.06
2527,6242,Vijaya Udaysingh Gaikwad,Kavte mahankal,277,Tisangi,0.80,8.35,0.11,0.44,213.25,19.17,179.20,10.47,0.68,1.00,0.50,0.50,0.90
2528,6243,Vijaya Vinayak Pol,Kavte mahankal,26,Tisangi,0.80,8.40,0.12,0.72,250.88,14.71,212.80,10.38,0.90,1.01,0.40,0.24,1.00
2529,6244,Vitthal Pandurang Patil,Kavte mahankal,228,Tisangi,0.80,8.22,0.10,0.53,225.79,20.95,224.00,13.52,0.52,1.06,0.46,0.54,0.82
2530,6245,Vinay Suryakant Patil,Kavte mahankal,418,Tisangi,0.80,8.19,0.13,0.53,213.25,28.08,414.40,9.55,0.76,1.15,0.56,0.46,1.02
2531,6246,Vishwasrao Laxman Patil,Kavte mahankal,414,Tisangi,0.80,8.19,0.10,0.49,200.70,25.41,358.40,9.90,0.60,1.65,0.60,0.44,1.06
2532,6247,Vaibhav Vishwasrao Pol,Kavte mahankal,647,Tisangi,0.80,8.36,0.12,0.75,238.34,15.16,268.80,10.25,0.80,1.64,0.64,0.44,2.16
2533,6248,Shakuntala Namdev Kadam,Kavte mahankal,408,Tisangi,0.80,8.17,0.11,0.68,188.16,17.38,403.20,11.86,0.76,1.52,0.74,0.42,1.60
2534,6249,Shilaji Pralhad Pol,Kavte mahankal,400,Tisangi,0.80,8.27,0.10,0.71,200.70,20.06,358.40,10.91,0.66,1.72,0.36,0.48,1.42
2535,6250,Shivaji Sakharam Shinde,Kavte mahankal,431,Tisangi,0.80,8.31,0.10,0.46,213.25,12.93,336.00,11.69,0.68,1.77,0.32,0.76,1.96
2536,6251,Sangeeta Babaso Kharade,Kavte mahankal,24,Tisangi,0.80,8.48,0.10,0.40,225.79,25.85,212.80,9.42,0.86,1.82,0.30,0.46,1.78
2537,6252,Sanjay Ramchandra Shinde,Kavte mahankal,273,Tisangi,0.80,8.28,0.11,0.61,200.70,12.93,425.60,11.12,0.70,1.75,0.40,0.34,1.26
2538,6253,Santosh Jagnath Nakte,Kavte mahankal,412,Tisangi,0.80,8.25,0.10,0.64,188.16,15.60,257.60,11.78,0.56,1.70,0.46,0.64,1.02
2539,6254,Santosh Neelkanth Wale,Kavte mahankal,471,Tisangi,0.80,8.27,0.11,0.53,238.34,17.83,347.20,8.94,0.64,1.54,0.44,0.62,0.92
2540,6255,Sampatrao Dattajirao Gaikwad,Kavte mahankal,27,Tisangi,0.80,8.23,0.14,0.44,213.25,16.05,268.80,12.65,0.86,1.03,0.42,0.72,0.24
2541,6256,Sampatrao Sadashiv Patil,Kavte mahankal,646,Tisangi,0.80,8.26,0.13,0.50,200.70,12.93,246.40,10.77,0.80,1.45,0.52,0.50,0.28
2542,6257,Sambhaji Sadashiv Patil,Kavte mahankal,233,Tisangi,0.50,8.11,0.10,0.47,188.16,16.94,179.20,10.29,0.66,1.45,0.58,0.48,0.34
2543,6258,Sadashiv Deuba Gaikwad,Kavte mahankal,384,Tisangi,0.40,8.19,0.10,0.65,225.79,20.95,201.60,10.03,0.58,1.23,0.62,0.66,0.32
2544,6259,Samadhan Tukaram Kadam,Kavte mahankal,339,Tisangi,0.80,8.45,0.11,0.76,200.70,20.06,313.60,13.35,0.88,1.39,0.36,0.20,0.22
2545,6260,Sarubai Rangrao Kadam,Kavte mahankal,28,Tisangi,0.80,8.18,0.10,0.67,213.25,18.72,380.80,12.43,0.44,1.70,0.48,0.72,1.04
2546,6261,Salubai Rangrao Kamble,Kavte mahankal,235,Tisangi,0.80,8.28,0.10,0.69,225.79,24.07,436.80,11.38,0.68,1.85,0.58,0.68,1.46
2547,6262,Sudhakar Jaysing Patil,Kavte mahankal,414,Tisangi,0.40,8.19,0.11,0.43,213.25,23.63,268.80,8.85,0.58,1.77,0.64,0.62,1.38
2548,6263,Sunita Shashikant Mandale,Kavte mahankal,137,Tisangi,0.40,8.27,0.12,0.72,225.79,22.73,291.20,9.12,0.76,1.49,0.68,0.54,0.74
2549,6264,Suresh Pandurang Jadhav,Kavte mahankal,312,Tisangi,0.80,8.17,0.11,0.82,188.16,17.83,201.60,9.60,0.70,1.00,0.52,0.50,0.98
2550,6265,Suvarna Dashrath Kadam,Kavte mahankal,321,Tisangi,0.40,8.34,0.11,0.60,238.34,21.84,436.80,12.00,0.52,0.97,0.38,0.70,1.30
2551,6266,Sushil Gunwantrao Pol,Kavte mahankal,138,Tisangi,0.80,8.10,0.12,0.57,200.70,18.72,302.40,14.22,0.70,1.59,0.46,0.78,0.78
2552,6267,Aanada Sitaram Hankare,Kavte mahankal,24,Garjewadi,0.40,7.46,0.39,0.89,213.25,20.06,212.80,10.25,3.14,1.33,0.20,0.50,1.12
2553,6268,Aarjun Shripathi Shingade,Kavte mahankal,108,Garjewadi,0.40,7.52,0.36,0.49,213.25,16.94,302.40,10.77,3.72,1.33,0.34,0.30,11.82
2554,6269,Ambutai Aapaso Shinde,Kavte mahankal,170,Garjewadi,0.40,7.54,0.36,0.49,225.79,16.05,380.80,10.03,2.98,1.83,0.20,0.32,11.66
2555,6270,Anil Subrao Nalvde,Kavte mahankal,29,Garjewadi,0.40,7.56,0.31,0.43,200.70,20.06,336.00,12.39,3.34,1.83,0.26,0.26,12.36
2556,6271,Ankush Eshvar Hake,Kavte mahankal,28,Garjewadi,0.40,7.54,0.36,0.76,238.34,25.41,235.20,11.78,2.90,1.83,0.26,0.20,9.40
2557,6272,Ashok Bhimrao Shinde,Kavte mahankal,116,Garjewadi,0.40,7.56,0.36,0.85,263.42,24.07,268.80,13.52,3.34,0.81,0.28,0.22,12.86
2558,6273,Baban Eshvara Hakke,Kavte mahankal,28,Garjewadi,0.40,7.55,0.37,0.90,213.25,20.50,168.00,9.47,2.60,1.28,0.30,0.38,9.90
2559,6274,Baban Krushana Sarvade,Kavte mahankal,70,Garjewadi,0.40,7.56,0.37,0.69,225.79,14.71,201.60,8.94,2.42,0.73,0.38,0.32,8.56
2560,6275,Babaso Jagantha Gaikwad,Kavte mahankal,160,Garjewadi,0.40,7.57,0.36,0.88,200.70,28.97,403.20,10.12,3.80,1.13,0.34,0.24,10.12
2561,6276,Babaso Jivaji Hake,Kavte mahankal,192,Garjewadi,0.40,7.61,0.30,0.83,188.16,23.18,369.60,8.68,3.44,1.22,0.38,0.28,15.12
2562,6277,Babutai Dinkar Shinde,Kavte mahankal,116,Garjewadi,0.40,7.62,0.28,0.83,213.25,19.61,324.80,13.17,2.90,1.39,0.26,0.26,13.38
2563,6278,Balabai Tanaji Shelkhe,Kavte mahankal,188,Garjewadi,0.80,7.63,0.26,0.71,225.79,13.82,190.40,13.78,4.14,1.72,0.30,0.32,6.98
2564,6279,Balaso Hariba Sarvade,Kavte mahankal,7,Garjewadi,0.40,7.61,0.31,0.46,200.70,19.17,212.80,9.55,4.22,1.13,0.22,0.32,13.22
2565,6280,Bhart Aanapa Wagmode,Kavte mahankal,295,Garjewadi,0.40,7.64,0.29,0.69,250.88,22.29,224.00,11.52,2.48,1.72,0.24,0.24,10.92
2566,6281,Bhimrao Shankar Sarvade,Kavte mahankal,106,Garjewadi,0.80,7.66,0.28,0.85,213.25,23.18,291.20,11.12,2.20,1.58,0.26,0.36,10.78
2567,6282,Dadaso Jivaji Hake,Kavte mahankal,4,Garjewadi,0.40,7.64,0.29,0.88,225.79,29.42,313.60,10.12,2.96,1.63,0.78,0.22,10.96
2568,6283,Dattary Yeshvant Shinde,Kavte mahankal,75,Garjewadi,1.20,7.79,0.31,0.49,188.16,27.19,156.80,10.77,3.42,1.13,0.58,0.34,3.44
2569,6284,Deepak Tanaji Shelkhe,Kavte mahankal,188,Garjewadi,0.40,7.66,0.24,0.36,238.34,25.41,201.60,9.51,2.56,1.15,0.74,0.24,12.68
2570,6285,Dhondiram Ekanath Sutar,Kavte mahankal,82,Garjewadi,0.40,7.64,0.32,0.69,213.25,22.29,369.60,9.81,3.00,1.59,0.32,0.20,8.46
2571,6286,Dhondiram Yeshvant Shinde,Kavte mahankal,81,Garjewadi,0.80,7.65,0.35,0.71,250.88,21.40,459.20,9.03,3.10,1.03,0.38,0.34,10.78
2572,6287,Fadnis Bhiva Hake,Kavte mahankal,18,Garjewadi,0.40,7.62,0.27,0.49,225.79,20.50,492.80,9.95,2.58,0.98,0.38,0.36,6.20
2573,6288,Fulabai Bajirao Hake,Kavte mahankal,18,Garjewadi,0.40,7.60,0.30,0.83,188.16,17.38,470.40,8.11,2.82,1.00,0.20,2.68,9.06
2574,6289,Gangaram Sitaram Mandale,Kavte mahankal,124,Garjewadi,0.40,7.86,0.27,0.63,225.79,20.95,392.00,10.38,3.48,1.51,0.30,1.70,12.12
2575,6290,Ganpat Bhimrao Shinde,Kavte mahankal,283,Garjewadi,1.20,7.76,0.32,0.47,250.88,17.83,257.60,10.86,2.46,1.57,0.32,0.72,13.60
2576,6291,Gulab Pandurang Hake,Kavte mahankal,13,Garjewadi,0.40,7.71,0.30,0.51,238.34,22.73,201.60,12.43,3.88,1.76,0.54,0.30,8.36
2577,6292,Hausabai Aanapa Waghamode,Kavte mahankal,185,Garjewadi,0.40,7.70,0.31,0.76,202.33,23.18,448.00,12.17,3.72,1.82,0.48,0.50,13.96
2578,6293,Hindurao Prashuram Jagatap,Kavte mahankal,38,Garjewadi,0.40,7.68,0.28,0.83,224.16,27.64,324.80,10.43,1.72,1.87,0.56,0.46,10.40
2579,6294,Javed Balu Mulani,Kavte mahankal,74,Garjewadi,0.40,7.71,0.27,0.53,213.25,24.52,392.00,8.64,2.32,1.15,0.74,1.36,3.20
2580,6295,Jayashri Shankar Shelkhe,Kavte mahankal,183,Garjewadi,0.60,7.75,0.23,0.49,263.42,19.17,145.60,14.09,2.96,1.49,0.66,0.30,4.30
2581,6296,Jayesh Sahaji Sarvade,Kavte mahankal,7,Garjewadi,0.40,7.71,0.31,0.78,200.70,15.16,268.80,12.43,2.54,1.57,0.76,2.40,2.60
2582,6297,Jayshing Rambhau Hake,Kavte mahankal,2,Garjewadi,0.40,7.88,0.32,0.79,225.79,15.16,392.00,8.64,1.40,1.54,0.78,1.94,11.74
2583,6298,Kakaso Krushana Shinde,Kavte mahankal,143,Garjewadi,0.40,7.91,0.33,0.49,250.88,19.17,235.20,10.16,2.46,1.50,0.96,1.72,12.86
2584,6299,Kamlabai Bhimrao Lokare,Kavte mahankal,142,Garjewadi,0.40,7.82,0.38,0.51,213.25,18.28,313.60,8.29,3.74,1.11,1.06,0.54,7.62
2585,6300,Kishor Machindrnath Hake,Kavte mahankal,13,Garjewadi,0.40,7.73,0.33,0.90,213.25,18.72,414.40,9.55,3.68,1.13,1.08,0.64,11.72
2586,6301,Kundlik Jivaji Hake,Kavte mahankal,54,Garjewadi,0.40,7.71,0.35,0.83,200.70,20.95,492.80,10.25,1.70,1.01,1.24,7.54,10.08
2587,6302,Laxmi Dhondiram Shingade,Kavte mahankal,142,Garjewadi,0.40,7.86,0.26,0.49,188.16,17.83,268.80,11.86,3.24,1.55,1.28,0.54,11.50
2588,6303,Mahadev Shamrao Sarvade,Kavte mahankal,108,Garjewadi,0.40,7.85,0.30,0.46,225.79,16.94,380.80,11.78,2.90,1.60,1.38,0.50,13.18
2589,6304,Manjula Hariba Sarvade,Kavte mahankal,7,Garjewadi,0.40,7.71,0.39,0.49,200.70,20.50,168.00,9.55,3.78,1.65,1.42,0.56,11.54
2590,6305,Maroti Dhondi Sarvade,Kavte mahankal,114,Garjewadi,0.40,7.74,0.31,0.85,213.25,24.96,414.40,8.11,2.92,1.49,1.52,0.88,10.54
2591,6306,Maruti Aanada Hake,Kavte mahankal,9,Garjewadi,0.40,7.68,0.36,0.51,188.16,21.40,470.40,11.65,2.74,0.98,1.66,0.64,13.20
2592,6307,Maruti Dyanu Sarvade,Kavte mahankal,100,Garjewadi,0.40,7.69,0.29,0.79,213.25,15.60,257.60,9.07,1.98,1.47,1.84,0.64,11.34
2593,6308,Mohon Hanmant Sutar,Kavte mahankal,84,Garjewadi,0.40,7.72,0.25,0.88,238.34,28.08,201.60,8.42,0.40,0.65,1.78,0.70,4.34
2594,6309,Nagini Shivaji Shinde,Kavte mahankal,116,Garjewadi,0.40,7.73,0.27,0.42,200.70,24.52,168.00,10.16,0.20,0.77,1.90,1.38,13.42
2595,6310,Namdev Shankar Shelkhe,Kavte mahankal,183,Garjewadi,0.80,7.71,0.30,0.79,213.25,21.40,201.60,13.96,0.84,0.97,2.00,4.10,13.52
2596,6311,Nanasaheb Ramchardr Shinde,Kavte mahankal,174,Garjewadi,0.40,7.72,0.28,0.51,213.25,14.71,324.80,11.34,3.40,1.05,2.22,0.74,11.38
2597,6312,Netaji Aapa Shinde,Kavte mahankal,122,Garjewadi,0.40,7.73,0.34,0.56,188.16,18.28,336.00,10.99,3.40,1.49,2.66,0.90,4.34
2598,6313,Nitin Jayshing Hake,Kavte mahankal,6,Garjewadi,0.40,7.72,0.32,0.61,175.62,23.18,246.40,9.16,2.28,0.98,2.70,0.98,12.00
2599,6314,Nivruti Aapa Sarvade,Kavte mahankal,105,Garjewadi,0.40,7.70,0.33,0.57,200.70,24.52,291.20,9.60,2.24,1.49,2.26,0.76,12.66
2600,6315,Padurang Namdev Lokare,Kavte mahankal,139,Garjewadi,0.40,7.86,0.35,0.82,225.79,28.53,268.80,8.81,1.04,1.84,2.42,1.68,1.54
2601,6316,Pandurang Hindurao Hake,Kavte mahankal,56,Garjewadi,0.40,7.72,0.31,0.50,238.34,25.41,280.00,12.00,1.92,0.97,2.44,0.58,5.92
2602,6317,Pradip Shivaji Shinde,Kavte mahankal,116,Garjewadi,0.40,7.74,0.32,0.49,188.16,19.61,313.60,9.42,2.00,0.96,2.48,0.74,8.62
2603,6318,Pralhad Rambhau Hake,Kavte mahankal,187,Garjewadi,0.40,7.73,0.33,0.44,175.62,19.17,179.20,10.91,2.48,1.44,2.72,0.66,8.44
2604,6319,Pralhad Subrao Suryavanshi,Kavte mahankal,189,Garjewadi,0.40,7.74,0.32,0.83,188.16,20.95,425.60,10.03,2.88,1.36,2.80,0.60,11.74
2605,6320,Pratik Gulab Hake,Kavte mahankal,18,Garjewadi,0.80,7.77,0.34,0.71,213.25,19.61,358.40,9.73,1.66,1.34,2.86,2.38,11.04
2606,6321,Pravin Jayshing Hake,Kavte mahankal,6,Garjewadi,0.40,7.73,0.35,0.46,188.16,25.85,257.60,11.56,2.86,1.00,2.86,0.64,9.76
2607,6322,Promod Kakaso Shinde,Kavte mahankal,143,Garjewadi,0.40,7.74,0.36,0.69,200.70,22.73,190.40,8.90,2.36,0.96,2.98,0.80,7.28
2608,6323,Pushpatai Jayshing Hake,Kavte mahankal,2,Garjewadi,0.40,7.79,0.32,0.71,188.16,14.71,224.00,12.43,2.60,1.15,3.06,0.82,9.80
2609,6324,Rajana Balu Vagare,Kavte mahankal,91,Garjewadi,0.40,7.73,0.34,0.49,213.25,21.84,268.80,9.03,2.70,1.55,3.38,0.76,10.24
2610,6325,Rajaram Krushana Sarvade,Kavte mahankal,212,Garjewadi,0.40,7.77,0.37,0.51,225.79,25.85,324.80,10.25,2.44,1.99,2.98,0.76,12.60
2611,6326,Rajaram Parshram Chavan,Kavte mahankal,115,Garjewadi,0.40,7.90,0.38,0.53,188.16,24.52,481.60,9.47,2.54,1.50,3.00,1.34,9.90
2612,6327,Ramesh Shivram Hankare,Kavte mahankal,204,Garjewadi,0.40,7.72,0.32,0.49,213.25,25.41,347.20,10.03,1.38,1.82,3.22,0.64,8.78
2613,6328,Ramjan Husen Mulani,Kavte mahankal,74,Garjewadi,0.40,7.79,0.43,0.51,200.70,25.85,436.80,11.69,3.38,1.70,3.66,0.80,3.68
2614,6329,Rangubai Subrao Suryavanshi,Kavte mahankal,189,Garjewadi,1.20,7.75,0.37,0.81,188.16,29.42,313.60,9.42,2.82,1.77,3.62,0.72,6.66
2615,6330,Ravsaheb Rangrao Sarvade,Kavte mahankal,102,Garjewadi,0.40,7.76,0.33,0.69,225.79,30.76,380.80,11.12,2.28,1.45,3.68,0.78,2.02
2616,6331,Rukmini Parlhad Hake,Kavte mahankal,45,Garjewadi,0.40,7.75,0.32,0.72,200.70,24.52,369.60,11.78,0.62,1.38,0.66,0.78,10.20
2617,6332,Sahdev Ganapati Sarvade,Kavte mahankal,97,Garjewadi,0.40,7.78,0.33,0.76,213.25,26.75,448.00,8.94,2.68,1.84,0.38,0.72,9.38
2618,6333,Sahebrao Vasant Shinde,Kavte mahankal,75,Garjewadi,0.40,7.96,0.29,0.69,200.70,24.07,347.20,9.73,1.68,1.36,0.34,2.80,10.46
2619,6334,Sambhaji Bhimrao Patil,Kavte mahankal,34,Garjewadi,0.40,7.79,0.32,6.67,213.25,28.08,302.40,12.21,3.62,1.66,0.42,0.98,2.34
2620,6335,Sanjay Maruti Sargar,Kavte mahankal,106,Garjewadi,0.40,7.80,0.33,0.57,225.79,28.97,313.60,10.38,1.26,1.42,1.46,0.68,12.92
2621,6336,Satish Jayshing Hake,Kavte mahankal,6,Garjewadi,0.40,7.82,0.32,0.58,200.70,26.75,470.40,11.43,1.14,1.59,0.58,0.62,8.78
2622,6337,Shakuntala Sadashiv Shingade,Kavte mahankal,67,Garjewadi,0.88,7.78,0.33,0.76,238.34,24.96,302.40,13.35,1.96,0.99,0.26,0.56,5.62
2623,6338,Shankar Shripati Shingade,Kavte mahankal,108,Garjewadi,0.40,7.93,0.37,0.51,213.25,24.52,392.00,13.61,0.84,1.39,0.80,3.12,4.64
2624,6339,Shantabai Waman Shingade,Kavte mahankal,20,Garjewadi,0.40,7.96,0.32,0.88,225.79,28.53,212.80,9.90,2.04,1.58,0.52,3.06,1.30
2625,6340,Shivaji Aanaso Dhotre,Kavte mahankal,136,Garjewadi,0.40,7.80,0.32,0.85,200.70,23.63,336.00,10.91,1.36,1.23,0.38,0.60,3.64
2626,6341,Shivaji Bhagvan Waghmode,Kavte mahankal,93,Garjewadi,0.40,7.98,0.30,0.69,188.16,27.64,358.40,10.43,0.38,1.23,0.26,0.68,1.96
2627,6342,Shrinivas Vijay Hake,Kavte mahankal,18,Garjewadi,0.80,7.96,0.31,0.46,213.25,22.73,246.40,9.42,0.66,1.24,0.26,2.34,8.62
2628,6343,Sokat Nijam Mulani,Kavte mahankal,71,Garjewadi,0.40,8.03,0.33,0.71,225.79,28.97,235.20,10.91,2.84,1.84,0.92,2.76,1.68
2629,6344,Soudagar Dyanu Shinde,Kavte mahankal,80,Garjewadi,0.40,7.99,0.40,0.83,250.88,25.85,156.80,12.13,2.72,1.17,1.48,4.22,1.80
2630,6345,Sudhir Jaganath Shinde,Kavte mahankal,77,Garjewadi,0.40,7.96,0.43,0.88,200.70,29.87,190.40,12.78,1.58,1.19,0.36,4.12,11.02
2631,6346,Sudhir Sahebrao Shinde,Kavte mahankal,116,Garjewadi,0.40,7.77,0.40,0.90,188.16,29.42,224.00,8.94,1.86,1.38,0.44,3.46,5.72
2632,6347,Sulabai Bapu Hake,Kavte mahankal,28,Garjewadi,0.40,7.79,0.41,0.76,225.79,22.29,257.60,10.77,2.58,1.68,0.48,0.24,4.14
2633,6348,Sulatai Shankar Sutar,Kavte mahankal,62,Garjewadi,0.40,7.79,0.37,0.43,213.25,28.97,179.20,11.47,3.84,1.78,0.34,2.90,4.16
2634,6349,Sunil Dattry Sarvade,Kavte mahankal,90,Garjewadi,0.40,8.02,0.39,0.49,213.25,28.53,201.60,13.52,2.94,1.19,1.12,0.72,2.88
2635,6350,Sushant Aapaso Shinde,Kavte mahankal,170,Garjewadi,0.40,7.85,0.37,0.63,225.79,23.63,168.00,12.26,2.60,1.21,0.26,0.68,10.18
2636,6351,Suvarna Dhasrath Kadam,Kavte mahankal,36,Garjewadi,0.40,7.80,0.42,0.47,163.07,23.18,336.00,8.85,2.48,1.08,0.90,2.78,11.38
2637,6352,Tanaji Dyanu Shelkhe,Kavte mahankal,188,Garjewadi,0.80,7.83,0.35,0.51,225.79,27.19,369.60,9.38,2.88,1.59,0.64,2.84,4.08
2638,6353,Tukaram Padu Sarvade,Kavte mahankal,12,Garjewadi,1.20,8.00,0.31,0.76,238.34,27.19,190.40,9.12,3.20,1.16,0.86,2.56,2.20
2639,6354,Ushatai Ashok Shinde,Kavte mahankal,116,Garjewadi,0.40,7.97,0.32,0.85,250.88,23.18,313.60,9.60,1.12,1.60,1.26,2.08,3.92
2640,6355,Vasudev Parlhad Hake,Kavte mahankal,187,Garjewadi,0.40,7.86,0.32,0.51,200.70,26.30,246.40,11.21,1.92,0.99,1.02,2.54,3.26
2641,6356,Vinayk Dinkar Shinde,Kavte mahankal,116,Garjewadi,0.40,7.85,0.33,0.53,238.34,28.08,392.00,9.42,1.08,1.47,1.78,0.54,2.98
2642,6357,Vishvnath Kashinath Sorte,Kavte mahankal,88,Garjewadi,0.40,7.92,0.43,0.56,213.25,28.97,324.80,10.56,2.78,1.50,1.74,1.24,10.30
2643,6358,Waman Tatoba Shingade,Kavte mahankal,254,Garjewadi,0.40,7.90,0.49,0.64,225.79,22.73,201.60,10.82,1.76,1.56,1.14,0.92,7.24
2644,,,Kavte mahankal,,,,,,,,,,,,,,,
2645,,Farmer Name,Kavte mahankal,Survey Number,Village,Area,pH,EC,Organic Carbon(%),Nitrogen (kg/ha),Phosphorous(kg/ha),Potassium(kg/ha),Sulphur(ppm),Zinc(ppm),Boron(ppm),Iron(ppm),Manganese(ppm),Copper(ppm)
2646,,Agatrav Bhimrao Malme,Kavte mahankal,49,Nimaj,0.4,8.02,0.15,0.24,188.16,15.60,201.6,11.43,0.36,1.05,1.68,1.90,1.06
2647,,Ajit Vishvnath Kolekar,Kavte mahankal,329,Nimaj,0.4,8.17,0.13,0.28,163.07,10.25,246.4,9.51,0.03,1.00,0.86,2.08,1.00
2648,,Akaram Appa Kakde,Kavte mahankal,193,Nimaj,0.6,8.07,0.16,0.21,200.70,11.14,268.8,6.85,0.88,1.47,1.34,0.74,1.32
2649,,Akaram Natha Lavte,Kavte mahankal,314,Nimaj,0.4,8.11,0.17,0.17,175.62,28.08,257.6,8.38,2.10,0.99,2.72,0.30,0.92
2650,,Anna Balu Maske,Kavte mahankal,116,Nimaj,0.4,8.09,0.17,0.25,150.53,28.97,168.0,9.16,0.38,1.10,1.14,5.60,4.42
2651,,Atul Tukaram Rupnar,Kavte mahankal,340/1,Nimaj,0.3,8.19,0.13,0.28,163.07,15.60,224.0,9.64,0.30,0.57,1.16,0.56,0.96
2652,,Atul Vitthal Rupnar,Kavte mahankal,205,Nimaj,0.4,8.12,0.17,0.15,225.79,17.83,235.2,9.29,0.28,1.21,1.06,0.48,0.96
2653,,Babaji Pandurang Patil,Kavte mahankal,271,Nimaj,0.5,8.12,0.16,0.21,188.16,15.60,257.6,9.16,0.28,1.19,0.90,0.66,1.04
2654,,Balu Aba Sable,Kavte mahankal,117,Nimaj,0.4,8.23,0.13,0.29,175.62,17.83,313.6,9.81,0.26,1.78,2.90,0.40,0.76
2655,,Balvant Bhagvan Maske,Kavte mahankal,123,Nimaj,0.4,8.22,0.13,0.25,175.62,15.60,246.4,6.67,6.34,1.17,1.30,0.54,0.82
2656,,Bapu Ankush Rupnar,Kavte mahankal,271,Nimaj,0.4,8.29,0.12,0.21,188.16,19.61,268.8,6.98,0.26,0.88,1.46,0.70,0.94
2657,,Bhagvan Maruti Amune,Kavte mahankal,86,Nimaj,0.4,8.26,0.12,0.25,163.07,28.97,268.8,7.76,0.38,1.19,1.24,0.82,0.76
2658,,Bhauso Pandurang Madne,Kavte mahankal,49,Nimaj,0.4,8.17,0.15,0.17,200.70,17.83,257.6,9.55,0.36,1.17,1.56,0.98,1.02
2659,,Biru Chandar Kolekar,Kavte mahankal,180,Nimaj,0.4,8.25,0.13,0.19,188.16,15.60,179.2,8.94,0.34,1.34,1.28,0.40,0.84
2660,,Bramhnath Ishwer Lokhande,Kavte mahankal,188,Nimaj,0.4,8.13,0.16,0.24,175.62,24.52,156.8,8.11,0.34,1.24,1.50,0.56,1.00
2661,,Chandar  Aba Kolekar,Kavte mahankal,187,Nimaj,0.7,8.16,0.15,0.22,213.25,15.60,168.0,7.20,0.38,1.23,2.90,1.06,1.06
2662,,Chandar Baba Sable,Kavte mahankal,2,Nimaj,0.45,8.28,0.12,0.15,150.53,20.06,201.6,8.38,0.34,1.23,1.90,0.44,0.88
2663,,Chandrakant Laxman Maske,Kavte mahankal,214,Nimaj,0.4,8.16,0.17,0.21,188.16,20.06,246.4,10.08,0.30,1.08,1.78,0.96,1.02
2664,,Chhaya Akaram Lavate,Kavte mahankal,2,Nimaj,0.4,8.20,0.14,0.33,137.98,34.32,313.6,7.63,0.32,0.88,2.24,0.76,0.84
2665,,Dada Aba Kolekar,Kavte mahankal,186,Nimaj,0.4,8.17,0.15,0.22,163.07,26.75,336.0,9.90,0.34,0.99,2.02,0.96,1.06
2666,,Dada Natha Rupnar,Kavte mahankal,328,Nimaj,0.4,8.18,0.15,0.29,188.16,22.73,347.2,8.51,0.22,1.59,2.62,0.54,0.82
2667,,Dagdu Aba Sable,Kavte mahankal,189,Nimaj,0.4,8.28,0.12,0.19,163.07,15.60,257.6,8.16,0.20,1.42,2.10,0.74,0.88
2668,,Dagdu Pandurang Malme,Kavte mahankal,109,Nimaj,0.4,8.34,0.10,0.26,188.16,20.06,246.4,9.64,0.38,1.16,2.82,1.80,1.22
2669,,Dattatray Atmaram Maske,Kavte mahankal,268,Nimaj,0.4,8.31,0.11,0.32,213.25,15.60,224.0,8.03,0.36,1.34,5.08,0.56,0.96
2670,,Devidas Vithoba Rupnar,Kavte mahankal,374,Nimaj,0.4,8.35,0.12,0.26,188.16,16.49,179.2,9.42,1.06,1.38,2.26,0.46,0.84
2671,,Dhanaji Pandurang Patil,Kavte mahankal,271,Nimaj,0.5,8.26,0.14,0.21,200.70,12.93,257.6,8.38,0.24,1.45,2.22,1.16,1.30
2672,,Dharmraj Natha Rupnar,Kavte mahankal,375,Nimaj,0.4,8.21,0.15,0.25,175.62,12.04,291.2,9.51,0.34,1.27,2.78,0.48,0.84
2673,,Dhondiram Krishna Maske,Kavte mahankal,198,Nimaj,0.4,8.22,0.16,0.26,200.70,28.08,291.2,10.12,0.36,1.49,2.92,0.46,0.84
2674,,Dhondiram Maruti Hipparkar,Kavte mahankal,179,Nimaj,0.4,8.34,0.12,0.19,213.25,28.97,313.6,8.94,0.36,1.05,2.60,0.82,0.82
2675,,Ganpati Mahadev Lokhande,Kavte mahankal,366,Nimaj,0.4,8.30,0.12,0.24,225.79,25.41,235.2,9.16,0.36,0.97,2.90,0.76,0.88
2676,,Hanmant Atmaram Maske,Kavte mahankal,268,Nimaj,0.4,8.29,0.14,0.25,188.16,21.40,268.8,10.25,0.38,0.77,2.70,0.56,0.92
2677,,Hanmant Krishna Yamgar,Kavte mahankal,263,Nimaj,0.6,8.31,0.13,0.22,112.90,16.05,324.8,8.64,0.36,0.65,3.44,0.46,1.14
2678,,Hariba Gangaram Rupnar,Kavte mahankal,18,Nimaj,0.4,8.29,0.12,0.24,175.62,17.83,313.6,7.72,0.20,1.47,2.84,0.64,0.94
2679,,Haridas Sidhu Rupnar,Kavte mahankal,223,Nimaj,0.4,8.25,0.14,0.25,163.07,15.60,201.6,6.46,0.34,0.98,3.18,0.38,0.68
2680,,Jagganath Krishna Amune,Kavte mahankal,268,Nimaj,0.4,8.34,0.11,0.24,188.16,17.83,280.0,7.15,0.38,1.49,3.58,0.84,0.80
2681,,Jaysingh Nivrutti Rupnar,Kavte mahankal,121,Nimaj,0.4,8.25,0.14,0.26,200.70,15.60,302.4,7.55,0.36,1.65,5.58,0.46,0.72
2682,,Jogu Sukhdev Rupnar,Kavte mahankal,308,Nimaj,0.4,8.34,0.12,0.21,175.62,19.61,403.2,8.81,0.36,1.60,4.08,1.60,0.76
2683,,Kundlik Bira Kakde,Kavte mahankal,196,Nimaj,0.3,8.25,0.15,0.19,163.07,28.97,436.8,8.11,0.20,1.55,3.48,1.26,0.74
2684,,Lahu Sidu Rupnar,Kavte mahankal,212A,Nimaj,0.4,8.36,0.12,0.28,175.62,18.28,347.2,5.71,0.24,1.01,3.64,0.72,0.86
2685,,Lakshmibai Nivrutti Lokhande,Kavte mahankal,127,Nimaj,0.4,8.37,0.11,0.21,150.53,15.60,358.4,6.98,0.20,1.13,4.30,0.76,0.96
2686,,Laxman Hanmant Patil,Kavte mahankal,271,Nimaj,0.8,8.39,0.11,0.26,175.62,24.52,380.8,7.94,0.22,1.11,3.58,0.34,0.84
2687,,Laxman Natha Rupnar,Kavte mahankal,288,Nimaj,0.4,8.34,0.12,0.31,163.07,16.05,324.8,6.32,0.38,1.50,3.94,0.68,0.84
2688,,Manisha Sharad Maske,Kavte mahankal,198,Nimaj,0.4,8.31,0.12,0.19,188.16,20.95,280.0,9.47,0.38,1.57,3.82,0.78,0.66
2689,,Manohar Subhana Amune,Kavte mahankal,89,Nimaj,0.4,8.23,0.15,0.29,200.70,22.29,403.2,8.07,0.38,1.49,4.40,0.80,0.82
2690,,Maruti Baba Sable,Kavte mahankal,2,Nimaj,0.4,8.32,0.13,0.22,175.62,26.30,380.8,7.24,0.22,1.15,3.98,0.56,0.76
2691,,Mukinda Pandurang Rupnar,Kavte mahankal,18,Nimaj,18,8.30,0.14,0.33,163.07,20.95,313.6,6.63,0.38,1.37,3.98,1.28,0.74
2692,,Namdev Dnyanu Kolekar,Kavte mahankal,22,Nimaj,0.4,8.31,0.13,0.21,188.16,16.94,246.4,8.07,0.26,1.52,4.42,1.38,0.74
2693,,Namdev Tatoba Hake,Kavte mahankal,191,Nimaj,0.4,8.30,0.13,0.17,150.53,13.37,224.0,9.16,0.24,1.32,3.68,0.92,0.84
2694,,Nanaso Dnyanu Rupnar,Kavte mahankal,229,Nimaj,0.4,8.24,0.16,0.24,163.07,26.30,201.6,8.38,0.36,1.26,4.60,1.12,0.92
2695,,Natha Akaram Lavte,Kavte mahankal,317,Nimaj,0.4,8.24,0.17,0.25,175.62,21.40,291.2,7.68,0.20,1.57,4.78,1.14,0.90
2696,,Nivrutti Dadu Rupnar,Kavte mahankal,311,Nimaj,0.4,8.32,0.13,0.33,200.70,16.05,313.6,8.51,0.22,1.00,4.90,1.24,0.92
2697,,Pandurang Bapu Rupnar,Kavte mahankal,362,Nimaj,0.4,8.29,0.12,0.17,188.16,18.28,425.6,8.77,0.24,0.59,4.62,2.54,0.54
2698,,Pandurang Govind Rupnar,Kavte mahankal,29,Nimaj,0.4,8.32,0.14,0.25,163.07,21.40,246.4,8.03,0.26,0.98,4.90,2.32,0.78
2699,,Parshuram Nivrutti Lokhande,Kavte mahankal,127,Nimaj,0.4,8.28,0.16,0.21,163.07,18.72,324.8,7.50,0.26,1.03,4.68,2.06,1.12
2700,,Rajaram Shankar Lokhande,Kavte mahankal,188,Nimaj,0.4,8.22,0.15,0.26,175.62,16.49,235.2,7.85,0.22,1.08,4.84,1.60,1.08
2701,,Ramchandra Natha Rupnar,Kavte mahankal,272,Nimaj,0.4,8.30,0.12,0.17,188.16,20.50,280.0,6.94,0.22,1.15,5.36,2.78,1.00
2702,,Sahdev Nanaso Rupnar,Kavte mahankal,229,Nimaj,0.4,8.20,0.15,0.15,200.70,16.49,291.2,7.59,0.24,1.13,4.86,2.98,0.94
2703,,Sahil Bapu Rupnar,Kavte mahankal,205,Nimaj,0.4,8.30,0.13,0.36,163.07,28.08,179.2,9.25,0.26,1.12,4.76,2.26,0.96
2704,,Santosh Sopan Lokhande,Kavte mahankal,129,Nimaj,0.4,8.26,0.14,0.21,188.16,25.41,201.6,7.76,0.28,1.07,5.16,3.14,0.96
2705,,Sawanta Natha Rupnar,Kavte mahankal,288,Nimaj,0.45,8.28,0.13,0.17,175.62,21.40,246.4,6.19,0.22,1.72,5.10,1.68,1.00
2706,,Shahaji Ishwer Lokhande,Kavte mahankal,188,Nimaj,0.4,8.27,0.15,0.31,163.07,16.49,212.8,8.33,0.28,1.13,5.22,1.44,0.92
2707,,Shankar Maruti Tengle,Kavte mahankal,98,Nimaj,0.4,8.29,0.15,0.25,200.70,24.52,369.6,9.86,0.28,1.72,5.44,1.56,1.08
2708,,Shankar Natha Rupnar,Kavte mahankal,328,Nimaj,0.4,8.28,0.14,0.17,175.62,20.50,347.2,5.63,0.30,1.39,5.40,1.66,1.06
2709,,Sharad Sampati Rupnar,Kavte mahankal,274,Nimaj,0.4,8.31,0.13,0.28,188.16,17.38,291.2,8.38,0.24,1.33,5.78,1.38,0.98
2710,,Shatrughna Keru Rupnar,Kavte mahankal,223,Nimaj,0.4,8.32,0.14,0.24,200.70,23.18,201.6,7.72,0.24,1.33,5.56,0.78,1.08
2711,,Shivaji Natha Rupnar,Kavte mahankal,375,Nimaj,0.4,8.21,0.15,0.25,225.79,18.72,168.0,8.03,0.26,1.33,4.16,1.86,1.10
2712,,Shrimant Mahadev Gherde,Kavte mahankal,21,Nimaj,0.4,8.22,0.15,0.28,175.62,17.83,201.6,8.85,0.28,0.82,4.12,2.14,1.06
2713,,Sopan Bhau Rupnar,Kavte mahankal,181,Nimaj,0.4,8.21,0.16,0.31,213.25,25.85,246.4,7.42,0.32,1.02,4.10,2.36,0.98
2714,,Sulabai Ashok  Maske,Kavte mahankal,122,Nimaj,0.5,8.16,0.17,0.24,188.16,23.63,302.4,8.55,0.30,0.81,2.16,2.00,0.78
2715,,Suresh Atmaram Maske,Kavte mahankal,286,Nimaj,0.4,8.21,0.16,0.28,188.16,27.19,313.6,9.16,0.30,0.77,5.86,2.52,1.12
2716,,Suresh Bhagvan Maske,Kavte mahankal,183,Nimaj,0.45,8.28,0.13,0.25,200.70,17.83,291.2,9.55,0.30,0.73,1.46,1.68,1.18
2717,,Sushila Shankar Rupnar,Kavte mahankal,204,Nimaj,0.4,8.20,0.15,0.28,188.16,19.61,403.2,7.76,0.32,1.13,0.96,1.94,1.20
2718,,Tanaji Bhanudas Lokhande,Kavte mahankal,366,Nimaj,0.4,8.19,0.17,0.31,200.70,18.28,369.6,7.98,0.32,1.22,1.08,1.52,1.22
2719,,Tanaji Govind Rupnar,Kavte mahankal,29,Nimaj,0.4,8.31,0.13,0.24,225.79,22.29,257.6,9.03,0.28,1.39,0.30,1.84,1.02
2720,,Tanaji Pandurang Rupnar,Kavte mahankal,18,Nimaj,0.4,8.32,0.12,0.32,175.62,20.95,201.6,8.38,0.22,1.21,0.52,1.56,0.98
2721,,Uttam Natha Rupnar,Kavte mahankal,310,Nimaj,0.4,8.26,0.14,0.28,188.16,24.07,268.8,8.20,0.30,1.07,2.30,1.70,1.02
2722,,Vasant Shrirang Kakde,Kavte mahankal,32,Nimaj,0.4,8.24,0.16,0.22,175.62,27.64,257.6,8.77,0.24,1.13,2.26,2.00,0.90
2723,,Vijay Natha Rupnar,Kavte mahankal,4,Nimaj,0.4,8.26,0.15,0.21,213.25,23.63,235.2,9.25,0.24,1.15,2.16,2.32,1.10
2724,,Vilas Bhanudas Lokhande,Kavte mahankal,366,Nimaj,0.4,8.23,0.14,0.17,225.79,21.84,403.2,10.25,0.22,1.08,2.20,1.50,1.02
2725,,Vilas Bira Kakade,Kavte mahankal,32,Nimaj,0.4,8.34,0.12,0.26,200.70,16.05,268.8,9.64,0.26,1.03,2.24,2.70,1.30
2726,,Vilas Natha Rupnar,Kavte mahankal,301,Nimaj,0.4,8.33,0.13,0.28,188.16,20.95,257.6,8.64,0.22,0.98,2.20,2.26,1.12
2727,,Vinil Bapu Rupnar,Kavte mahankal,205,Nimaj,0.4,8.24,0.15,0.25,175.62,24.52,324.8,9.60,0.24,1.00,2.02,2.30,0.82
2728,,Vishal Vithhal Rupnar,Kavte mahankal,205,Nimaj,0.45,8.28,0.14,0.21,200.70,28.08,336.0,8.24,0.22,1.51,2.16,2.50,0.96
2729,,Vishvanath Bhagvan Lokhande,Kavte mahankal,238,Nimaj,0.4,8.27,0.13,0.24,188.16,14.71,347.2,9.16,0.26,1.07,2.10,2.70,1.12
2730,,Vitthal Ankush Rupnar,Kavte mahankal,273,Nimaj,0.4,8.28,0.14,0.24,213.25,24.96,268.8,9.86,0.22,1.26,2.50,3.74,1.08
2731,,Yuvraj Pandurang Patil,Kavte mahankal,272,Nimaj,0.45,8.27,0.14,0.29,225.79,28.53,403.2,8.77,0.22,1.52,2.32,1.86,0.72
2732,,Navnath Prakash Malame,Kavte mahankal,209,Nimaj,0.4,8.28,0.15,0.32,213.25,19.61,436.8,8.64,0.24,1.37,0.34,1.90,0.78
2733,,Bhimrav Mahadev Rupnar,Kavte mahankal,197,Nimaj,0.4,8.32,0.12,0.36,188.16,22.29,246.4,7.50,0.28,1.15,0.30,1.88,0.80
2734,1,Ananda Tatoba Mali,Miraj,648,Narwad,0.80,8.56,0.13,1.02,175.62,13.37,112.00,16.87,0.06,1.07,0.98,3.74,1.54
2735,2,Anil Gajanan Mativade,Miraj,51/2,Narwad,0.80,8.60,0.29,0.92,225.79,20.91,492.80,8.65,0.84,1.48,1.24,4.24,1.12
2736,3,Anil Maharudra RajMane,Miraj,259,Narwad,0.40,8.18,0.53,1.08,188.16,26.73,582.40,22.77,0.64,0.87,0.96,3.44,1.44
2737,4,Anil Sadashiv Kurle,Miraj,384,Narwad,0.40,8.48,0.40,1.16,213.25,23.99,302.40,6.90,0.60,1.30,0.90,1.54,0.38
2738,5,Annaso Babu  Chaugule,Miraj,60,Narwad,1.00,8.40,0.37,0.79,238.34,20.91,313.60,12.50,0.72,1.50,1.44,6.36,0.86
2739,6,Arun Shivram Kamble,Miraj,90,Narwad,0.28,8.42,0.43,1.06,175.62,14.05,246.40,6.95,1.34,0.98,0.76,2.96,1.72
2740,7,Ashok Maruti Mali,Miraj,160,Narwad,0.40,8.55,0.21,0.86,213.25,19.19,280.00,15.43,0.48,1.38,1.08,4.50,0.22
2741,8,Ashok Maruti Shelake,Miraj,183,Narwad,0.60,8.37,0.53,0.61,188.16,16.45,448.00,11.89,3.76,1.59,0.74,2.00,1.74
2742,9,Ashok Ramu Kolhapure,Miraj,43/2,Narwad,0.50,8.35,0.21,1.27,188.16,20.56,672.00,17.52,1.38,1.66,0.74,5.18,1.64
2743,10,Babasaheb Dashrath Mali,Miraj,518,Narwad,0.40,8.29,0.48,1.10,175.62,15.77,302.40,7.43,0.60,1.53,0.82,4.50,1.50
2744,11,Babaso Ramu Narute,Miraj,165,Narwad,1.20,7.93,0.95,0.69,238.34,13.37,672.00,11.71,2.02,1.28,1.28,2.44,0.74
2745,12,BabaSo RavSo Kakade,Miraj,709,Narwad,0.58,8.65,0.22,0.86,225.79,18.85,280.00,10.97,0.24,0.97,1.20,3.20,0.20
2746,13,Bahubali Padmana Mangsule,Miraj,726,Narwad,0.60,8.34,0.43,0.63,213.25,20.91,257.60,9.44,0.24,1.63,1.54,7.48,1.08
2747,14,Balaso Annappa Koli,Miraj,73,Narwad,0.30,8.38,0.17,1.35,238.34,21.25,291.20,7.04,0.68,1.71,0.92,3.44,1.50
2748,15,Balaso Appu Desai,Miraj,606,Narwad,0.80,8.53,0.19,1.43,238.34,17.48,560.00,11.97,0.14,1.53,1.76,2.84,0.08
2749,16,Basgonda Pargonda Patil,Miraj,455/2,Narwad,1.20,8.40,0.33,0.92,175.62,10.97,571.20,4.72,0.94,1.11,0.84,4.76,0.76
2750,17,Bhauso Mayappa Banne,Miraj,549,Narwad,0.40,8.34,0.30,0.88,238.34,14.74,414.40,8.87,0.12,1.20,1.60,7.32,1.46
2751,18,Bundu Vithoba Jadhav,Miraj,346,Narwad,0.72,8.54,0.21,0.69,188.16,20.56,369.60,8.61,0.24,1.40,0.70,2.36,0.18
2752,19,Chandrakant Baburao Sapkal,Miraj,539/2/b,Narwad,0.60,8.46,0.34,1.02,188.16,17.82,313.60,4.72,1.34,0.67,0.78,3.00,1.30
2753,20,Dattatreya Shivappa Mali,Miraj,73/3,Narwad,0.80,8.51,0.32,1.17,213.25,8.23,403.20,4.28,0.64,1.37,1.54,4.74,0.94
2754,21,Deepak Krishna Kattikar,Miraj,347/1,Narwad,0.60,8.30,0.36,0.61,213.25,22.28,380.80,7.65,0.02,1.37,2.46,0.98,0.68
2755,22,Devanand Shankar Chavan,Miraj,89,Narwad,0.30,8.68,0.15,0.88,200.70,12.34,448.00,7.65,0.72,1.16,1.20,4.34,1.00
2756,23,Dhundhubai Mahadev Koli,Miraj,79/b,Narwad,0.30,8.43,0.31,1.15,225.79,10.97,481.60,7.91,0.82,1.29,1.14,4.68,1.50
2757,24,Dilip Bapuso Gaikwad,Miraj,464/a,Narwad,1.20,8.67,0.30,0.61,225.79,9.60,190.40,9.26,0.20,1.10,0.70,2.48,0.04
2758,25,Ganesh Kakaso Nanavare,Miraj,117,Narwad,3.20,7.98,0.77,0.91,238.34,13.02,694.40,12.37,2.82,1.32,1.20,2.84,1.58
2759,26,Ganesh Subhash Kurle,Miraj,380,Narwad,0.44,8.52,0.22,1.17,200.70,14.05,324.80,13.77,0.56,1.44,1.28,4.46,0.36
2760,27,Ganpati Tatoba mali,Miraj,654,Narwad,0.20,8.49,0.26,1.40,225.79,9.60,504.00,12.98,0.42,1.23,1.08,3.70,1.86
2761,28,Hanmant RamChandra Kurle,Miraj,382,Narwad,0.80,8.80,0.22,0.66,200.70,14.74,179.20,9.57,0.36,1.00,1.32,4.00,0.68
2762,29,Hari Keshav Nagargoje,Miraj,409/2,Narwad,0.30,7.83,1.29,1.64,238.34,14.74,716.80,18.66,1.20,0.61,1.26,1.52,1.68
2763,30,Kakaso Balu Narute,Miraj,170,Narwad,1.20,8.69,0.21,0.90,225.79,20.56,179.20,9.96,0.38,1.44,1.14,3.16,0.34
2764,31,Kamal Hari Nagargoje,Miraj,410,Narwad,0.40,8.40,0.41,0.91,225.79,16.79,358.40,11.36,1.30,1.49,1.26,5.20,1.22
2765,32,Khandu Tukaram Kamalekar,Miraj,91,Narwad,0.25,8.47,0.35,1.17,188.16,13.37,212.80,8.08,0.68,1.22,1.40,5.16,1.18
2766,33,Krishna Anu Mali,Miraj,387,Narwad,0.40,8.31,0.46,0.91,200.70,17.82,672.00,9.44,0.54,1.26,1.86,5.64,2.24
2767,34,Mahadev Dnyadev Kamalakar,Miraj,125,Narwad,0.90,8.49,0.13,0.92,238.34,15.42,560.00,11.71,0.90,1.08,0.94,3.18,0.64
2768,35,Mahadev Shankar Jamadar,Miraj,600/a,Narwad,0.40,8.46,0.35,0.86,225.79,12.34,212.80,8.70,0.20,1.25,0.82,4.34,1.26
2769,36,Mahadevi Shiva Gonda Patil,Miraj,460,Narwad,1.80,8.71,0.32,0.79,188.16,15.42,649.60,10.23,0.80,0.90,0.86,2.84,1.30
2770,37,Mahaveer Bhopal Chaugule,Miraj,107,Narwad,1.16,8.51,0.33,0.75,263.42,14.39,604.80,11.97,1.00,1.26,0.94,3.44,0.82
2771,38,Mahaveer Daryappa Chougule,Miraj,49,Narwad,0.40,8.30,0.40,1.24,200.70,21.59,683.20,7.91,0.90,1.24,1.20,4.10,1.38
2772,39,Mahesh Kakaso Nanavare,Miraj,116,Narwad,3.20,8.58,0.31,0.77,200.70,12.00,425.60,10.40,1.12,1.05,1.04,3.84,1.22
2773,40,Mahesh Shankar Kamble,Miraj,541,Narwad,0.60,7.85,0.50,1.74,213.25,14.05,672.00,21.41,0.12,0.79,2.64,2.02,1.44
2774,41,Malubai Balu Narute,Miraj,171,Narwad,1.20,8.51,0.30,1.00,238.34,24.68,560.00,11.06,0.98,1.49,1.08,4.04,0.76
2775,42,Manohar Apgonda Patil,Miraj,542,Narwad,0.40,8.56,0.21,0.54,250.88,15.77,179.20,10.79,1.82,1.19,1.24,3.94,1.18
2776,43,Maruti Appa Koli,Miraj,72,Narwad,0.30,8.52,0.25,0.94,188.16,7.88,291.20,8.04,0.44,1.27,0.90,2.70,0.52
2777,44,Maruti Hari Nagargoje,Miraj,540,Narwad,0.60,8.29,0.34,1.08,200.70,13.02,369.60,7.73,0.06,1.09,0.74,3.32,1.30
2778,45,Mayappa Balu Banne,Miraj,463,Narwad,0.61,8.18,0.40,1.14,213.25,12.34,425.60,15.82,2.26,0.83,0.92,3.46,1.42
2779,46,Mohan Dattatreya Nagargoje,Miraj,151,Narwad,1.60,8.45,0.36,0.98,175.62,12.68,414.40,10.36,0.90,1.06,1.22,2.34,0.48
2780,47,Nandkumar Gurupad Kolhapure,Miraj,39,Narwad,0.40,8.32,0.45,1.15,175.62,19.54,672.00,6.21,1.08,1.03,0.90,6.58,1.80
2781,48,Netaji Nanaso Nimbalkar,Miraj,82,Narwad,0.60,8.34,0.42,1.54,238.34,14.05,470.40,6.42,1.04,1.14,0.88,4.72,2.20
2782,49,Pooja Mahendra Khochage,Miraj,257,Narwad,0.60,8.43,0.20,0.58,238.34,13.37,302.40,12.67,0.12,0.76,1.22,3.32,0.40
2783,50,Prakash Balu Shinde,Miraj,387,Narwad,0.80,8.59,0.27,0.99,213.25,15.77,112.00,5.29,0.54,0.68,0.84,3.64,1.48
2784,51,Prakash Sataling Desai,Miraj,286/2,Narwad,0.40,7.95,0.84,1.24,188.16,12.68,694.40,7.73,1.42,1.18,1.00,2.94,1.42
2785,52,Rajalakshmi Rajbhushan Patil,Miraj,154,Narwad,960.00,8.66,0.28,1.14,200.70,18.16,403.20,12.37,4.04,1.33,1.50,4.62,4.80
2786,53,Rajaram Balu Mali,Miraj,662,Narwad,0.68,8.51,0.25,1.07,225.79,13.02,257.60,13.94,0.36,1.13,1.22,5.04,0.64
2787,54,Rajaram Krishna Mali,Miraj,624,Narwad,0.20,8.66,0.24,0.96,213.25,14.39,145.60,11.45,0.12,1.43,0.94,2.38,1.06
2788,55,Rajendra Bheemsen Banne,Miraj,550,Narwad,0.40,8.33,0.26,0.99,163.07,12.68,224.00,6.82,0.78,0.87,1.02,1.00,1.00
2789,56,Rajendra Gundappa Chaugule,Miraj,157/a/1,Narwad,0.45,8.63,0.20,0.75,238.34,15.08,347.20,11.80,1.00,1.45,0.88,3.16,0.82
2790,57,Raju Ramesh Kolhapure,Miraj,43/3,Narwad,0.30,8.55,0.13,1.10,213.25,21.93,123.20,5.94,0.50,1.07,1.02,4.26,1.60
2791,58,Raju Sivappa Mali,Miraj,579,Narwad,0.80,8.52,0.33,0.71,225.79,13.02,302.40,12.32,0.46,1.37,1.84,5.32,0.16
2792,59,Ramesh Shankar Nagargoje,Miraj,471,Narwad,0.40,8.78,0.24,1.12,188.16,17.14,347.20,11.36,0.62,1.10,1.42,5.00,0.48
2793,60,Ramu Appu Narute,Miraj,172,Narwad,0.80,8.66,0.25,0.84,200.70,14.39,201.60,14.07,0.76,1.18,1.36,3.72,0.50
2794,61,Ranjana Panduranga Nagargoje,Miraj,156,Narwad,0.60,8.39,0.43,0.94,200.70,18.85,660.80,10.27,1.36,1.31,0.80,5.06,1.34
2795,62,Ratnabai BheemShen Banne,Miraj,484,Narwad,0.35,8.40,0.21,0.90,188.16,14.39,560.00,21.02,0.62,0.94,0.76,5.22,1.24
2796,63,Ravsaheb Appasaheb Patil,Miraj,817,Narwad,2.20,8.59,0.15,0.77,200.70,15.77,302.40,9.35,0.28,0.91,1.26,4.78,0.48
2797,64,Sahdev Babu Kolhapure,Miraj,42,Narwad,1.20,8.30,0.43,1.24,213.25,27.07,582.40,10.49,1.20,1.16,0.82,6.58,1.88
2798,65,Sambhaji Nayaku Mali,Miraj,48,Narwad,0.40,8.28,0.46,1.16,225.79,22.28,560.00,10.66,2.88,1.29,0.18,2.84,2.54
2799,66,Sampatrav Bhauso Chavan,Miraj,368,Narwad,1.61,8.02,0.79,1.04,225.79,18.16,694.40,8.65,2.20,1.04,1.26,2.46,0.88
2800,67,Sanjay Mahaveer Chaugule,Miraj,56,Narwad,0.60,8.42,0.48,1.07,225.79,21.93,302.40,8.35,1.60,1.12,1.28,1.46,0.94
2801,68,Sanjay Pundlik Kamalakar,Miraj,123,Narwad,0.60,8.57,0.30,0.81,200.70,21.25,201.60,9.57,0.60,1.19,0.90,3.58,0.62
2802,69,Satyapalinga Jamadar,Miraj,600/b,Narwad,0.80,8.50,0.24,1.02,225.79,12.68,291.20,9.00,0.28,1.44,1.18,5.16,0.86
2803,70,Shalan Shankar Kurle,Miraj,379,Narwad,0.88,8.25,0.57,0.69,213.25,18.85,336.00,10.53,4.40,1.65,1.12,1.92,2.08
2804,71,Shankar Raghoba mali,Miraj,668,Narwad,0.40,8.47,0.28,0.95,213.25,15.77,672.00,12.76,0.28,1.59,1.58,3.38,0.52
2805,72,Shantinath Bhopal Chaugule,Miraj,50,Narwad,1.20,8.39,0.15,1.15,213.25,14.39,448.00,7.12,2.34,1.53,0.90,3.64,1.76
2806,73,Shital Aapaso Chaugule,Miraj,55,Narwad,0.63,8.45,0.38,0.99,213.25,18.16,672.00,7.08,0.74,1.43,0.56,2.88,2.20
2807,74,Shital Mahavir Mamadpure,Miraj,578,Narwad,0.60,8.66,0.21,0.77,225.79,14.39,190.40,11.45,2.18,1.10,1.20,3.30,1.50
2808,75,Shivagonda BabaGonda Patil,Miraj,461,Narwad,2.20,8.46,0.36,0.51,238.34,13.37,448.00,13.81,0.90,1.29,1.10,3.64,0.78
2809,76,Shivaji Punappa Kanp,Miraj,601/a,Narwad,0.69,8.38,0.35,1.07,200.70,21.25,313.60,8.52,0.14,1.12,1.24,5.32,1.90
2810,77,Shivaji Ramu Kumbhar,Miraj,468/a,Narwad,1.60,8.41,0.27,0.73,225.79,27.07,246.40,17.09,0.28,1.02,0.96,3.28,0.44
2811,78,Shivaji Shankar Kodag,Miraj,322,Narwad,0.40,8.49,0.25,0.98,225.79,18.85,324.80,9.18,0.54,0.96,1.36,4.26,0.18
2812,79,Shrawan RajBhushan Patil,Miraj,153,Narwad,1.20,8.63,0.13,0.92,188.16,20.91,257.60,12.72,0.60,1.12,1.18,3.08,0.48
2813,80,Sidram Ramu Nature,Miraj,173,Narwad,1.20,8.64,0.33,0.49,263.42,17.82,313.60,11.36,3.16,1.41,1.38,5.26,3.62
2814,81,Srimant Anu Chaugule,Miraj,97,Narwad,0.30,8.48,0.28,1.32,213.25,12.34,560.00,6.60,2.24,1.47,1.42,3.46,1.90
2815,82,Srisail Maharudra Rajmane,Miraj,259,Narwad,0.40,8.13,0.58,1.12,225.79,21.59,403.20,18.27,1.06,1.24,1.12,3.92,1.30
2816,83,Sunil Balasaheb Shirsat,Miraj,610,Narwad,1.20,8.70,0.14,1.10,200.70,19.88,112.00,17.57,0.30,1.36,0.82,3.92,1.06
2817,84,Surekha Shrikant Mali,Miraj,73/3,Narwad,0.80,8.41,0.30,1.06,200.70,29.13,459.20,8.30,0.76,1.13,1.20,4.80,1.22
2818,85,Suresh Ramchandra VanMore,Miraj,520/2,Narwad,0.31,8.49,0.24,0.74,238.34,13.71,156.80,7.95,0.28,1.36,1.24,4.18,0.52
2819,86,Tai Shankar Ghabre,Miraj,51/1,Narwad,0.40,8.30,0.24,1.24,213.25,9.94,403.20,5.90,0.78,1.52,0.78,8.06,2.30
2820,87,Tippana Ganpati Pawar,Miraj,607,Narwad,0.60,8.53,0.22,1.12,225.79,20.56,369.60,10.71,0.26,1.29,1.26,4.40,1.40
2821,88,Varsha Ravso Patil,Miraj,816,Narwad,0.50,8.23,0.28,1.08,238.34,13.02,526.40,11.80,0.20,1.15,0.90,2.86,2.26
2822,89,Vidhya Babasaheb Kakade,Miraj,223/a,Narwad,0.90,8.67,0.24,0.59,200.70,19.54,414.40,11.14,0.46,0.92,1.30,3.30,0.16
2823,90,Vilas Sitaram Mali,Miraj,663,Narwad,0.40,8.61,0.27,1.77,238.34,14.39,235.20,11.84,0.96,1.29,1.08,5.70,2.30
2824,91,Vishnu Babu Kamlekar,Miraj,32,Narwad,0.80,8.22,0.58,1.62,188.16,12.68,560.00,10.71,1.98,1.31,3.38,6.46,1.82
2825,92,Vishwa Bhushan Srikanta Patil,Miraj,99,Narwad,1.40,8.52,0.27,0.88,238.34,16.45,302.40,11.19,1.08,0.95,0.94,4.34,1.06
2826,1933,Yashwant Balaso Kore,Miraj,874,Belanki,1.44,8.11,0.19,0.69,175.62,28.08,660.80,7.20,2.66,0.37,1.22,7.72,5.60
2827,1934,Suvarna Balaso Kore,Miraj,851,Belanki,1.62,8.12,0.28,0.47,188.16,14.71,526.40,5.58,3.12,0.55,0.94,7.76,5.90
2828,1935,Mangal Ganpati Chavan,Miraj,846,Belanki,0.84,8.12,0.31,0.44,200.70,28.97,560.00,5.67,1.30,0.98,3.64,9.16,3.84
2829,1936,Dadaso Mahadev Mali,Miraj,842,Belanki,1.20,8.37,0.27,0.71,213.25,31.20,436.80,8.51,1.42,0.85,1.56,7.36,4.28
2830,1937,Dadu Mayappa Gavade,Miraj,855,Belanki,2.40,7.91,0.60,1.08,200.70,37.00,761.60,11.65,1.92,0.27,1.90,7.48,5.62
2831,1938,Lalita Parsaram Kore Mali,Miraj,919/a,Belanki,0.89,8.13,0.35,1.06,188.16,38.78,481.60,5.15,2.46,0.24,1.50,5.96,3.82
2832,1939,Ashok Parsaram Mali Kore,Miraj,614,Belanki,0.97,7.53,1.00,P,175.62,35.22,672.00,19.15,1.94,0.26,1.34,7.92,3.40
2833,1940,Dashrath Gyanu Shinde,Miraj,927,Belanki,0.88,8.37,0.16,0.39,213.25,36.55,504.00,8.38,2.84,0.19,1.30,7.48,3.30
2834,1941,Appaso Sidgonda Patil,Miraj,927,Belanki,1.30,8.51,0.13,0.32,175.62,25.85,336.00,7.50,2.94,0.30,1.14,3.22,3.64
2835,1942,Jayshri Appaso Patil,Miraj,927,Belanki,1.40,8.16,0.26,0.36,225.79,10.70,436.80,6.50,2.02,0.66,0.78,3.12,3.76
2836,1943,Popatrao Jaywantrao Gaikwad,Miraj,612,Belanki,0.83,7.43,0.10,0.26,188.16,17.38,123.20,5.06,0.90,0.58,0.50,7.14,3.78
2837,1944,Dilip Sajjan Gaikwad,Miraj,612,Belanki,0.85,7.82,0.13,0.21,163.07,13.37,414.40,4.89,0.96,0.65,0.54,7.14,3.60
2838,1945,Subhash Maruti Landge,Miraj,1018,Belanki,0.89,7.87,0.14,0.17,163.07,12.48,246.40,6.15,0.66,0.61,3.18,8.98,4.46
2839,1946,Chandrakant Maruti Landge,Miraj,1010,Belanki,1.60,7.71,0.13,0.21,200.70,15.16,481.60,4.97,1.54,0.61,1.50,6.68,4.30
2840,1947,Mahavir Maruti Landge,Miraj,1013,Belanki,1.30,7.73,0.17,0.17,225.79,17.38,380.80,8.51,0.66,0.25,1.34,8.00,4.00
2841,1948,Jayshri Parmanand Gavhane,Miraj,1028,Belanki,1.30,7.72,0.17,0.21,225.79,10.70,526.40,6.06,0.92,0.17,1.34,6.08,3.58
2842,1949,Parmanand Mallappa Gavhane,Miraj,1032,Belanki,1.35,7.85,0.14,0.21,188.16,14.26,224.00,5.76,2.66,0.30,2.28,9.20,3.64
2843,1950,Mallappa Shivappa Gavhane,Miraj,1027,Belanki,2.05,8.19,0.12,0.17,163.07,10.25,425.60,6.24,0.86,0.42,1.30,6.88,3.68
2844,1951,Rani Chandrakant Landge,Miraj,87,Belanki,0.80,7.29,0.10,0.21,188.16,10.25,145.60,4.97,0.94,0.20,1.44,6.90,3.92
2845,1952,Sunita Mahavir Landge,Miraj,87,Belanki,0.80,7.24,0.13,0.18,188.16,11.14,515.20,5.37,1.92,0.27,1.46,5.96,3.40
2846,1953,Manisha Subhash,Miraj,87,Belanki,0.80,8.51,0.10,0.21,175.62,8.47,459.20,7.50,1.96,0.51,0.84,12.52,3.42
2847,1954,Mallikarjun Ramchandra Gavane,Miraj,1064,Belanki,3.10,8.15,0.12,0.18,188.16,7.58,358.40,5.32,0.72,0.54,2.94,7.92,3.60
2848,1955,Chandrashekhar Suresh Gavhane,Miraj,1082,Belanki,1.40,7.58,0.10,0.15,163.07,6.69,190.40,5.71,2.40,0.50,3.34,2.86,3.56
2849,1956,Balaso Nivrutti Gosavi,Miraj,69/2,Belanki,1.85,8.54,0.10,0.25,137.98,8.02,392.00,7.85,1.34,0.49,1.66,5.30,3.22
2850,1957,Shivanand Appaso Gavhane,Miraj,63,Belanki,2.25,8.43,0.10,0.25,175.62,9.36,291.20,7.20,1.22,0.56,2.56,6.76,2.48
2851,1958,Balu Bhau Nikam,Miraj,30/2,Belanki,2.22,7.56,0.10,0.21,188.16,28.08,369.60,7.76,1.26,0.61,1.50,3.44,3.20
2852,1959,Ramchandra Anandarao Gaikwad,Miraj,1095,Belanki,3.10,7.78,0.10,0.15,175.62,12.48,123.20,9.16,0.90,0.55,3.10,4.58,6.62
2853,1960,Shakuntala Ramchandra Gaikwad,Miraj,1094,Belanki,1.20,7.83,0.10,0.15,213.25,19.61,414.40,10.60,1.18,0.60,2.34,8.18,4.50
2854,1961,Balaso Ramchandra Gaikwad,Miraj,286,Belanki,1.20,8.23,0.12,0.22,188.16,28.97,324.80,8.68,1.98,0.61,1.88,11.18,4.30
2855,1962,Bandu Babu Nikam,Miraj,1084,Belanki,0.60,7.96,0.15,0.25,200.70,31.65,347.20,7.46,2.66,0.59,0.98,4.48,2.74
2856,1963,Anil Ganpati Kore Mali,Miraj,809,Belanki,2.40,8.06,0.14,0.26,213.25,23.18,548.80,10.51,3.78,0.68,1.90,5.28,3.38
2857,1964,Jayprakash Ganpati Kore Mali,Miraj,776,Belanki,1.60,8.36,0.11,0.58,175.62,19.17,324.80,11.47,3.38,0.55,1.58,8.20,3.34
2858,1965,Sharad Shivaji Randive,Miraj,631,Belanki,1.99,8.37,0.13,0.36,213.25,30.31,604.80,13.52,2.62,0.56,0.84,4.04,4.08
2859,1966,Ananda Maruti Randive,Miraj,628,Belanki,2.80,8.44,0.12,0.35,188.16,33.88,481.60,13.91,1.70,0.54,0.44,3.08,3.22
2860,1967,Ajit Maruti Randive,Miraj,628,Belanki,1.60,8.28,0.20,0.44,200.70,24.52,672.00,12.30,0.74,0.44,0.60,2.88,4.18
2861,1968,Chandrakant Sakharam Jadhav,Miraj,488,Belanki,1.00,7.65,0.10,0.28,213.25,22.73,313.60,10.12,0.96,0.55,0.18,1.60,3.42
2862,1969,Sakharam Dadu Jadhav,Miraj,380,Belanki,1.30,8.28,0.12,0.46,163.07,17.38,268.80,7.15,3.68,0.59,2.34,1.82,3.76
2863,1970,Kamal Sakharam Jadhav,Miraj,488,Belanki,1.00,8.49,0.11,0.69,150.53,20.95,347.20,6.67,3.10,0.64,2.32,3.96,3.02
2864,1971,Nagesh Mallappa Kudche,Miraj,686,Belanki,1.20,8.40,0.12,0.94,200.70,12.04,436.80,5.54,3.06,0.58,1.02,6.06,4.18
2865,1972,Mallappa Chanappa Kudche,Miraj,686,Belanki,1.00,8.68,0.10,0.26,150.53,9.81,224.00,4.14,3.16,0.54,0.34,7.98,4.18
2866,1973,Appaso Ashok Kudche,Miraj,686,Belanki,0.80,8.68,0.10,0.17,213.25,8.47,448.00,6.37,2.04,0.56,0.72,2.52,3.14
2867,1974,Jayshri Ashok Kudche,Miraj,686,Belanki,1.10,8.40,0.15,0.40,163.07,13.37,324.80,7.81,1.34,0.59,0.48,1.90,2.68
2868,1975,Ananda Ashok Kudche,Miraj,686,Belanki,0.60,8.44,0.11,0.29,188.16,11.59,548.80,8.42,2.92,0.67,0.22,1.98,3.06
2869,1976,Gangadhar Ramchandra Gavhane,Miraj,686,Belanki,1.40,8.30,0.13,0.21,163.07,16.94,347.20,9.25,2.90,0.46,0.22,2.24,3.66
2870,1977,Rajendra Ramchandra Gavhane,Miraj,686,Belanki,1.40,8.29,0.15,0.49,213.25,12.93,582.40,3.79,1.34,0.59,0.60,3.46,2.96
2871,1978,Vilasrao Babaso Ingwale,Miraj,920,Belanki,1.34,8.51,0.10,0.47,150.53,11.14,347.20,11.69,2.14,0.60,0.24,2.38,3.04
2872,1979,Shashikala Vilasrao Ingwale,Miraj,918/?,Belanki,1.27,8.32,0.15,0.50,163.07,21.84,560.00,7.37,4.10,0.51,0.06,2.96,2.40
2873,1980,Gajanan Shrirang Potdar,Miraj,444,Belanki,0.40,8.25,0.16,0.72,175.62,24.96,324.80,14.18,4.94,0.67,0.22,2.50,4.14
2874,1981,Chandrakant Baburao Mane,Miraj,444,Belanki,0.46,8.34,0.15,0.64,150.53,29.42,459.20,15.14,4.68,0.49,1.22,3.20,3.36
2875,1982,Annaso Babu Dhup,Miraj,177,Belanki,1.99,8.40,0.12,0.36,150.53,32.09,324.80,8.11,3.02,0.75,0.38,2.58,3.02
2876,1983,Chandrashekhar Suresh Gavane,Miraj,1082,Belanki,0.80,8.53,0.10,0.25,163.07,33.88,616.00,6.63,1.94,0.65,0.66,5.38,3.24
2877,1984,Vasant Gyanu Mali,Miraj,74,Belanki,1.20,8.52,0.10,0.17,188.16,28.08,302.40,5.85,1.60,0.65,0.30,5.04,3.78
2878,1985,Prakash Maruti Jatkar,Miraj,1042,Belanki,0.60,8.52,0.10,0.18,200.70,23.18,481.60,7.81,1.66,0.49,0.44,6.82,2.96
2879,1986,Sandeep Savanta Jatkar,Miraj,1072,Belanki,0.60,8.51,0.10,0.15,188.16,15.16,280.00,8.55,1.44,0.50,0.34,6.46,4.02
2880,1987,Yashwant Annappa Jatkar,Miraj,1072,Belanki,0.40,8.61,0.10,0.15,150.53,27.64,336.00,9.16,1.70,0.50,0.42,6.26,2.66
2881,1988,Dipali Parshuram Jatkar,Miraj,103/2,Belanki,0.60,8.57,0.10,0.36,200.70,13.82,246.40,11.04,1.26,0.59,0.28,6.68,3.24
2882,1989,Dattu Mahadev Jatkar,Miraj,106,Belanki,2.00,8.64,0.10,0.24,150.53,9.36,459.20,7.11,1.30,0.61,0.16,8.20,3.08
2883,1990,Krishna Mahadev Jatkar,Miraj,105,Belanki,2.00,8.52,0.10,0.19,200.70,7.58,280.00,8.46,1.34,0.67,0.36,7.28,2.60
2884,1991,Dattatray Sambhaji Gosavi,Miraj,69/2,Belanki,2.10,8.61,0.10,0.17,175.62,20.06,414.40,6.24,1.62,0.52,0.24,8.78,2.60
2885,1992,Rajesh Tukaram Shinde,Miraj,931,Belanki,1.08,8.55,0.10,0.29,188.16,25.41,347.20,3.40,2.14,0.50,0.52,8.26,3.22
2886,1993,Mangal Vilas Gaikwad,Miraj,880,Belanki,1.50,8.56,0.11,0.25,200.70,26.75,526.40,6.59,1.30,0.67,0.20,6.60,3.32
2887,1994,Prakash Santaram Kore,Miraj,850,Belanki,0.80,8.60,0.10,0.21,213.25,20.06,280.00,10.21,1.86,0.60,0.44,7.82,2.94
2888,1995,Suchitra Prakash Kore,Miraj,841,Belanki,0.80,8.56,0.10,0.25,175.62,8.47,392.00,12.04,1.32,0.58,0.14,7.02,3.66
2889,1996,Shakuntala Santaram Kore,Miraj,1139,Belanki,0.80,8.61,0.10,0.28,175.62,11.14,324.80,9.47,1.16,0.51,0.48,8.10,3.40
2890,1997,Archana Sunil Kore,Miraj,841,Belanki,1.20,8.60,0.11,0.17,163.07,20.95,436.80,6.28,2.24,0.62,0.28,6.64,4.06
2891,1998,Sunil Santaram Kore,Miraj,850,Belanki,0.80,8.58,0.10,0.17,200.70,19.17,347.20,5.37,4.58,0.59,0.32,8.28,2.96
2892,1999,Sachin Laxman Mane,Miraj,836,Belanki,3.00,8.58,0.10,0.21,200.70,36.55,425.60,7.15,1.92,0.72,0.82,5.34,2.88
2893,2000,Kishor Satappa Kore,Miraj,733,Belanki,1.20,8.55,0.10,0.56,213.25,32.99,302.40,8.59,4.50,0.62,0.72,6.50,2.50
2894,2001,Shivaji Maruti Bandgar,Miraj,788,Belanki,0.90,8.37,0.14,0.64,200.70,29.87,246.40,8.85,4.44,0.44,1.02,6.52,2.48
2895,2002,Dhananjay Santaram Mali,Miraj,778,Belanki,2.10,8.22,0.24,0.44,188.16,38.34,302.40,6.32,4.78,0.68,0.12,5.46,2.84
2896,2003,Ajitrao Ankushrao Jadhav,Miraj,455,Belanki,1.56,8.32,0.13,0.56,175.62,22.73,504.00,9.25,1.64,0.56,0.86,3.86,2.36
2897,2004,Amol Ankush Jadhav,Miraj,455,Belanki,1.57,8.58,0.10,0.44,213.25,37.00,235.20,11.91,4.96,0.71,0.32,4.50,4.28
2898,2005,Bharat Shankar Jadhav,Miraj,457,Belanki,1.20,8.42,0.13,0.28,188.16,8.02,526.40,6.85,4.92,0.66,0.14,6.30,3.96
2899,2006,Amit Ramchandra Pawar,Miraj,457,Belanki,0.60,8.65,0.11,0.25,225.79,14.71,324.80,6.50,1.68,0.61,0.26,4.94,4.32
2900,2007,Subhash Shankar Jadhav,Miraj,457,Belanki,0.80,8.50,0.11,0.39,200.70,9.81,459.20,5.58,1.68,0.46,0.32,9.52,4.32
2901,2008,Shivaji Pandurang Jadhav,Miraj,457,Belanki,0.80,8.30,0.10,0.29,213.25,21.40,280.00,8.07,0.96,0.56,0.48,6.68,5.22
2902,2009,Amol Bhimrao Metkari,Miraj,707,Belanki,0.84,8.64,0.10,0.22,188.16,25.41,672.00,5.80,2.82,0.72,0.22,5.28,4.86
2903,2010,Phulabai Bhimrao Metkari,Miraj,714,Belanki,0.76,8.60,0.10,0.53,163.07,16.05,235.20,6.76,4.36,0.67,0.42,7.14,5.20
2904,2011,Bhimrao Krishna Metkari,Miraj,722,Belanki,1.15,8.21,0.53,0.44,175.62,10.70,593.60,8.24,1.16,0.62,0.34,4.82,4.98
2905,2012,Ramchandra Krishna Metkari,Miraj,714,Belanki,1.30,8.53,0.10,0.29,225.79,15.60,358.40,11.65,1.18,0.50,0.08,6.18,4.42
2906,2013,Abaso Sopan Metkari,Miraj,717,Belanki,1.20,8.59,0.10,0.31,200.70,12.04,448.00,14.96,1.04,0.52,0.18,6.30,5.74
2907,2014,Abhijit Bandu Nikam,Miraj,1084,Belanki,0.80,8.54,0.17,0.28,225.79,16.94,212.80,17.88,1.24,0.71,0.28,7.70,4.52
2908,2015,Sadashiv Balu Nikam,Miraj,1084,Belanki,0.60,8.52,0.10,0.25,200.70,24.96,694.40,18.10,5.20,0.71,0.16,7.78,5.50
2909,2016,Sanjay Chandar Kore,Miraj,1077,Belanki,0.82,8.53,0.10,0.39,163.07,30.31,280.00,6.32,1.18,0.57,0.16,7.04,5.26
2910,2017,Ashok Chandar Kore,Miraj,1077,Belanki,0.82,8.62,0.10,0.26,188.16,35.22,593.60,12.52,1.30,0.61,0.20,6.28,5.32
2911,2018,Omkar Vilas Mali,Miraj,780,Belanki,1.40,8.57,0.10,0.15,213.25,18.72,336.00,9.12,1.90,0.49,0.28,5.74,4.42
2912,2019,Ramesh Krishna Mali,Miraj,780,Belanki,1.40,8.29,0.16,0.25,200.70,15.60,683.20,6.46,1.22,0.61,0.26,10.20,5.52
2913,2020,Akshay Arun Mali,Miraj,780,Belanki,0.80,8.39,0.13,0.28,188.16,7.13,369.60,5.98,1.34,0.72,0.48,7.28,5.24
2914,2021,Laxman Balu Metkari,Miraj,794,Belanki,0.52,8.20,0.15,0.21,200.70,19.17,761.60,8.55,1.28,0.67,1.02,6.46,4.70
2915,2022,Mahadev Ananda Metkari,Miraj,713,Belanki,0.92,8.39,0.12,0.22,163.07,23.18,347.20,10.25,1.28,0.50,0.52,7.06,3.94
2916,2023,Sarika Mahadev Metkari,Miraj,717,Belanki,1.00,8.33,0.10,0.25,150.53,17.83,459.20,6.19,3.64,0.72,1.02,8.64,4.78
2917,2024,Suresh Hariba Metkari,Miraj,710,Belanki,0.60,8.41,0.10,0.17,213.25,21.84,324.80,5.15,5.20,0.57,0.26,6.38,5.42
2918,2025,Kanderaho Arjun Jagdale,Miraj,100,Padmale,0.25,8.27,0.28,0.57,188.16,34.32,313.60,5.32,0.98,1.18,1.84,5.72,4.22
2919,2026,Kusum Arjun Jagdale,Miraj,141,Padmale,0.60,8.17,0.37,0.53,213.25,16.05,425.60,4.71,1.76,1.62,1.12,8.72,4.68
2920,2027,Dastgir Husen,Miraj,222,Padmale,0.41,7.91,0.36,0.86,200.70,17.83,448.00,3.75,3.38,1.37,1.00,12.96,5.12
2921,2028,Mulla Ebbrhim Mulani,Miraj,222,Padmale,0.54,7.90,1.00,0.97,188.16,37.00,504.00,27.70,0.98,1.01,0.74,10.54,3.44
2922,2029,Jitendr Balaso Shinde,Miraj,287,Padmale,0.45,8.22,0.29,0.69,200.70,21.40,392.00,4.93,0.82,1.09,1.24,5.18,3.72
2923,2030,Mohan Mahadev Shinde,Miraj,289,Padmale,0.35,8.22,0.28,0.75,163.07,6.69,470.40,3.79,1.86,0.70,1.02,8.20,3.10
2924,2031,Nanaso Sadashiv Shinde,Miraj,279,Padmale,0.35,7.95,0.32,0.39,175.62,10.25,392.00,8.24,1.48,1.20,0.98,6.70,4.22
2925,2032,Ranaram Aananda Shinde,Miraj,288,Padmale,0.20,7.97,0.56,0.43,225.79,25.85,358.40,7.98,3.78,0.73,0.68,10.32,4.02
2926,2033,Sardar Ebrahim Mulani,Miraj,222,Padmale,0.54,7.86,0.45,1.03,188.16,28.08,448.00,3.36,8.64,0.91,1.00,10.06,3.70
2927,2034,Dattajirao Govind Shinde,Miraj,280,Padmale,0.36,8.24,0.20,0.64,213.25,14.26,414.40,3.88,0.96,1.22,1.14,10.36,4.62
2928,2035,Madhukar Parsu Koli,Miraj,224,Padmale,1.72,8.16,0.15,0.53,175.62,5.35,369.60,2.49,0.90,1.26,1.26,13.62,3.62
2929,2036,Shivaji Govind Shinde,Miraj,280,Padmale,0.36,8.30,0.18,0.54,213.25,12.48,403.20,6.06,0.90,1.06,1.14,9.78,3.16
2930,2037,Arvind Shamraho Patil,Miraj,50,Padmale,0.39,8.03,0.20,0.56,175.62,39.23,448.00,5.50,1.12,1.00,1.40,12.42,4.56
2931,2038,Balaso Sakhram Madane,Miraj,240,Padmale,0.22,8.16,0.60,0.71,188.16,36.11,347.20,7.72,1.10,1.18,1.08,9.12,4.22
2932,2039,Rajaram Keshav Patil,Miraj,136,Padmale,0.40,8.39,0.38,0.81,188.16,8.47,380.80,3.27,0.76,1.24,1.04,8.40,4.02
2933,2040,Dadaso Baburaho Mhoparr,Miraj,121,Padmale,0.85,8.11,0.27,0.86,213.25,6.69,515.20,3.79,1.08,0.92,1.38,11.50,3.84
2934,2041,Nandkumar Ananda Patil,Miraj,227,Padmale,1.44,8.07,0.32,0.69,175.62,6.24,392.00,3.45,0.72,1.34,0.86,11.18,4.84
2935,2042,Nilkhant Shivhari Kabade,Miraj,198,Padmale,0.40,8.09,0.19,0.56,188.16,20.95,123.20,3.84,2.36,0.99,1.28,10.22,3.30
2936,2043,Babaso Narayan Koli,Miraj,315,Padmale,0.35,8.24,0.13,0.28,175.62,36.55,268.80,2.75,0.50,1.26,1.04,12.14,4.74
2937,2044,Vilas Narayan Koli,Miraj,315,Padmale,0.34,8.15,0.12,0.60,188.16,16.05,481.60,3.71,1.18,1.50,1.34,15.40,4.54
2938,2045,Laxman Pundlik Koli,Miraj,216,Padmale,0.25,7.84,0.76,0.44,175.62,35.22,112.00,10.73,1.76,1.49,0.94,12.78,2.44
2939,2046,Vikarm Sadashiv Patil,Miraj,293,Padmale,0.55,8.25,0.20,0.51,200.70,31.20,448.00,3.32,0.64,1.40,1.48,8.38,4.90
2940,2047,Prakash Sadashiv Patil,Miraj,206,Padmale,0.53,7.65,1.01,0.60,163.07,15.16,459.20,20.85,1.64,2.47,0.36,17.64,5.60
2941,2048,Raghunath Sadashiv Patil,Miraj,294,Padmale,0.53,7.45,1.01,0.58,200.70,19.17,347.20,20.20,2.60,1.10,1.26,20.48,5.94
2942,2049,Vijay Jinnappa Birnale,Miraj,291,Padmale,0.60,8.04,0.15,0.44,188.16,23.18,358.40,6.80,2.14,1.11,0.90,21.08,3.62
2943,2050,Sukumar Atamaraho Jagdale,Miraj,278,Padmale,0.33,8.27,0.16,1.08,213.25,7.58,448.00,9.47,1.26,0.73,1.24,20.08,2.94
2944,2051,Vishwash Pandurang kamble,Miraj,276,Padmale,0.35,7.84,0.61,0.72,175.62,12.93,448.00,13.52,1.66,1.08,0.62,7.98,3.42
2945,2052,Mahavir Jinappa Birnale,Miraj,291,Padmale,1.20,8.31,0.31,0.60,188.16,16.94,571.20,4.75,2.54,1.09,0.88,21.52,3.18
2946,2053,Sanjay Keshaw Sawant,Miraj,66,Padmale,0.80,7.94,0.34,0.79,213.25,27.64,358.40,5.58,1.00,0.69,0.68,13.50,4.52
2947,2054,ajij mahmad karim,Miraj,65,Padmale,0.60,8.09,0.52,1.01,200.70,23.63,134.40,6.41,3.30,0.88,0.82,21.62,3.78
2948,2055,Vikas Vinayak Patil,Miraj,10,Padmale,1.06,8.19,0.38,0.44,213.25,19.61,369.60,9.51,1.28,1.05,0.34,14.92,5.00
2949,2056,Sharad Vasant Mane,Miraj,99,Padmale,0.87,7.96,1.00,0.51,188.16,32.99,324.80,14.35,1.08,0.72,0.82,11.82,2.78
2950,2057,Rajaram Rama Jagdale,Miraj,120,Padmale,0.30,8.30,0.38,0.51,163.07,34.77,492.80,6.15,1.76,0.96,0.40,16.94,3.20
2951,2058,Anil Balwant Yadhav,Miraj,127,Padmale,0.54,8.23,0.18,0.47,200.70,13.82,436.80,5.89,1.32,0.77,0.58,20.06,2.94
2952,2059,Pandit Balu Jagdale,Miraj,329,Padmale,2.20,7.96,0.15,0.49,200.70,32.09,336.00,5.67,3.70,0.59,0.78,17.54,3.96
2953,2060,Mohan Namdev Jagdale,Miraj,328,Padmale,0.30,8.10,0.14,0.50,150.53,15.16,324.80,6.28,2.46,0.55,1.06,3.40,2.78
2954,2061,Shivaji Shankar Mohite,Miraj,317,Padmale,0.20,8.29,0.11,0.36,163.07,28.97,347.20,7.94,0.62,0.64,1.30,20.34,3.52
2955,2062,Bajiraho Balaso Koli,Miraj,315,Padmale,0.35,8.18,0.13,0.39,137.98,35.22,302.40,8.99,0.86,0.86,1.30,19.40,4.30
2956,2063,Jashing Pandurang Patil,Miraj,248,Padmale,3.60,8.14,0.19,0.46,175.62,38.78,280.00,8.59,0.90,0.80,1.36,20.02,3.46
2957,2064,Mahesh Maruti Chavan,Miraj,143,Padmale,0.60,8.22,0.14,0.64,188.16,36.55,324.80,7.24,0.94,0.65,1.04,18.08,4.22
2958,2065,Sujata Anandarao Gaikwad,Miraj,118,Padmale,0.34,8.29,0.13,0.58,163.07,36.11,291.20,8.64,1.00,0.61,1.18,18.90,3.70
2959,2066,Sadanand Dattatray Jagdale,Miraj,119,Padmale,1.02,8.23,0.45,0.43,200.70,24.07,380.80,10.29,0.82,0.62,1.12,18.40,3.86
2960,2067,Malhari Narayan Jagdale,Miraj,119,Padmale,1.02,8.04,0.17,0.47,175.62,29.87,324.80,11.04,0.58,0.92,1.04,15.86,2.64
2961,2068,Ananda Mahadev Koli,Miraj,124,Padmale,0.65,8.08,0.18,0.57,163.07,15.60,380.80,10.51,1.02,0.55,2.40,17.58,2.96
2962,2069,Ananda Hari Jagdale,Miraj,118,Padmale,0.55,8.09,0.15,0.42,627.20,12.04,324.80,11.43,0.94,0.68,1.44,20.32,2.30
2963,2070,Sarjerao Hari Jagdale,Miraj,118,Padmale,0.65,8.21,0.13,0.54,188.16,20.50,392.00,8.42,0.84,0.77,3.38,14.68,3.74
2964,2071,Vijay Tukaram Desai,Miraj,116,Padmale,0.39,8.14,0.15,0.33,200.70,8.47,380.80,7.07,0.92,0.73,1.52,20.92,3.90
2965,2072,Ramesh Hari Jagdale,Miraj,332,Padmale,0.42,8.07,0.28,0.39,150.53,36.55,313.60,6.32,1.00,0.67,1.84,20.70,4.68
2966,2073,Ravindra Shankar Gidde,Miraj,183,Padmale,0.40,8.13,0.22,0.57,150.53,32.54,302.40,5.89,0.86,0.63,1.58,21.74,3.74
2967,2074,Ravindra Jagannath Patil,Miraj,183,Padmale,0.40,8.22,0.17,0.71,175.62,39.23,358.40,5.41,1.18,1.00,1.66,21.28,4.32
2968,2075,Rajesh Pandit Koli,Miraj,98,Padmale,0.20,7.98,0.19,0.28,163.07,19.17,403.20,7.55,1.08,0.81,1.34,24.46,4.98
2969,2076,Manoj Shamrao Patil,Miraj,262,Padmale,0.14,8.05,0.19,0.40,175.62,28.53,436.80,8.03,1.14,1.10,1.86,20.76,4.62
2970,2077,Bharti Vilas Patil,Miraj,117,Padmale,0.20,7.79,0.50,0.65,200.70,37.44,324.80,6.59,1.42,0.75,1.72,24.98,2.80
2971,2078,Baban Ananda Suryavanshi,Miraj,199,Padmale,0.62,8.06,0.21,0.65,175.62,27.64,324.80,5.93,3.58,1.36,1.74,23.00,4.74
2972,2079,Bapu Balu Sawant,Miraj,226,Padmale,0.96,8.08,0.20,0.72,213.25,23.63,369.60,7.37,1.64,0.94,1.78,22.64,5.04
2973,2080,Pandit Piraji Patil,Miraj,22,Padmale,0.78,8.19,0.12,0.64,175.62,11.14,246.40,5.41,1.60,0.78,1.02,22.94,3.80
2974,2081,Prakash Yashwant Jagdale,Miraj,344,Padmale,0.20,7.90,0.34,0.28,163.07,7.58,268.80,7.94,1.18,0.98,1.04,21.86,3.74
2975,2082,Nagesh Ramchandra Patil,Miraj,128,Padmale,0.39,8.16,0.12,0.32,200.70,6.24,280.00,6.19,0.96,1.16,0.46,24.08,5.84
2976,2083,Dhondiram Gyanu Sapkal,Miraj,105,Padmale,0.38,7.97,0.26,0.33,188.16,14.71,280.00,10.12,1.42,0.82,1.08,23.80,4.76
2977,2084,Dastagir Amir Sayyed,Miraj,20,Padmale,0.29,8.04,0.25,0.36,200.70,11.59,347.20,11.52,1.48,0.55,1.72,17.34,4.42
2978,2085,Tanaji Ramchandra Patil,Miraj,129,Padmale,0.40,8.11,0.12,0.51,175.62,34.77,313.60,5.02,1.48,1.07,1.64,25.46,4.76
2979,2086,Gani Gulab Mulani,Miraj,59,Padmale,0.20,8.28,0.13,0.35,200.70,37.44,481.60,5.85,1.22,0.59,1.72,23.86,4.90
2980,2087,Gunwanta Shankar Nikam,Miraj,182,Padmale,0.54,8.06,0.20,0.33,175.62,24.52,302.40,4.80,1.14,0.56,1.40,27.18,4.52
2981,2088,Ashok Sadashiv Jagdale,Miraj,228,Padmale,0.42,8.15,0.13,0.58,200.70,13.37,369.60,7.15,1.18,0.91,1.58,24.46,4.66
2982,2089,Ashok Shamrao Kolhe,Miraj,211,Padmale,0.24,8.22,0.15,0.40,175.62,9.36,347.20,7.76,1.28,0.55,1.14,24.68,3.76
2983,2090,Ashok Gyanu Mane,Miraj,267,Padmale,0.27,8.07,0.19,0.64,200.70,19.61,504.00,7.24,0.80,1.07,1.64,21.72,3.42
2984,2091,Anil Dhanyu Patil,Miraj,215,Padmale,0.80,8.29,0.13,0.40,200.70,30.76,246.40,8.46,1.52,1.05,1.24,22.74,4.72
2985,2092,Sachin Neminath Birnale,Miraj,290,Padmale,0.80,7.55,1.00,0.32,175.62,35.66,291.20,9.51,1.58,0.96,1.94,21.76,5.14
2986,2093,Dadaso Kallappa Birnale,Miraj,290,Padmale,1.56,8.27,0.19,0.46,175.62,20.50,526.40,10.56,0.92,0.71,1.50,22.94,3.90
2987,2094,Apposo Attmaraho Pawar,Miraj,283,Padmale,0.79,8.25,0.10,0.24,175.62,36.11,470.40,6.59,1.20,0.97,1.68,20.28,3.56
2988,2095,Ramchandra Keshwa Sawant,Miraj,66,Padmale,0.20,7.48,0.72,0.61,200.70,14.26,448.00,12.91,1.18,0.92,1.78,20.04,4.42
2989,2096,Rasul Fardin Karim,Miraj,64,Padmale,0.20,7.57,1.00,0.64,163.07,28.08,392.00,7.98,1.28,0.79,1.62,21.22,5.24
2990,2097,Yusuf Fardeen Karim,Miraj,65,Padmale,0.20,8.11,0.41,0.72,188.16,22.29,336.00,7.46,1.56,0.83,1.60,23.22,5.02
2991,2098,Fardeen Karim Miraso,Miraj,65,Padmale,0.20,8.09,0.52,0.53,200.70,13.82,257.60,8.85,1.26,0.59,1.72,25.24,7.16
2992,2099,Rahman Fardeen Karim,Miraj,65,Padmale,0.20,8.00,0.64,0.44,163.07,10.70,268.80,9.47,5.28,0.78,1.26,22.64,6.66
2993,2100,Santosh Balu Harane,Miraj,64,Padmale,0.37,7.95,0.24,0.39,200.70,9.36,291.20,15.92,2.26,0.85,0.96,22.64,4.88
2994,2101,Bajrang Rangrao Sawant,Miraj,62,Padmale,0.50,8.05,0.35,0.58,163.07,18.72,302.40,12.43,2.86,0.74,0.92,15.50,5.14
2995,2102,Ranjana Krishna Sawanta,Miraj,19,Padmale,0.25,7.87,0.40,0.61,213.25,34.32,324.80,14.26,1.18,0.92,1.32,16.86,5.36
2996,2103,Ramzan Amir Sayyed,Miraj,20,Padmale,0.40,7.93,0.28,0.51,175.62,22.73,380.80,6.72,4.82,0.61,1.12,16.16,4.62
2997,2104,Dastagir Amir Sayyed,Miraj,20,Padmale,0.40,7.75,0.93,0.35,200.70,15.60,324.80,8.68,2.94,0.89,1.54,19.54,4.26
2998,2105,Bhopal Gyanu Patil,Miraj,21,Padmale,0.50,7.98,0.51,0.25,188.16,37.44,324.80,8.16,1.20,0.84,0.70,18.30,4.86
2999,2106,Jyoti Ram Eknath Sawant,Miraj,125,Padmale,0.26,7.48,1.00,0.31,150.53,29.42,392.00,7.11,1.62,0.76,1.78,18.12,5.04
3000,2107,Sukhdev Eknath Sawant,Miraj,", 125",Padmale,0.26,7.54,1.01,0.43,175.62,14.26,313.60,9.73,1.14,0.91,1.92,15.68,4.18
3001,2108,Vishwas Nivrutti Koli,Miraj,218,Padmale,0.20,8.03,0.87,0.57,175.62,17.38,302.40,13.17,0.82,0.60,1.88,17.98,3.74
3002,2109,Ratnabai Balaso Koli,Miraj,315,Padmale,0.02,8.09,0.18,0.50,363.78,9.81,358.40,8.64,1.10,0.75,2.02,15.46,4.12
3003,2110,Prakash Nivrutti Koli,Miraj,218,Padmale,0.30,8.10,0.63,0.28,200.70,23.63,403.20,5.93,1.04,1.00,2.04,14.40,5.08
3004,2111,Rajendra Santaram Ganeshkar,Miraj,268,Padmale,0.56,8.21,0.14,0.24,163.07,29.87,324.80,10.99,2.20,0.96,1.74,15.12,6.26
3005,2112,Sameer Iqbal Mulani,Miraj,222,Padmale,0.41,8.33,0.18,0.38,175.62,14.71,280.00,9.12,1.48,0.55,2.08,18.66,3.72
3006,2113,Indumati Vasantrao Ingale,Miraj,156,Padmale,0.40,7.87,0.58,0.39,163.07,36.11,246.40,7.11,1.74,0.59,1.00,21.60,3.64
3007,2114,Balaso Hari Jagdale,Miraj,118,Padmale,0.50,8.07,0.74,0.46,200.70,38.78,403.20,6.28,4.06,0.88,1.84,16.82,5.02
3008,2115,Dilip Shankar Shinde,Miraj,35,Padmale,0.23,8.14,0.61,0.40,163.07,26.30,358.40,5.89,1.02,0.63,3.14,18.92,4.04
3009,2116,Babhuraho Bala Chugule,Miraj,322,Padmale,6.07,7.79,0.22,0.49,150.53,12.48,291.20,5.54,1.00,0.69,1.76,15.66,3.56
3010,2117,Abaykumar bhupal patil,Miraj,135,Samdoli,1.00,8.56,0.21,0.60,213.25,9.36,336.00,30.40,0.60,0.61,1.16,10.50,2.80
3011,2118,Abhijit bajirav kambale,Miraj,1521,Samdoli,1.00,8.59,0.18,0.69,200.70,12.48,358.40,3.84,0.36,0.68,0.74,8.36,2.36
3012,2119,Aditya neminat patil,Miraj,462,Samdoli,1.00,8.35,0.25,0.83,175.62,15.16,492.80,36.82,0.38,0.59,0.86,30.78,2.60
3013,2120,Ajikya neminath patil,Miraj,1049/1,Samdoli,1.00,8.42,0.22,0.47,163.07,13.37,425.60,5.54,0.36,0.72,0.64,9.90,2.04
3014,2121,Ajit appaso bokare,Miraj,620,Samdoli,1.00,8.63,0.18,0.46,200.70,10.70,347.20,4.32,2.62,0.58,0.66,8.06,2.18
3015,2122,Amit tatyaso chavan,Miraj,1288,Samdoli,1.00,8.49,0.19,0.42,175.62,9.81,380.80,5.98,0.36,0.55,0.54,8.84,2.10
3016,2123,Anil bapuso patil,Miraj,756,Samdoli,1.00,8.51,0.20,0.60,163.07,12.93,336.00,7.68,0.36,0.85,0.60,8.24,2.04
3017,2124,Anil dadaso hervade,Miraj,221,Samdoli,1.00,8.58,0.19,0.79,213.25,15.60,436.80,6.80,0.38,0.78,0.60,8.38,2.08
3018,2125,Annaso kalgonda patil,Miraj,290,Samdoli,1.00,8.59,0.18,0.40,188.16,12.93,336.00,6.32,0.38,0.88,0.62,10.84,2.22
3019,2126,Annaso shantappa ingale,Miraj,822,Samdoli,1.00,8.52,0.20,0.76,200.70,15.16,369.60,30.53,0.30,0.74,0.66,9.42,2.06
3020,2127,Aruna ramesh fharate,Miraj,707,Samdoli,1.00,8.56,0.17,0.50,175.62,12.93,324.80,26.26,0.40,0.70,0.60,9.74,2.30
3021,2128,Ashok anna chavan,Miraj,1313,Samdoli,1.00,8.52,0.19,0.49,200.70,17.38,414.40,25.13,0.32,0.65,0.70,8.48,1.98
3022,2129,Ashok bhupal magdum,Miraj,1415,Samdoli,1.00,8.51,0.17,0.57,225.79,11.14,358.40,4.41,0.30,0.61,0.60,8.48,1.76
3023,2130,Ashok vitthal adsul,Miraj,1644,Samdoli,1.00,8.50,0.19,0.60,175.62,12.48,392.00,4.45,0.32,0.67,0.70,8.92,2.12
3024,2131,Bagyshree abaykumar patil,Miraj,1149,Samdoli,1.00,8.54,0.19,0.60,175.62,10.25,436.80,8.42,0.30,0.59,0.64,9.72,2.28
3025,2132,Balaso shripal chavan,Miraj,1611,Samdoli,1.00,8.47,0.18,0.71,163.07,13.37,448.00,4.36,0.32,0.72,0.64,8.04,1.96
3026,2133,Bapuso shamrav chavan,Miraj,1334,Samdoli,1.00,8.47,0.19,0.36,188.16,16.05,392.00,2.70,0.32,0.58,1.04,8.16,2.10
3027,2134,Bauso rajaram masale,Miraj,671,Samdoli,1.00,8.58,0.18,0.47,213.25,13.82,459.20,1.70,0.40,0.56,0.80,8.28,2.32
3028,2135,Bharti anil chavan,Miraj,522,Samdoli,1.00,8.49,0.18,0.67,188.16,14.71,336.00,8.46,0.28,0.68,0.86,10.22,1.94
3029,2136,Bharti kumgonda patil,Miraj,623,Samdoli,1.00,8.48,0.17,0.43,213.25,13.37,369.60,5.80,0.46,0.75,0.64,9.88,2.02
3030,2137,Chandrakant anna patil,Miraj,742,Samdoli,1.00,8.51,1.18,0.39,225.79,12.04,425.60,4.58,0.32,0.66,0.90,9.74,2.34
3031,2138,Chandrakant jinpal patil,Miraj,1233,Samdoli,1.00,8.49,0.18,0.39,200.70,10.70,436.80,6.85,0.24,0.56,0.82,8.14,2.18
3032,2139,Chavgonda kalgonda patil,Miraj,77,Samdoli,1.00,8.51,0.16,0.43,225.79,13.82,380.80,4.14,0.26,0.54,0.74,9.00,2.10
3033,2140,Dadaso appa agare,Miraj,1185,Samdoli,1.00,8.46,0.20,0.51,188.16,16.49,347.20,6.59,0.34,0.52,0.68,6.66,1.88
3034,2141,Dadaso nabhiraj dhole,Miraj,1575,Samdoli,1.00,8.50,0.17,0.40,175.62,12.48,425.60,5.89,0.34,0.50,0.76,9.04,2.00
3035,2142,Dhanpal shamarav murake,Miraj,1204,Samdoli,1.00,8.50,0.17,0.53,213.25,11.59,380.80,5.02,0.30,0.44,0.52,9.38,2.26
3036,2143,Dilip Sagonda patil,Miraj,1077,Samdoli,1.00,8.50,0.17,0.42,225.79,11.14,358.40,5.80,0.28,0.46,0.68,8.38,1.74
3037,2144,Fanchu shamrav chavan,Miraj,1327,Samdoli,1.00,8.46,0.19,0.25,213.25,14.26,470.40,5.15,0.30,0.52,0.68,7.78,1.74
3038,2145,Gunvanti babaso patil,Miraj,805/2/?,Samdoli,1.00,8.47,0.18,0.18,238.34,16.94,324.80,6.15,0.22,0.64,0.68,7.76,1.98
3039,2146,Gunvanti gunda koli,Miraj,386,Samdoli,1.00,8.46,0.19,0.22,188.16,11.14,515.20,6.37,0.28,0.75,0.78,7.64,1.88
3040,2147,Jagnnath datu adsul,Miraj,1521,Samdoli,1.00,8.47,0.19,0.32,175.62,8.92,336.00,2.27,0.32,0.71,0.78,10.38,2.20
3041,2148,Jambukumar bharma bharmgonda,Miraj,1160,Samdoli,1.00,8.55,0.18,0.28,213.25,11.59,537.60,5.85,0.24,0.77,0.80,6.62,1.90
3042,2149,Jaykumar nabu desai,Miraj,663,Samdoli,1.00,8.61,0.11,0.36,213.25,14.71,369.60,6.24,0.28,0.82,0.72,9.04,2.08
3043,2150,Jetendra balgonda patil,Miraj,1198,Samdoli,1.00,8.62,0.10,0.28,200.70,17.38,436.80,6.11,0.28,0.87,0.76,9.06,2.10
3044,2151,Jivandhar appaso magdhum,Miraj,713,Samdoli,1.00,8.63,0.14,0.40,188.16,12.04,313.60,6.76,0.30,0.90,0.68,6.68,2.30
3045,2152,Kiran bele,Miraj,760,Samdoli,1.00,8.64,0.11,0.18,175.62,13.37,302.40,6.94,0.34,0.76,0.72,8.64,2.14
3046,2153,Kiran shripati gunjate,Miraj,1363,Samdoli,1.00,8.47,0.19,0.17,200.70,16.49,459.20,5.71,0.26,0.67,0.78,8.98,1.86
3047,2154,Kumar addapa dhole,Miraj,1102,Samdoli,1.00,8.46,0.19,0.31,175.62,9.36,526.40,7.50,0.30,0.64,0.64,8.40,2.16
3048,2155,Kumar shamdonda patil,Miraj,1133,Samdoli,1.00,8.44,0.20,0.36,175.62,12.04,403.20,5.54,0.34,0.58,0.80,11.02,1.70
3049,2156,Kumgonda devgonda patil,Miraj,1063,Samdoli,1.00,8.51,0.16,0.38,200.70,14.71,358.40,3.93,0.34,0.70,0.88,10.80,2.00
3050,2157,Mahavir anna chavan,Miraj,617,Samdoli,1.00,8.54,0.19,0.26,175.62,17.38,347.20,7.76,0.30,0.80,0.82,10.88,2.22
3051,2158,Mahavir bhupal dhole,Miraj,1103,Samdoli,1.00,8.49,0.20,0.24,163.07,17.38,302.40,7.20,0.34,0.89,0.64,10.88,2.08
3052,2159,mahavir Shantinath maishale,Miraj,1002,Samdoli,1.00,8.42,0.13,0.39,175.62,13.82,515.20,6.50,0.32,0.78,0.82,10.00,1.92
3053,2160,Manik ragunath patil,Miraj,950,Samdoli,1.00,8.60,0.17,0.24,163.07,16.94,470.40,7.68,0.36,0.92,0.66,8.32,1.72
3054,2161,Neminath appaso patil,Miraj,442,Samdoli,1.00,8.61,0.11,0.57,188.16,9.81,347.20,8.03,0.40,0.68,0.66,8.94,1.84
3055,2162,Nivaruthi atmaram adsul,Miraj,1586,Samdoli,1.00,8.54,0.18,0.21,213.25,12.48,425.60,7.63,0.30,0.68,0.68,8.44,1.94
3056,2163,Paratik prakash demana,Miraj,1567,Samdoli,1.00,8.65,0.11,0.15,188.16,15.16,336.00,7.11,0.28,0.79,0.70,8.22,3.24
3057,2164,Prafulchandra annaso magdum,Miraj,662,Samdoli,1.00,8.51,0.18,0.25,225.79,12.48,470.40,11.86,0.28,0.66,0.92,9.70,1.94
3058,2165,Pratik mahavir dole,Miraj,1177,Samdoli,1.00,8.49,0.17,0.32,163.07,8.92,548.80,7.33,0.38,0.73,0.80,14.76,3.20
3059,2166,Pravin shrimandhar magdum,Miraj,163,Samdoli,1.00,8.47,0.18,0.25,150.53,16.05,380.80,4.84,0.54,0.62,0.74,13.00,2.12
3060,2167,Puraval shantinat khot,Miraj,803,Samdoli,1.00,8.77,0.17,0.17,200.70,14.26,268.80,6.63,0.58,0.89,0.64,9.94,1.94
3061,2168,Rahul subhash gunjate,Miraj,746,Samdoli,1.00,8.63,0.17,0.36,213.25,17.38,257.60,10.38,0.26,0.94,0.58,9.92,1.92
3062,2169,Rajani chandrakant patil,Miraj,950,Samdoli,1.00,8.58,0.19,0.50,213.25,10.25,324.80,10.64,0.32,0.97,0.64,10.50,2.12
3063,2170,Rajaram anna koli,Miraj,1556,Samdoli,1.00,8.72,0.12,0.24,175.62,12.93,414.40,10.25,0.36,0.88,0.58,9.64,3.22
3064,2171,Rajendra shrimandhar Patil,Miraj,761,Samdoli,1.00,8.61,0.15,0.25,200.70,15.60,504.00,5.50,0.38,0.82,0.64,12.54,2.24
3065,2172,Rajgonda paygonda patil,Miraj,1482,Samdoli,1.00,8.70,0.11,0.19,175.62,14.71,459.20,5.10,0.56,0.78,0.68,2.50,1.96
3066,2173,Raman dhanpal dole,Miraj,220,Samdoli,1.00,8.74,0.11,0.17,225.79,17.83,358.40,8.16,0.46,0.71,0.66,5.12,2.40
3067,2174,Ramchandra bhau godase,Miraj,782,Samdoli,1.00,8.68,0.15,0.32,200.70,10.70,246.40,7.02,0.40,0.67,0.64,1.92,2.62
3068,2175,Ramesh anna khot,Miraj,461,Samdoli,1.00,8.67,0.13,0.21,188.16,13.37,291.20,7.33,0.62,0.58,0.44,1.84,2.88
3069,2176,Ravindra anna khot,Miraj,461,Samdoli,1.00,8.71,0.10,0.24,213.25,17.38,324.80,6.63,0.62,0.54,0.66,2.06,2.66
3070,2177,Ravindra bapu agare,Miraj,1118,Samdoli,1.00,8.67,0.11,0.15,175.62,15.16,448.00,5.98,0.62,0.69,0.70,1.50,3.20
3071,2178,Ravsaheb anna koli,Miraj,1556,Samdoli,1.00,8.72,0.11,0.26,225.79,18.28,537.60,6.28,0.64,0.65,0.82,3.00,2.58
3072,2179,Raygonda balgonda patil,Miraj,1198,Samdoli,1.00,8.60,0.13,0.18,188.16,11.14,392.00,6.89,0.68,0.83,0.60,5.02,2.78
3073,2180,Sagar shripal patil,Miraj,1578,Samdoli,1.00,8.68,0.10,0.21,175.62,13.82,336.00,6.06,0.64,0.67,0.68,5.52,2.36
3074,2181,Sampat parisa demana,Miraj,1566,Samdoli,1.00,8.43,0.23,0.24,213.25,15.60,492.80,6.98,0.48,0.78,0.72,2.24,2.60
3075,2182,Sandeep ajit bele,Miraj,946,Samdoli,1.00,8.61,0.12,0.32,225.79,18.72,459.20,5.50,0.54,0.82,0.72,1.88,2.20
3076,2183,Sanjay mahadev hajare,Miraj,1652,Samdoli,1.00,8.72,0.11,0.19,200.70,11.59,560.00,5.10,0.60,0.72,0.78,1.88,2.58
3077,2184,Satish ravaso patil,Miraj,212,Samdoli,1.00,8.62,0.13,0.15,200.70,14.26,582.40,12.26,1.00,0.60,0.68,3.42,2.12
3078,2185,Satish vasant kavathekar,Miraj,1142,Samdoli,1.00,8.68,0.11,0.31,188.16,16.05,392.00,5.23,0.54,0.73,0.72,2.12,2.28
3079,2186,Shantinat sanjay patil,Miraj,202,Samdoli,1.00,8.61,0.12,0.42,213.25,19.17,280.00,8.55,0.48,0.59,0.66,3.60,2.66
3080,2187,Shital nabiraj bhore,Miraj,579,Samdoli,1.00,8.64,0.12,0.15,200.70,12.04,481.60,9.51,0.58,0.59,0.74,3.02,2.64
3081,2188,Shital tatyaso engale,Miraj,638,Samdoli,1.00,8.61,0.13,0.29,200.70,9.36,548.80,6.32,0.68,0.61,0.70,1.74,2.36
3082,2189,Shobha shantinath khot,Miraj,760,Samdoli,1.00,8.65,0.11,0.39,175.62,8.92,571.20,5.54,0.68,0.48,0.70,3.56,2.04
3083,2190,Shotal shripal bele,Miraj,921,Samdoli,1.00,8.58,0.19,0.29,238.34,13.82,448.00,5.19,0.70,0.44,0.62,2.46,1.88
3084,2191,Shrimandhar parisa magdum,Miraj,163,Samdoli,1.00,8.54,0.15,0.38,200.70,16.94,414.40,7.81,0.50,0.59,0.68,2.18,1.86
3085,2192,Subhash jinnapa khot,Miraj,978,Samdoli,1.00,8.58,0.15,0.31,225.79,19.17,291.20,10.25,0.46,0.07,0.66,2.86,2.22
3086,2193,Subhash shamrav khot,Miraj,471,Samdoli,1.00,8.54,0.17,0.36,188.16,12.48,235.20,8.03,0.42,0.61,0.68,4.54,1.80
3087,2194,Sudeep babuso khot,Miraj,563,Samdoli,1.00,8.77,0.16,0.31,225.79,9.36,369.60,12.43,0.54,0.74,0.62,1.56,1.96
3088,2195,Sudhakar bujgonda patil,Miraj,32,Samdoli,1.00,8.61,0.13,0.33,188.16,14.26,526.40,7.15,0.40,0.95,0.64,7.00,1.90
3089,2196,Suman shivaji koli,Miraj,386,Samdoli,1.00,8.63,0.13,0.21,163.07,17.38,548.80,9.03,0.46,0.66,0.68,5.06,2.12
3090,2197,Sunil mahavir  chavan,Miraj,1321,Samdoli,1.00,8.72,0.14,0.22,188.16,19.61,593.60,8.64,0.46,0.51,0.80,3.60,1.88
3091,2198,Sunita sunil patil,Miraj,1195,Samdoli,1.00,8.57,0.13,0.33,238.34,13.37,425.60,7.81,0.52,0.43,0.62,5.60,1.48
3092,2199,Suresh anna bhilvade,Miraj,1030,Samdoli,1.00,8.75,0.12,0.35,200.70,14.26,302.40,4.41,0.36,0.69,0.66,6.32,2.72
3093,2200,Suresh bupal chavan,Miraj,635,Samdoli,1.00,8.70,0.11,0.53,188.16,12.93,470.40,7.50,0.38,0.76,0.66,3.44,1.98
3094,2201,Suresh shamrav murake,Miraj,1204,Samdoli,1.00,8.65,0.12,0.18,213.25,9.81,347.20,7.11,0.42,0.80,0.70,4.28,1.70
3095,2202,Surgobda chavgonda patil,Miraj,1406,Samdoli,1.00,8.60,0.18,0.22,188.16,14.71,392.00,8.03,0.62,0.86,0.64,4.50,1.88
3096,2203,Suryakant Balaso magdum,Miraj,1569,Samdoli,1.00,8.71,0.13,0.28,213.25,17.83,414.40,6.67,0.44,0.82,0.76,5.34,1.90
3097,2204,Tatyaso bsbu chavan,Miraj,655,Samdoli,1.00,8.67,0.11,0.31,200.70,20.06,380.80,8.55,0.38,0.77,0.68,2.24,1.90
3098,2205,Trilok rajgonda patil,Miraj,1481,Samdoli,1.00,8.58,0.12,0.38,213.25,18.28,268.80,6.85,0.42,0.66,0.70,2.02,2.04
3099,2206,Uday anna nagave,Miraj,443,Samdoli,1.00,8.56,0.14,0.39,188.16,10.25,336.00,4.80,0.88,0.61,0.76,3.32,2.16
3100,2207,Vinay shripal chavan,Miraj,1242,Samdoli,1.00,8.55,0.11,0.29,200.70,15.16,280.00,6.06,0.40,0.75,0.68,4.02,2.12
3101,2208,????????? ??????? ?????,Miraj,1189,Samdoli,1.00,8.73,0.89,0.26,175.62,18.28,235.20,6.46,0.52,0.84,0.70,4.06,2.06
3102,2209,P Annaso shantappa ingale,Miraj,641,Samdoli,1.00,7.89,0.71,0.64,225.79,20.50,672.00,11.56,5.68,0.67,0.78,4.28,2.00
3103,2210,P Abhaykumar Appaso Bhokare,Miraj,630,Samdoli,1.00,8.00,1.00,0.32,213.25,10.70,537.60,8.33,6.20,0.58,1.08,12.50,1.58
3104,2211,P Ajij Abbas Mujavar,Miraj,710,Samdoli,1.00,7.96,0.78,0.58,200.70,15.60,683.20,5.28,6.24,1.97,0.72,7.02,1.60
3105,2212,P Dadaso Nabhiraj Dhole,Miraj,1575,Samdoli,1.00,7.95,0.80,0.50,238.34,18.72,705.60,4.49,6.20,0.79,0.76,10.50,1.54
3106,2213,P Kamal Mahavir Patil,Miraj,109,Samdoli,1.00,7.92,0.94,0.57,213.25,16.49,660.80,5.32,7.76,0.82,0.62,8.36,1.60
3107,2214,Aaddppa Babu Khot,Miraj,1148,Kavathe Piran,1.00,8.63,0.35,1.04,188.16,17.38,336.00,16.36,0.62,0.48,1.48,11.42,3.60
3108,2215,Aanaso Maruti Eedke,Miraj,712,Kavathe Piran,1.00,8.46,0.17,0.53,163.07,13.37,380.80,11.82,0.60,0.41,0.90,11.12,3.68
3109,2216,Aarjun Bhau Karvte,Miraj,2195,Kavathe Piran,1.00,8.52,0.17,0.61,175.62,13.82,392.00,13.13,0.44,0.68,0.80,11.16,3.08
3110,2217,Aarun Bhimrav Patil,Miraj,666,Kavathe Piran,1.00,8.56,0.16,0.85,163.07,20.95,436.80,13.17,0.50,0.89,0.86,10.22,3.28
3111,2218,Aarun Shivaji Pwar,Miraj,36,Kavathe Piran,1.00,8.46,0.20,0.69,150.53,18.28,414.40,10.86,0.66,0.78,0.80,9.08,3.08
3112,2219,Aayub Dastgir Mahabri,Miraj,843,Kavathe Piran,1.00,8.48,0.16,0.69,188.16,18.72,481.60,12.13,0.46,0.67,0.68,9.62,3.20
3113,2220,Abhijit Bajirao Hable,Miraj,2132,Kavathe Piran,1.00,8.48,0.14,0.31,163.07,16.94,403.20,11.21,0.54,0.74,0.70,10.62,3.58
3114,2221,Abhishek Balkrusha shahapure,Miraj,386,Kavathe Piran,1.00,8.45,0.24,0.76,213.25,16.05,347.20,12.17,0.46,0.90,0.68,11.44,3.32
3115,2222,Amarshih Ravso Chavan,Miraj,147,Kavathe Piran,1.00,8.44,0.22,0.76,175.62,14.71,380.80,10.64,0.46,0.93,0.64,11.26,3.48
3116,2223,Anil Aanda Patil,Miraj,147,Kavathe Piran,1.00,8.47,0.32,1.01,213.25,13.82,336.00,11.47,0.50,0.87,0.58,11.18,3.50
3117,2224,Anil Basappa Desai,Miraj,610,Kavathe Piran,1.00,8.49,0.22,0.82,163.07,15.60,436.80,14.48,0.48,0.77,0.56,11.74,3.42
3118,2225,Anil Basappa Desai,Miraj,123,Kavathe Piran,1.00,8.39,0.20,0.72,163.07,16.49,504.00,11.08,0.78,0.68,0.64,10.86,3.84
3119,2226,Aravind Ramchandra Karvate,Miraj,381,Kavathe Piran,1.00,8.42,0.16,0.86,175.62,14.71,414.40,10.73,0.36,0.84,0.74,10.68,3.38
3120,2227,Baban Pira Salukhe,Miraj,54,Kavathe Piran,1.00,8.41,0.22,0.79,213.25,19.61,470.40,12.52,0.50,0.97,0.62,9.54,3.32
3121,2228,Babaso Mahadhv Desai,Miraj,2040,Kavathe Piran,1.00,8.47,0.23,0.94,163.07,20.50,403.20,11.17,0.46,0.93,0.64,10.76,3.58
3122,2229,Babaso Rajaram Patil,Miraj,1164,Kavathe Piran,1.00,8.40,0.18,0.71,150.53,19.61,526.40,11.52,0.60,0.59,0.46,11.40,3.14
3123,2230,Balaso Jotiram Patil,Miraj,361/1,Kavathe Piran,1.00,8.41,0.20,0.42,175.62,14.71,336.00,10.69,0.56,0.77,0.66,9.88,3.36
3124,2231,Balaso Tatoba Desai,Miraj,984,Kavathe Piran,1.00,8.44,0.22,0.85,225.79,18.72,369.60,11.56,0.54,0.87,0.60,9.32,3.52
3125,2232,Balaso Vasant Patil,Miraj,86,Kavathe Piran,1.00,8.44,0.18,0.54,188.16,20.06,414.40,14.44,0.54,0.91,0.38,9.60,3.72
3126,2233,Balu Ganpati Chavin,Miraj,404,Kavathe Piran,1.00,8.40,0.19,0.81,175.62,20.06,537.60,10.12,0.62,0.72,0.38,9.98,3.42
3127,2234,Bandu Mahadev Patil,Miraj,76,Kavathe Piran,1.00,8.40,0.23,0.63,163.07,18.72,481.60,10.95,0.56,0.83,0.58,12.22,3.58
3128,2235,Bapuso Dhodiram Chavrekar,Miraj,73,Kavathe Piran,1.00,8.41,0.21,0.33,188.16,19.61,548.80,10.91,0.58,0.90,0.52,11.26,3.54
3129,2236,Dadaso Yasvat Patil,Miraj,675,Kavathe Piran,1.00,8.40,0.20,0.60,163.07,24.96,414.40,11.86,0.54,0.68,0.62,11.64,3.46
3130,2237,Dhanesvar  sanpat Patil,Miraj,38,Kavathe Piran,1.00,8.59,0.16,0.64,150.53,23.63,324.80,12.30,0.60,0.66,0.48,9.70,3.46
3131,2238,Dhanshri Manik Mane,Miraj,37,Kavathe Piran,1.00,8.43,0.21,0.90,200.70,18.28,380.80,10.77,0.56,0.62,0.44,10.04,3.58
3132,2239,Dhudappa Bapu Dhage,Miraj,1013,Kavathe Piran,1.00,8.38,0.23,0.78,175.62,18.72,336.00,9.81,0.50,0.57,0.54,9.54,3.22
3133,2240,Dinakar Piraji Gaykvad,Miraj,1343,Kavathe Piran,1.00,8.39,0.22,0.69,188.16,25.41,459.20,14.00,0.50,0.54,0.42,12.00,3.62
3134,2241,Ganpati Shankar Desai,Miraj,370,Kavathe Piran,1.00,8.48,0.16,0.76,163.07,22.73,515.20,10.56,0.36,0.65,0.56,9.56,3.96
3135,2242,Ganpati Sitaram Patil,Miraj,578,Kavathe Piran,1.00,8.45,0.15,0.60,213.25,19.17,448.00,11.78,0.62,1.02,0.52,10.54,3.28
3136,2243,Ganpatrao Maruti Kalekar,Miraj,312,Kavathe Piran,1.00,8.42,0.18,0.75,175.62,22.73,537.60,12.21,0.50,0.58,0.40,13.98,3.30
3137,2244,Hanmant Shashipal Chugle,Miraj,639,Kavathe Piran,1.00,8.45,0.16,0.82,150.53,25.85,425.60,13.13,0.52,0.70,1.04,11.60,3.36
3138,2245,Jag Nath Ramu Chogule,Miraj,458,Kavathe Piran,1.00,8.47,0.17,0.63,188.16,21.84,492.80,18.63,0.54,0.75,0.46,12.42,3.38
3139,2246,Jaganath Pandurag Patil,Miraj,92,Kavathe Piran,1.00,8.43,0.23,0.43,188.16,21.84,470.40,11.17,0.52,0.87,0.72,12.28,3.38
3140,2247,Jaywant Krushana Mali,Miraj,1617,Kavathe Piran,1.00,8.31,0.29,0.54,213.25,22.29,504.00,11.73,1.32,0.93,0.44,11.70,3.30
3141,2248,Kakaso Ranrav Desae,Miraj,2040,Kavathe Piran,1.00,8.45,0.17,0.60,188.16,25.85,336.00,11.38,0.48,0.49,0.32,12.32,3.24
3142,2249,Kamal Bhuso Desai,Miraj,1584,Kavathe Piran,1.00,8.40,0.21,0.35,188.16,25.85,392.00,11.65,0.54,0.87,0.46,10.44,3.38
3143,2250,Kuber Nabhiraj Khule,Miraj,360,Kavathe Piran,1.00,8.44,0.19,0.67,163.07,23.18,380.80,11.82,0.54,0.45,0.36,9.12,3.22
3144,2251,Kumar Bhimrav Khot,Miraj,286,Kavathe Piran,1.00,8.40,0.16,0.64,200.70,21.40,470.40,13.04,0.52,0.46,0.60,10.14,3.34
3145,2252,Kumar Shahu Valvade,Miraj,746,Kavathe Piran,1.00,8.47,0.18,0.71,225.79,20.95,526.40,11.34,0.56,0.59,0.30,12.24,3.20
3146,2253,Machindr Balaso Patil,Miraj,422,Kavathe Piran,1.00,8.38,0.21,0.68,188.16,18.28,403.20,11.04,0.44,0.53,0.54,11.02,3.04
3147,2254,Madvi Shivraj Vibhute,Miraj,143,Kavathe Piran,1.00,8.50,0.20,0.53,175.62,14.26,369.60,16.14,0.58,0.64,0.64,10.62,3.22
3148,2255,Mahadev Dattry Chougalle,Miraj,558,Kavathe Piran,1.00,8.47,0.20,0.53,225.79,16.94,291.20,17.01,0.70,0.74,0.60,10.16,3.18
3149,2256,Mahadhv Yashavt Patil,Miraj,674,Kavathe Piran,1.00,8.50,0.22,0.82,238.34,16.05,268.80,15.49,0.44,0.79,0.30,9.24,3.00
3150,2257,Mahavir Shamrav Nirvane,Miraj,16,Kavathe Piran,1.00,8.26,0.30,0.71,200.70,14.71,537.60,12.30,0.78,0.67,0.42,10.24,3.38
3151,2258,Mahavir Shrikant Hulle,Miraj,412,Kavathe Piran,1.00,8.48,0.22,0.72,175.62,17.38,593.60,10.21,0.46,0.82,0.64,9.70,3.16
3152,2259,Mahavir Suresh Hable,Miraj,254,Kavathe Piran,1.00,8.49,0.23,0.71,150.53,15.60,604.80,11.60,1.14,0.66,0.34,9.46,3.18
3153,2260,Mahesh Sadashiv Sabhar,Miraj,2,Kavathe Piran,1.00,8.41,0.21,0.40,188.16,17.83,481.60,12.56,0.58,0.73,0.26,14.72,3.22
3154,2261,Manik Rajaram Patil,Miraj,1164,Kavathe Piran,1.00,8.47,0.20,0.82,213.25,19.61,448.00,12.82,0.62,0.68,0.26,10.44,2.76
3155,2262,Manik Tukaram Mane,Miraj,98,Kavathe Piran,1.00,8.61,0.21,0.71,225.79,18.28,380.80,13.83,0.88,0.54,0.36,9.64,3.24
3156,2263,Maruti Daddtu Pwar,Miraj,402,Kavathe Piran,1.00,8.52,0.21,0.76,163.07,19.17,571.20,12.04,0.64,0.65,0.18,11.18,3.14
3157,2264,Mohan Ashok Vadgave,Miraj,880,Kavathe Piran,1.00,8.54,0.17,0.78,213.25,18.72,347.20,12.34,0.66,0.72,0.24,11.90,3.34
3158,2265,Nabhiraj Aanna Khule,Miraj,424,Kavathe Piran,1.00,8.48,0.21,0.82,238.34,19.17,392.00,9.25,0.66,0.79,0.38,11.44,3.38
3159,2266,Namdhev Ramchandra Patil,Miraj,1054,Kavathe Piran,1.00,8.49,0.31,0.54,200.70,18.72,425.60,10.34,0.62,0.85,0.18,10.68,3.26
3160,2267,Nelesh Nivruthi Patil,Miraj,1274,Kavathe Piran,1.00,8.44,0.25,0.56,188.16,19.61,448.00,10.69,0.62,0.65,0.14,9.18,3.26
3161,2268,Pandit Bhiva Patil,Miraj,96,Kavathe Piran,1.00,8.55,0.22,0.61,225.79,18.28,414.40,11.21,0.74,0.57,0.06,12.82,3.42
3162,2269,Pardip Tathyso Desai,Miraj,2040,Kavathe Piran,1.00,8.46,0.21,0.72,213.25,22.73,313.60,11.69,0.58,0.51,0.14,12.68,3.32
3163,2270,Piraji Tatoba Patil,Miraj,667,Kavathe Piran,1.00,8.26,0.25,0.42,200.70,23.18,268.80,12.17,0.54,0.97,0.10,12.30,3.74
3164,2271,Pirgoga Kallpa Desai,Miraj,1584,Kavathe Piran,1.00,8.51,0.14,0.69,225.79,24.52,246.40,11.17,0.74,0.88,0.34,13.38,3.28
3165,2272,Pradip Baburao Desai,Miraj,1183,Kavathe Piran,1.00,8.54,0.17,0.50,188.16,17.83,403.20,10.51,0.72,0.71,0.36,10.72,3.16
3166,2273,Prashant sanjay jakhalekar,Miraj,26,Kavathe Piran,1.00,8.53,0.12,0.63,225.79,14.71,280.00,13.52,0.90,0.68,0.24,14.90,3.42
3167,2274,Prashant Vishanu Desai,Miraj,1842,Kavathe Piran,1.00,8.43,0.15,0.67,250.88,16.05,313.60,15.92,1.00,0.78,0.16,7.52,3.48
3168,2275,Rahul Jagnath Jadhav,Miraj,89,Kavathe Piran,1.00,8.45,0.18,0.36,200.70,19.61,235.20,16.75,0.94,0.87,0.24,6.76,3.04
3169,2276,Rajaram Bapu Patil,Miraj,677,Kavathe Piran,1.00,8.44,0.20,0.57,213.25,18.28,324.80,12.78,1.62,0.93,0.18,10.50,3.14
3170,2277,Rajendr Shiva Desai,Miraj,2040,Kavathe Piran,1.00,8.41,0.16,0.35,188.16,20.06,392.00,13.83,1.24,0.82,0.30,7.82,2.90
3171,2278,Rajendra Nabhiraj Madake,Miraj,1628,Kavathe Piran,1.00,8.52,0.12,0.72,225.79,23.18,369.60,14.35,1.42,0.55,0.26,3.28,3.08
3172,2279,Raju Vasant Malo,Miraj,1617,Kavathe Piran,1.00,8.47,0.20,0.67,175.62,24.52,459.20,18.06,0.86,0.58,0.30,3.82,3.18
3173,2280,Ramchandra Dattary Salunkhe,Miraj,1418,Kavathe Piran,1.00,8.34,0.24,0.43,200.70,20.50,526.40,12.78,0.80,0.54,0.20,2.68,3.60
3174,2281,Raygonda Bandu Madke,Miraj,353,Kavathe Piran,1.00,8.72,0.10,0.60,112.90,17.83,470.40,11.34,0.72,0.72,0.28,5.94,3.52
3175,2282,Sachin Tatyaso Desai,Miraj,2040,Kavathe Piran,1.00,8.53,0.11,0.64,175.62,18.28,358.40,12.26,0.90,0.64,0.32,3.84,3.42
3176,2283,Sadashiv Maruthi Kolekar,Miraj,1338,Kavathe Piran,1.00,8.55,0.12,0.68,213.25,20.95,336.00,11.43,0.74,0.78,0.18,8.00,3.32
3177,2284,Sadashiv Yashavt Patil,Miraj,700,Kavathe Piran,1.00,8.51,0.12,0.60,163.07,22.73,280.00,14.22,0.74,0.62,0.30,2.66,3.02
3178,2285,Sagar Baban Karvate,Miraj,414,Kavathe Piran,1.00,8.54,0.10,0.40,200.70,22.29,268.80,12.00,0.80,0.70,0.34,2.50,3.46
3179,2286,Sagar Pandurag Patil,Miraj,1974,Kavathe Piran,1.00,8.41,0.22,0.44,175.62,21.40,257.60,9.55,0.78,0.60,0.22,4.18,1.52
3180,2287,Sambhaji Shivaji Shinde,Miraj,134,Kavathe Piran,1.00,8.46,0.56,0.43,213.25,18.28,414.40,10.38,0.66,0.82,0.14,5.56,3.38
3181,2288,Sanbhaji Balaso Patil,Miraj,782,Kavathe Piran,1.00,8.40,0.30,0.82,188.16,16.49,280.00,11.30,0.76,0.79,0.38,2.26,3.30
3182,2289,Sandeep Baban Karvate,Miraj,4141,Kavathe Piran,1.00,8.42,0.60,0.31,213.25,27.64,515.20,16.75,0.80,0.85,0.38,2.40,3.42
3183,2290,Sanjay Bhimrao Karvte,Miraj,2195,Kavathe Piran,1.00,8.46,0.14,0.47,163.07,24.96,537.60,15.35,0.64,0.70,0.60,4.12,3.26
3184,2291,Shabbir Rasul Patan,Miraj,859,Kavathe Piran,1.00,8.79,0.11,0.53,188.16,26.75,470.40,18.15,0.62,0.61,0.40,3.36,3.04
3185,2292,Shashikant Shamrao Gurv,Miraj,146,Kavathe Piran,1.00,8.44,0.13,0.49,175.62,30.31,380.80,20.55,0.70,0.68,0.18,3.18,3.04
3186,2293,Shivaji Balaso Patil,Miraj,182,Kavathe Piran,1.00,8.40,0.17,0.65,163.07,26.30,291.20,18.41,0.66,0.61,0.30,3.46,3.04
3187,2294,Shivaji Dhanu Patil,Miraj,1541,Kavathe Piran,1.00,8.55,0.26,0.39,175.62,20.06,257.60,16.31,0.68,0.59,0.12,4.56,3.20
3188,2295,Uattm Shitam Vadgave,Miraj,1336,Kavathe Piran,1.00,8.49,0.14,0.35,163.07,16.49,392.00,15.75,0.66,0.55,0.20,2.20,3.30
3189,2296,Uday Mohan Suruvshi,Miraj,579,Kavathe Piran,1.00,8.36,0.29,0.36,213.25,11.59,548.80,12.52,0.66,0.68,0.20,3.30,3.12
3190,2297,Udayshih Baburao Jadhav,Miraj,349/2,Kavathe Piran,1.00,8.56,0.17,0.49,163.07,10.70,571.20,12.08,0.90,0.61,0.24,2.86,3.34
3191,2298,Vikas Aanoso Chavrekar,Miraj,5,Kavathe Piran,1.00,8.56,0.14,0.29,188.16,15.60,268.80,11.86,0.72,0.84,0.26,2.84,3.32
3192,2299,Vinayak Shivraj Vibhute,Miraj,143,Kavathe Piran,1.00,8.49,0.18,0.54,175.62,16.49,492.80,12.48,0.80,0.67,0.32,2.22,3.18
3193,2300,Vinayak Sudhakr Patil,Miraj,270,Kavathe Piran,1.00,8.43,0.12,0.47,188.16,19.61,526.40,11.08,0.78,0.60,0.66,5.04,3.30
3194,2301,Vinod Shivaji Vadgave,Miraj,70,Kavathe Piran,1.00,8.44,0.15,0.42,163.07,19.17,548.80,11.60,1.06,0.62,0.32,2.76,3.36
3195,2302,Vishal Maruthi Dide,Miraj,2090,Kavathe Piran,1.00,8.28,0.16,0.58,150.53,19.17,459.20,10.82,0.80,0.57,0.42,3.84,3.82
3196,2303,Yashwant Shankar Koli,Miraj,307,Kavathe Piran,1.00,8.33,0.17,0.46,225.79,24.96,358.40,9.55,0.96,0.53,0.42,2.64,3.30
3197,2304,Youraj Shamrao Sarde,Miraj,2008,Kavathe Piran,1.00,8.21,0.10,0.35,200.70,18.72,414.40,13.04,0.96,0.65,0.68,3.16,3.88
3198,2305,Mahavir Balaso Valvde,Miraj,745/3,Kavathe Piran,0.60,8.32,0.12,0.40,163.07,18.72,436.80,9.77,0.98,0.75,0.56,6.72,3.58
3199,2306,P Gajendr Shridhar Sarde,Miraj,???,Kavathe Piran,0.40,8.37,0.49,1.36,175.62,18.28,526.40,15.83,0.80,0.81,0.34,3.52,3.30
3200,2307,P Rajendra Ravsaheb Madke,Miraj,???,Kavathe Piran,1.00,7.94,0.73,1.01,213.25,16.49,694.40,16.10,8.20,0.72,0.56,4.70,3.02
3201,2308,P Rajvardan Ramchandr Patil,Miraj,???,Kavathe Piran,1.00,7.96,0.70,1.40,150.53,13.82,728.00,10.82,7.20,1.04,0.48,9.46,3.36
3202,2309,P Sadand Gunda Dorle,Miraj,???,Kavathe Piran,1.00,7.93,0.67,1.14,200.70,17.38,683.20,11.30,8.20,0.87,0.46,2.72,3.28
3203,2310,P Sunita Aanda Patil,Miraj,???,Kavathe Piran,1.00,7.89,0.98,0.96,188.16,13.37,705.60,14.70,8.00,0.76,0.46,6.48,3.40
3204,2311,Abhimanyu Arjun Pati,Miraj,679,Karoli (m),0.76,8.45,0.11,0.47,351.23,12.93,526.40,7.81,1.50,1.12,1.90,4.58,6.14
3205,2312,Adhik Rangrao Patil,Miraj,408,Karoli (m),0.24,8.41,0.10,0.40,275.97,28.53,347.20,6.94,1.98,1.36,1.20,3.14,3.30
3206,2313,Ananda Balu Patil,Miraj,841/5,Karoli (m),0.80,8.45,0.10,0.56,263.42,18.72,302.40,7.94,2.52,1.07,1.24,3.22,3.04
3207,2314,Ananda Maruti Mali,Miraj,782,Karoli (m),0.50,8.47,0.10,0.51,250.88,29.42,347.20,6.67,4.56,0.85,0.92,2.84,3.48
3208,2315,Anil Pitambar Patil,Miraj,42,Karoli (m),1.52,8.44,0.10,0.54,225.79,26.75,403.20,5.37,2.88,0.93,1.10,6.58,4.28
3209,2316,Anil Sampati Bansode,Miraj,732,Karoli (m),0.20,8.45,0.10,0.50,351.23,28.97,369.60,7.07,1.34,0.99,0.72,10.78,3.36
3210,2317,Arvind Govind Patil,Miraj,349,Karoli (m),1.00,8.47,0.10,0.39,250.88,34.32,224.00,4.93,0.98,1.40,0.76,4.06,3.18
3211,2318,Baban Aanna Patil,Miraj,776,Karoli (m),0.89,8.79,0.10,0.43,175.62,33.43,324.80,6.50,0.54,1.07,0.86,11.06,2.32
3212,2319,Balaso Shankar Jadhav,Miraj,875,Karoli (m),1.05,8.65,0.10,0.49,125.44,32.99,425.60,8.16,2.62,0.91,0.66,3.54,3.68
3213,2320,Bayakka Ramchandra Patil,Miraj,196,Karoli (m),0.20,8.37,0.10,0.29,213.25,28.08,392.00,7.20,1.58,0.83,1.28,5.52,4.40
3214,2321,Bhagwan Ramchandra Patil,Miraj,778,Karoli (m),0.60,8.48,0.10,0.43,125.44,23.63,291.20,6.02,0.66,0.94,0.86,2.08,2.32
3215,2322,Bhimrao Shankar Mali,Miraj,158,Karoli (m),0.40,8.46,0.10,0.42,188.16,30.31,235.20,8.16,1.30,1.00,1.06,2.58,3.20
3216,2323,Charushila Chandrakant Deshmukh,Miraj,546,Karoli (m),1.97,8.41,0.10,0.72,188.16,26.30,392.00,6.50,2.04,0.95,1.18,3.96,3.26
3217,2324,Dadaso Shankar Thorat,Miraj,691,Karoli (m),0.48,8.59,0.10,0.39,137.98,23.63,324.80,7.55,1.00,0.70,1.06,6.42,2.96
3218,2325,Dhondiram Dattu Patil,Miraj,372,Karoli (m),0.30,8.50,0.10,0.40,225.79,27.64,224.00,8.20,0.40,0.79,1.26,6.88,3.08
3219,2326,Dinkar Shivaram Patil,Miraj,572,Karoli (m),0.41,8.41,0.10,0.40,250.88,18.72,369.60,7.85,0.36,0.82,0.98,9.08,2.84
3220,2327,Ganesh Bhausaheb Ingawale,Miraj,738,Karoli (m),0.94,8.36,0.10,0.54,112.90,13.82,235.20,20.02,0.68,0.71,0.76,13.84,3.16
3221,2328,Ganpati Maruti Gharge,Miraj,355,Karoli (m),0.48,8.40,0.10,0.43,213.25,14.26,324.80,7.63,0.42,0.89,1.00,3.42,3.38
3222,2329,Gulab M�ruti Patil,Miraj,244,Karoli (m),1.20,8.50,0.10,0.50,188.16,20.06,347.20,8.42,1.74,1.06,0.80,3.94,2.34
3223,2330,Gulab Ravasaheb Patil,Miraj,70,Karoli (m),0.89,8.32,0.11,0.40,238.34,20.06,313.60,7.33,0.12,1.18,0.94,5.82,2.78
3224,2331,Haridas Maruti Patil,Miraj,804,Karoli (m),0.40,8.70,0.10,0.42,326.14,24.96,403.20,9.12,1.84,1.48,0.90,3.58,3.00
3225,2332,Harishchandra Bhauso Patil,Miraj,679,Karoli (m),0.44,8.49,0.12,0.47,301.06,12.04,347.20,6.89,1.78,0.87,0.76,3.16,4.16
3226,2333,Indrajit Bhimrao Patil,Miraj,11,Karoli (m),0.40,8.54,0.10,0.57,263.42,28.97,448.00,7.94,1.54,0.68,0.86,4.10,2.96
3227,2334,Janabai Shamrao Patil,Miraj,331,Karoli (m),0.80,8.20,0.10,0.40,363.78,33.88,414.40,7.72,1.60,0.92,2.20,10.82,3.76
3228,2335,Jaysing Maruti Patil,Miraj,295,Karoli (m),0.35,7.95,0.35,0.72,175.62,33.43,425.60,16.40,0.66,0.77,0.56,4.62,3.60
3229,2336,Jivan Vilas Patil,Miraj,16,Karoli (m),0.38,8.39,0.10,0.43,238.34,25.85,470.40,7.90,1.22,1.19,1.12,5.20,2.84
3230,2337,Jotiram Bapu Patil,Miraj,375,Karoli (m),0.30,8.41,0.10,0.28,225.79,13.37,515.20,7.42,0.68,1.23,1.22,3.42,3.34
3231,2338,Kamal Sudam Patil,Miraj,688,Karoli (m),0.59,8.37,0.11,0.38,150.53,27.19,291.20,6.89,1.08,1.03,0.98,2.64,2.78
3232,2339,Kiran Shankar Patil,Miraj,769,Karoli (m),0.50,8.40,0.10,0.43,225.79,19.61,448.00,6.98,1.28,0.81,1.76,4.62,3.02
3233,2340,Kondiba Pandurang Todkar,Miraj,537,Karoli (m),0.38,8.41,0.10,0.33,301.06,27.64,313.60,6.85,1.38,0.78,0.88,4.78,2.68
3234,2341,Krishnat Shivaram Patil,Miraj,571,Karoli (m),0.41,8.42,0.10,0.51,238.34,25.85,392.00,8.29,0.86,0.90,0.72,3.56,2.52
3235,2342,Lalaso Jagganath Mali,Miraj,304,Karoli (m),0.60,8.38,0.10,0.44,213.25,27.19,336.00,7.20,0.88,0.67,0.84,12.76,2.72
3236,2343,Lalaso Raghunath Jadhav,Miraj,872,Karoli (m),2.61,8.69,0.07,0.31,238.34,32.09,235.20,10.91,0.34,0.86,1.24,5.72,3.50
3237,2344,Laxmi Shivaji Patil,Miraj,847,Karoli (m),0.90,8.67,0.14,0.46,188.16,31.65,302.40,7.46,0.34,1.00,0.66,13.14,2.46
3238,2345,Mahendra Dhondiram Patil,Miraj,378,Karoli (m),0.35,8.00,0.10,0.35,313.60,27.64,448.00,7.42,0.24,0.92,0.68,3.90,2.34
3239,2346,Malan Narayan Patil,Miraj,508,Karoli (m),1.32,8.49,0.11,0.47,200.70,18.72,347.20,6.89,0.24,0.58,0.94,2.42,2.42
3240,2347,Manik Maruti Patil,Miraj,43,Karoli (m),1.57,8.33,0.10,0.40,225.79,23.63,380.80,6.41,5.30,0.62,0.86,4.80,2.52
3241,2348,Manik Sopan Patil,Miraj,405,Karoli (m),1.50,8.41,0.11,0.63,200.70,20.06,414.40,6.59,4.78,0.61,1.04,2.54,2.44
3242,2349,Nandkishor Rangnath Waghmare,Miraj,480,Karoli (m),0.33,8.23,0.18,0.22,238.34,20.06,649.60,16.10,4.86,0.72,0.86,2.98,2.36
3243,2350,Pandurang Shamrao Patil,Miraj,327,Karoli (m),1.57,8.35,0.11,0.44,238.34,12.04,313.60,8.77,6.66,0.88,1.30,3.50,2.86
3244,2351,Parashram Ramhari Nikam,Miraj,814,Karoli (m),0.81,8.40,0.11,0.36,250.88,24.52,504.00,12.69,4.22,0.93,1.06,2.88,2.28
3245,2352,Poonam Vikas Savant,Miraj,655,Karoli (m),0.47,8.23,0.10,0.31,175.62,19.61,324.80,8.55,6.66,0.77,1.04,3.52,2.58
3246,2353,Prakash Parashram Patil,Miraj,883,Karoli (m),0.55,8.38,0.14,0.54,250.88,16.49,537.60,7.20,2.14,0.72,2.96,8.00,2.32
3247,2354,Pramila Vittal Patil,Miraj,334,Karoli (m),1.30,8.35,0.11,0.21,250.88,17.83,358.40,7.07,4.52,0.66,1.32,2.70,2.20
3248,2355,Pramod Bhimrao Patil,Miraj,748,Karoli (m),0.99,8.18,0.10,0.17,213.25,16.05,526.40,7.90,2.64,1.09,1.08,3.26,2.38
3249,2356,Prashant Shnkar Patil,Miraj,871,Karoli (m),0.33,8.22,0.10,0.17,301.06,16.94,336.00,6.89,0.88,1.44,1.56,4.26,1.52
3250,2357,Rajendra Hindurao Patil,Miraj,376,Karoli (m),0.22,8.32,0.11,0.35,200.70,13.82,448.00,7.42,3.96,1.35,1.40,3.06,1.22
3251,2358,Ramchandra Eknath Patil,Miraj,1,Karoli (m),0.20,8.34,0.11,0.36,200.70,20.95,324.80,6.59,2.16,0.74,0.96,2.82,1.20
3252,2359,Ranjana Baban Shirtode,Miraj,821,Karoli (m),0.81,8.56,0.10,0.24,213.25,18.72,302.40,7.28,2.54,0.68,1.14,5.64,0.78
3253,2360,Ranjit Aappasaheb Deshmukh,Miraj,825,Karoli (m),0.65,8.48,0.12,0.31,275.97,21.84,358.40,8.16,4.26,0.97,0.92,4.22,1.70
3254,2361,Rekha Prakash Waghmare,Miraj,597,Karoli (m),0.31,8.46,0.10,0.38,313.60,16.05,403.20,6.89,2.52,1.18,0.88,4.62,2.60
3255,2362,Revati Sopan Patil,Miraj,568,Karoli (m),0.50,8.41,0.11,0.39,313.60,18.28,347.20,7.46,1.12,0.83,0.80,9.56,2.38
3256,2363,Sachin Rangrao Mane,Miraj,883,Karoli (m),0.55,8.48,0.11,0.38,225.79,19.17,448.00,6.59,4.82,1.08,1.12,4.44,2.64
3257,2364,Sambhaji Rangrao Patil,Miraj,704,Karoli (m),0.74,8.51,0.10,0.39,188.16,16.49,358.40,8.64,0.98,0.64,0.72,10.10,2.38
3258,2365,Sanjay Govind Deshmukh,Miraj,163,Karoli (m),0.23,8.47,0.12,0.39,238.34,18.72,414.40,7.11,0.10,0.69,1.18,4.26,3.00
3259,2366,Sanjay Shankar Patil,Miraj,769,Karoli (m),1.09,8.36,0.14,0.33,250.88,22.73,324.80,6.67,2.60,0.85,1.00,4.08,2.06
3260,2367,Sanjay Sudam Patil,Miraj,522,Karoli (m),1.04,8.34,0.17,0.32,200.70,23.18,358.40,6.50,0.66,0.95,0.66,4.94,1.88
3261,2368,Santosh Chandrakant Pawar,Miraj,532,Karoli (m),0.40,8.37,0.10,0.28,175.62,21.40,313.60,7.76,3.30,0.97,1.16,4.34,2.58
3262,2369,Santosh Ramchandra Patil,Miraj,349,Karoli (m),0.41,8.40,0.10,0.26,175.62,18.28,369.60,6.32,2.00,1.21,0.86,4.28,2.72
3263,2370,Sarjerao Yashvant Pawar,Miraj,468,Karoli (m),0.84,8.42,0.10,0.25,200.70,22.73,414.40,7.42,2.06,1.39,1.24,4.50,1.48
3264,2371,Satish Bhimrao Patil,Miraj,804,Karoli (m),0.40,8.46,0.12,0.24,175.62,21.84,313.60,7.33,1.00,0.91,0.60,10.14,0.80
3265,2372,Satish Vasant Patil,Miraj,649,Karoli (m),1.37,8.37,0.10,0.21,250.88,22.29,235.20,6.41,4.68,0.76,1.08,7.96,1.44
3266,2373,Satish Vinayak Patil,Miraj,653,Karoli (m),0.98,8.49,0.12,0.50,288.51,14.26,302.40,6.94,0.76,1.07,0.76,10.46,1.50
3267,2374,Shahaji Mahadev Patil,Miraj,415,Karoli (m),1.46,8.61,0.08,0.33,188.16,21.40,246.40,7.94,0.60,1.14,0.94,12.10,1.22
3268,2375,Shahaji Rangrao Patil,Miraj,679,Karoli (m),0.20,8.40,0.12,0.18,213.25,22.29,324.80,8.24,1.96,1.20,0.60,6.12,1.08
3269,2376,Shailaja Yashavant Patil,Miraj,199,Karoli (m),0.60,8.44,0.10,0.17,225.79,21.84,358.40,6.89,3.54,1.30,1.26,5.64,1.74
3270,2377,Shailendra Dhondiram Patil,Miraj,431,Karoli (m),0.34,8.88,0.08,0.15,87.81,14.71,347.20,6.50,0.36,0.96,0.78,16.20,1.24
3271,2378,Shamrao Tatyaso Patil,Miraj,258,Karoli (m),0.65,8.88,0.10,0.40,225.79,15.16,414.40,7.90,3.74,0.87,1.08,4.76,1.14
3272,2379,Shashikant Mahadev Mali,Miraj,302,Karoli (m),1.10,8.41,0.10,0.26,225.79,22.73,436.80,6.63,2.30,0.77,1.10,4.10,1.10
3273,2380,Shrikant Damu Bansode,Miraj,735,Karoli (m),0.20,8.39,0.11,0.38,250.88,27.19,313.60,6.41,2.84,0.67,1.08,4.58,0.36
3274,2381,Shrirang Pandurang Patil,Miraj,11,Karoli (m),2.47,8.44,0.10,0.50,188.16,23.18,291.20,13.13,2.14,0.88,1.16,5.32,0.62
3275,2382,Sudhakar Anandrao Shinde,Miraj,278,Karoli (m),0.40,8.42,0.11,0.25,200.70,13.82,358.40,10.99,2.74,0.96,1.10,4.80,0.70
3276,2383,Sunanda Murarao Ingawale,Miraj,816,Karoli (m),0.20,8.44,0.14,0.21,213.25,19.61,448.00,7.50,2.08,0.68,1.30,5.38,0.50
3277,2384,Sunil Sudam Patil,Miraj,723,Karoli (m),1.93,8.35,0.13,0.33,250.88,27.64,369.60,7.28,4.82,0.69,1.28,4.46,0.20
3278,2385,Suresh Yashvant Deshmukh,Miraj,818,Karoli (m),0.60,8.86,0.08,0.35,275.97,23.18,436.80,6.41,3.86,0.83,0.92,16.62,0.36
3279,2386,Suryakant Bhagwan Patil,Miraj,681,Karoli (m),0.20,8.57,0.12,0.38,200.70,28.08,246.40,7.33,0.68,0.98,1.24,4.80,4.52
3280,2387,Suryakant Parashram Patil,Miraj,301,Karoli (m),0.71,8.40,0.16,0.32,175.62,21.40,324.80,8.16,1.88,0.81,1.00,10.18,4.46
3281,2388,Suryakant Vaman Deshmukh,Miraj,112,Karoli (m),1.15,8.47,0.11,0.53,225.79,28.08,380.80,7.94,0.88,1.09,1.08,5.04,4.50
3282,2389,Sushant Shaji Patil,Miraj,679,Karoli (m),0.20,8.36,0.10,0.47,313.60,32.99,392.00,6.59,2.12,1.22,3.18,4.66,8.08
3283,2390,Swati Chandrakant Patil,Miraj,244,Karoli (m),0.50,8.41,0.10,0.44,213.25,28.53,459.20,7.55,2.68,0.98,2.32,4.24,4.52
3284,2391,Tanaji Anandrao Patil,Miraj,552,Karoli (m),0.34,8.54,0.10,0.54,200.70,20.06,313.60,6.63,4.50,1.25,1.20,4.40,4.76
3285,2392,Tanaji Jaysing Patil,Miraj,264,Karoli (m),0.80,8.50,0.12,0.46,200.70,22.73,380.80,6.94,3.98,0.84,0.96,6.32,4.42
3286,2393,Umesh Balasaheb Jadhav,Miraj,875,Karoli (m),0.20,8.39,0.10,0.29,137.98,24.96,436.80,7.20,3.62,1.10,0.94,3.48,4.84
3287,2394,Uttam Maruti Patil,Miraj,444,Karoli (m),0.50,8.49,0.08,0.31,175.62,23.18,302.40,7.50,4.44,0.84,1.38,3.20,4.52
3288,2395,Uttam Ramrao Patil,Miraj,8,Karoli (m),0.12,8.41,0.10,0.28,150.53,20.06,235.20,6.59,4.40,1.00,1.38,3.76,4.56
3289,2396,Vilas Rangrao Patil,Miraj,575,Karoli (m),0.63,8.38,0.11,0.38,250.88,19.61,246.40,7.33,2.58,1.20,1.66,3.88,4.88
3290,2397,Vinod Shivaji Bansode,Miraj,734,Karoli (m),0.58,8.39,0.11,0.29,188.16,19.17,324.80,7.02,3.86,1.44,1.12,4.70,4.52
3291,2398,Vishwas Bhauso Shinde,Miraj,277,Karoli (m),2.36,8.39,0.12,0.36,250.88,15.16,380.80,7.55,4.56,0.93,1.44,4.54,4.18
3292,2399,Vishwas Patang Patil,Miraj,71,Karoli (m),1.98,8.33,0.11,0.33,188.16,15.60,313.60,6.89,4.90,0.86,1.48,6.80,3.88
3293,2400,Vitthal Rajaram Pawar,Miraj,532,Karoli (m),0.40,8.38,0.11,0.35,238.34,11.59,414.40,7.46,4.94,0.97,1.42,2.66,3.56
3294,2401,Yashwant Ramchandra Patil,Miraj,266,Karoli (m),3.68,8.53,0.10,0.32,213.25,22.29,392.00,7.28,4.70,0.56,1.56,3.76,4.56
3295,2402,Yashwant Shankar Ingawake,Miraj,117,Karoli (m),0.40,8.38,0.10,0.42,263.42,23.63,448.00,8.07,2.16,0.64,1.24,2.90,4.02
3296,2403,Abhaykumar Janbu Kothale,Miraj,150/4,Kupwad,0.6,8.14,0.48,0.92,213.25,32.54,660.8,14.79,7.44,0.95,1.40,11.96,9.20
3297,2404,Abhishek Pravin Gaudaje,Miraj,180/3,Kupwad,0.42,8.48,0.12,0.76,238.34,18.28,481.6,7.28,6.56,1.29,1.20,3.26,8.74
3298,2405,Annaso Satappa Sangame,Miraj,176/2,Kupwad,0.45,8.34,0.15,0.78,200.70,32.99,392.0,6.67,7.06,1.55,1.12,4.54,10.82
3299,2406,Ashok Tatya Patil,Miraj,164/6,Kupwad,0.28,8.36,0.13,0.93,188.16,21.84,257.6,7.50,7.84,1.57,1.32,3.66,8.30
3300,2407,Babaso Ramchandra Magdum,Miraj,34/4,Kupwad,0.9,8.16,0.25,0.69,250.88,28.97,739.2,11.52,6.74,0.79,1.04,5.28,8.50
3301,2408,Babaso Satappa Sangame,Miraj,176/2,Kupwad,0.4,8.39,0.12,0.96,225.79,20.50,459.2,8.24,7.02,0.95,1.00,3.12,8.76
3302,2409,Bahubali Ashok Patil,Miraj,134,Kupwad,0.19,8.18,0.24,0.96,188.16,13.82,795.2,10.03,6.72,1.32,1.02,4.70,9.14
3303,2410,Balasaheb Basgonda Patil,Miraj,108/2,Kupwad,0.49,8.19,0.11,0.64,225.79,11.59,481.6,7.63,5.42,1.10,1.04,2.88,7.68
3304,2411,Bapu Babu Darekar,Miraj,162/2,Kupwad,0.77,8.53,0.14,0.76,188.16,28.08,347.2,5.67,6.32,1.18,1.00,3.26,7.82
3305,2412,Basgonda Madhgonda Patil,Miraj,109/5,Kupwad,0.29,8.14,0.34,0.94,213.25,32.54,414.4,8.38,4.60,1.56,0.86,5.66,7.82
3306,2413,Bhalchandra Kallappa Nardekar,Miraj,103/2,Kupwad,0.84,8.44,0.14,0.83,238.34,26.30,436.8,6.37,7.84,1.62,0.98,3.30,7.48
3307,2414,Dadasaheb Bhauso Gaudaje,Miraj,135/1,Kupwad,2.05,7.98,0.46,0.93,200.70,30.76,235.2,6.89,8.32,0.75,0.72,13.10,10.52
3308,2415,Dhanpal Nemu Khot,Miraj,95/2,Kupwad,2.22,8.35,0.13,0.74,213.25,32.54,448.0,6.59,7.70,1.19,1.08,4.58,10.20
3309,2416,Dipak Balaso Revanna,Miraj,174,Kupwad,1.5,7.96,0.42,0.76,225.79,26.75,302.4,7.28,6.74,1.24,0.80,12.12,9.00
3310,2417,Dipak Ramchandra Kadam,Miraj,166/2,Kupwad,0.12,8.33,0.15,0.86,238.34,28.08,515.2,9.07,7.58,0.66,0.76,5.30,8.68
3311,2418,Gangadhar Narasgonada Patil,Miraj,154/2/3,Kupwad,0.65,8.30,0.11,0.97,200.70,20.95,470.4,7.42,4.72,1.00,1.98,3.06,7.40
3312,2419,Hausabai Endrajit Patil,Miraj,221,Kupwad,0.3,8.04,0.42,0.94,200.70,20.50,481.6,10.95,3.96,1.09,1.28,12.64,7.84
3313,2420,Kalgonda Ramgonda Patil,Miraj,156,Kupwad,0.29,7.99,0.13,0.79,213.25,22.73,313.6,7.90,5.04,0.82,1.54,2.80,7.88
3314,2421,Kallappa Anna Kavthekar,Miraj,190/6,Kupwad,0.66,8.42,0.13,0.83,238.34,34.32,649.6,6.80,7.00,1.07,1.86,3.08,9.30
3315,2422,Laxmibai Bhujpal Gaudaje,Miraj,180/3,Kupwad,0.42,8.39,0.10,0.69,200.70,13.37,459.2,5.98,7.66,1.19,1.80,3.10,10.02
3316,2423,Mahavir Anna Kothale,Miraj,144/2,Kupwad,1.4,7.90,0.50,0.81,188.16,30.31,571.2,13.13,5.12,0.98,1.16,12.44,7.88
3317,2424,Mahesh Vilas Patil,Miraj,185/4,Kupwad,0.45,8.41,0.13,0.79,200.70,32.99,526.4,5.58,2.92,1.22,1.76,3.90,9.30
3318,2425,Mangal Pandurang Ghorpade,Miraj,114,Kupwad,0.93,8.45,0.11,0.49,238.34,18.28,851.2,6.15,4.78,1.62,1.50,2.68,10.02
3319,2426,Milind Ramakant Lad,Miraj,162/1,Kupwad,1.34,8.38,0.12,0.75,238.34,21.40,414.4,8.16,5.58,1.73,1.66,2.76,7.88
3320,2427,Mukund Sripati Kadam,Miraj,165/3,Kupwad,0.23,8.16,0.42,0.74,200.70,16.49,929.6,12.65,5.38,0.96,1.30,3.46,8.80
3321,2428,Navnath Hindurao Hajare,Miraj,21/1,Kupwad,0.83,8.57,0.15,0.89,188.16,12.93,436.8,8.16,5.88,0.92,1.78,3.48,11.30
3322,2429,Nemgoda Dhanchandra Patil,Miraj,148/5,Kupwad,0.55,8.21,0.21,0.88,175.62,13.82,459.2,9.03,5.58,0.86,1.64,10.90,8.94
3323,2430,Nemgonda Tarakhagonda Patil,Miraj,196/3,Kupwad,0.72,8.35,0.12,0.89,238.34,22.29,313.6,8.24,3.94,1.12,2.06,3.66,9.06
3324,2431,Neminath Bhau Patil,Miraj,281/2,Kupwad,0.54,7.97,0.44,0.75,250.88,12.93,705.6,6.41,3.34,1.38,1.70,6.36,7.98
3325,2432,Neminath Kumar Kothale,Miraj,177/1,Kupwad,1.33,8.44,0.11,0.76,188.16,13.82,358.4,8.38,3.84,0.70,1.54,3.38,6.66
3326,2433,Nivrutti Bapu Saimote,Miraj,12/2,Kupwad,0.81,8.40,0.11,0.88,225.79,16.05,537.6,7.07,5.64,0.79,1.86,2.40,7.88
3327,2434,Padamavati Devgonda Patil,Miraj,134/3,Kupwad,0.29,8.33,0.11,0.85,200.70,14.71,459.2,7.55,4.54,0.90,1.30,2.72,10.04
3328,2435,Padmasri Vasant Sangame,Miraj,149/1,Kupwad,0.35,8.51,0.14,0.83,200.70,12.48,560.0,6.46,3.70,0.93,1.82,3.92,7.72
3329,2436,Pragati Srikant Jadhav,Miraj,151/1,Kupwad,0.64,8.40,0.11,0.90,188.16,12.04,313.6,6.80,2.66,0.82,1.50,14.16,7.08
3330,2437,Prakash Anna Kavthekar,Miraj,150/5,Kupwad,2.81,8.48,0.12,0.79,175.62,22.73,593.6,8.55,4.56,1.05,1.58,2.48,7.08
3331,2438,Prashant Sadashiv Mang??,Miraj,175,Kupwad,0.5,8.40,0.12,0.58,200.70,23.63,358.4,9.12,4.66,0.82,1.56,2.82,6.70
3332,2439,Pravin Suresh Gaudaje,Miraj,172/1,Kupwad,0.72,8.42,0.11,0.54,213.25,24.07,526.4,7.02,4.88,1.07,1.36,2.38,6.34
3333,2440,Raghunath Shivram Kadam,Miraj,114,Kupwad,0.3,8.40,0.11,0.58,188.16,18.72,403.2,5.98,4.70,1.28,1.72,2.42,6.52
3334,2441,Rahul Vishnu Jadhav,Miraj,172/8/2,Kupwad,0.67,8.34,0.11,0.86,175.62,20.06,548.8,10.60,6.50,0.87,1.82,8.50,8.34
3335,2442,Rajaram Ganpati Magdum,Miraj,10/8,Kupwad,0.87,8.31,0.12,0.82,163.07,18.72,414.4,8.16,8.32,1.17,2.02,3.56,9.32
3336,2443,Rajendra Basgonda Patil,Miraj,116/2,Kupwad,2.1,7.94,0.54,0.90,188.16,22.73,593.6,6.63,5.34,0.60,1.30,3.18,6.50
3337,2444,Rajgonda Balaso Kavthekar,Miraj,151/1,Kupwad,2728,8.40,0.13,0.92,200.70,16.05,347.2,8.90,3.90,0.95,1.84,3.62,5.50
3338,2445,Rajgonda Krushana Patil,Miraj,157/2,Kupwad,0.34,8.00,0.46,0.81,213.25,10.25,582.4,16.31,5.40,0.69,1.28,17.94,11.48
3339,2446,Ramesh Nivrutti Saimote,Miraj,14/2,Kupwad,0.39,8.16,0.51,0.86,200.70,16.94,436.8,7.90,3.32,0.90,1.22,3.38,8.40
3340,2447,Ratnabai Devappa Gatare,Miraj,172/3,Kupwad,0.6,8.03,0.49,0.90,200.70,12.04,672.0,15.70,5.78,0.76,1.18,11.44,8.90
3341,2448,Ravsaheb Babgonda Patil,Miraj,157/3,Kupwad,0.73,8.52,0.18,0.42,175.62,10.70,470.4,7.68,3.72,0.97,1.52,11.78,6.42
3342,2449,Rohit Tatyaso Sangame,Miraj,176/4,Kupwad,0.4,8.39,0.13,0.72,188.16,12.04,649.6,11.73,4.14,1.22,1.66,14.50,6.94
3343,2450,Sadashiv Maruti Mangsule,Miraj,175/7,Kupwad,0.8,8.34,0.14,0.85,175.62,20.50,324.8,6.63,4.22,0.88,1.84,2.38,8.30
3344,2451,Sagar Narayan Jadhav,Miraj,172/6/2,Kupwad,0.68,8.56,0.15,0.68,163.07,19.61,235.2,7.46,8.26,0.94,1.88,3.16,8.04
3345,2452,Samed Sukunar Patil,Miraj,178/1,Kupwad,0.81,8.47,0.15,0.83,188.16,15.60,582.4,8.16,4.74,1.18,1.82,3.24,4.70
3346,2453,Sanjay Dhanchandra Ashtikar,Miraj,176/2,Kupwad,0.38,8.15,0.36,0.71,175.62,15.60,414.4,6.80,3.86,1.35,1.74,6.26,10.16
3347,2454,Sanjay Janbu Kothale,Miraj,150/2,Kupwad,0.55,8.40,0.14,0.83,188.16,16.94,515.2,6.24,3.72,1.33,1.86,3.82,7.46
3348,2455,Sanjay Shivpal Gaudaje,Miraj,172/4,Kupwad,0.93,8.42,0.12,0.25,175.62,28.08,470.4,6.63,4.82,0.97,1.76,3.68,8.54
3349,2456,Santinath Chavgonda Gaudaje,Miraj,170/3,Kupwad,0.52,8.39,0.12,0.81,200.70,20.50,403.2,7.33,3.34,1.13,1.74,3.90,8.88
3350,2457,Santosh Bhalchandra Karnale,Miraj,150/2,Kupwad,1.22,8.28,0.17,0.86,188.16,23.18,560.0,7.90,4.40,1.08,1.80,4.46,8.16
3351,2458,Shamrao Appa Kothale,Miraj,150/2,Kupwad,0.73,8.32,0.15,0.90,188.16,18.28,436.8,6.02,4.42,1.02,1.74,4.40,8.42
3352,2459,Shantinath Appa Kavthekar,Miraj,190/5,Kupwad,0.66,8.34,0.12,0.56,200.70,29.87,448.0,7.28,6.22,1.59,1.78,4.10,8.18
3353,2460,Shantinath Bhupal Lokapure,Miraj,181/3,Kupwad,0.16,8.28,0.12,0.54,175.62,12.93,347.2,7.50,5.28,1.60,1.58,4.38,8.98
3354,2461,Shantinath Devgonda Patil,Miraj,134/3/a,Kupwad,0.29,8.36,0.13,0.75,163.07,22.29,380.8,7.85,7.58,1.56,1.32,4.14,8.82
3355,2462,Shantinath Shivpal Gaudajr,Miraj,171/1,Kupwad,0.86,8.30,0.14,0.85,200.70,30.31,313.6,6.67,3.96,1.34,1.70,12.28,9.92
3356,2463,Shashikant Appa Magdum,Miraj,34/10,Kupwad,1.14,8.49,0.14,0.67,213.25,9.36,235.2,7.33,6.54,1.45,1.18,4.76,11.14
3357,2464,Shashikant Shankar Lad,Miraj,165/2,Kupwad,0.46,8.00,0.54,0.90,175.62,26.30,324.8,6.24,7.20,0.85,1.56,17.18,9.44
3358,2465,Shivaji Dattu Saimote,Miraj,12/3,Kupwad,0.54,8.39,0.15,0.76,200.70,18.72,436.8,6.85,5.56,1.05,1.52,17.26,9.52
3359,2466,Shivgonda Basgonda Patil,Miraj,108/2,Kupwad,3,8.35,0.12,0.89,175.62,17.83,358.4,7.28,6.12,0.81,1.52,4.50,9.48
3360,2467,Shivgonda Daragonda Patil,Miraj,205/2,Kupwad,0.47,8.41,0.10,0.78,213.25,21.84,448.0,7.55,4.54,0.98,1.20,4.60,9.60
3361,2468,Shoba Ramchandra Jamdade,Miraj,177/7,Kupwad,0.16,8.30,0.11,0.83,200.70,14.71,515.2,7.94,5.48,1.19,1.50,4.78,10.58
3362,2469,Shubhangi Sunil Patil,Miraj,117/1,Kupwad,0.8,7.88,0.36,0.76,213.25,13.82,358.4,8.16,5.54,1.36,1.48,19.40,7.52
3363,2470,Sudhir Dhanpal Jamdadeb,Miraj,110/1,Kupwad,0.23,8.30,0.16,0.81,225.79,26.75,313.6,7.90,4.46,1.07,1.32,4.30,7.14
3364,2471,Sunil Nemgonda Patil,Miraj,196/2,Kupwad,0.72,8.34,0.11,0.92,188.16,22.73,414.4,6.67,5.34,1.00,1.42,3.88,9.02
3365,2472,Suresh Anna Kavthekar,Miraj,190/1,Kupwad,0.66,8.13,0.27,0.88,200.70,24.52,459.2,6.94,4.94,1.02,1.06,6.60,8.40
3366,2473,Surgonda Babgonda Patil,Miraj,178,Kupwad,0.85,8.16,0.15,0.94,175.62,18.72,347.2,6.85,4.10,0.91,1.44,4.14,9.36
3367,2474,Surgonda Balgonda Sangame,Miraj,182/1/b,Kupwad,0.87,8.00,0.58,0.90,213.25,20.50,302.4,6.59,4.84,0.98,1.34,11.36,9.26
3368,2475,Surgonda Ramgonada Patil,Miraj,434,Kupwad,0.72,8.31,0.13,0.71,175.62,19.17,414.4,7.37,4.70,0.87,1.06,4.36,10.46
3369,2476,Surshan Kumar Khot,Miraj,116,Kupwad,0.4,8.36,0.13,0.74,200.70,25.41,436.8,8.16,6.24,1.13,1.04,7.16,11.38
3370,2477,Suryakant Nemu Sangame,Miraj,160/3,Kupwad,0.49,8.18,0.23,0.76,213.25,18.72,515.2,6.06,6.46,1.31,1.28,15.20,8.96
3371,2478,Suvarna Dhanpal Ainapure,Miraj,103/3,Kupwad,0.38,7.97,0.65,0.86,225.79,13.82,246.4,6.94,3.66,0.79,1.42,16.08,7.58
3372,2479,Uttam Shivaji Jadhav,Miraj,172,Kupwad,0.68,7.97,0.66,0.83,188.16,12.48,302.4,7.33,4.90,1.17,1.00,3.74,6.60
3373,2480,Vasant Satappa Sangame,Miraj,144,Kupwad,0.45,8.39,0.14,0.49,200.70,10.25,358.4,6.50,6.16,0.87,1.32,3.96,6.58
3374,2481,Vidyadhar Sripal Kothale,Miraj,180,Kupwad,0.4,8.41,0.13,0.88,175.62,15.16,425.6,6.89,6.22,0.71,1.28,16.22,9.10
3375,2482,Vikas Bandenra Khot,Miraj,115,Kupwad,1.14,7.90,0.48,0.85,188.16,21.84,302.4,7.63,4.80,0.99,1.06,3.84,8.54
3376,2483,Viswajit Murlidhar Shinde,Miraj,181/1,Kupwad,1.28,8.36,0.14,0.83,225.79,22.73,324.8,7.07,3.86,0.83,1.20,2.90,7.68
3377,2484,Sunil Anna Gaudaje,Miraj,178/2,Kupwad,1.46,8.28,0.12,0.79,200.70,19.61,414.4,7.37,2.12,1.06,1.32,9.52,9.60
3378,2485,Pravin Surendra Kothale,Miraj,164/3,Kupwad,0.61,8.36,0.12,0.60,188.16,12.93,358.4,6.67,5.86,0.81,1.04,9.86,7.68
3379,2486,Bhupal Dada Kavthekar,Miraj,69/1,Kupwad,2.08,7.97,0.54,0.58,200.70,11.14,414.4,6.98,7.16,0.72,1.36,2.92,7.84
3380,2487,Vijay Vasant Revanna,Miraj,191/9,Kupwad,0.76,8.28,0.13,0.54,225.79,21.84,336.0,6.59,4.92,0.98,1.26,3.22,9.98
3381,2488,Krishna Dadgonda Patil,Miraj,154/1,Kupwad,1.03,8.15,0.11,0.71,200.70,16.94,459.2,6.50,4.56,0.64,1.26,13.14,8.26
3382,2489,Sadashiv Basgonda Patil,Miraj,154/1,Kupwad,0.45,7.92,0.58,0.74,175.62,16.05,392.0,6.89,6.52,0.81,1.28,3.22,7.02
3383,2490,Anil Anna Revanna,Miraj,174/3,Kupwad,1.6,8.32,0.15,0.76,200.70,16.05,291.2,6.67,7.76,0.92,1.46,2.52,9.50
3384,2491,Rajmati Babaso Sangame,Miraj,149,Kupwad,0.35,8.09,0.14,0.67,188.16,24.07,313.6,7.20,4.90,1.19,1.42,4.98,8.00
3385,2492,Lakhangonda Nemgonda Patil,Miraj,196,Kupwad,0.35,8.10,0.16,0.58,225.79,20.06,358.4,7.63,4.90,0.88,1.16,2.94,8.10
3386,2493,Dhanchandra Babgonda Patil,Miraj,178,Kupwad,0.4,7.85,0.57,0.61,200.70,16.94,414.4,7.33,7.70,1.01,1.08,3.20,9.52
3387,2494,Malati Bhalchandra Karnale,Miraj,150/6,Kupwad,0.9,8.08,0.38,0.51,188.16,10.70,336.0,7.90,7.76,1.28,1.22,3.18,9.50
3388,2495,Sagar Babaso Patil,Miraj,593,Gundewadi,0.20,8.35,0.18,0.49,175.62,25.41,448.00,7.90,1.28,1.09,1.28,9.78,2.34
3389,2496,Jagdish Pandurang Lavate,Miraj,184,Gundewadi,1.00,8.22,0.35,0.68,200.70,22.29,358.40,7.15,1.22,0.77,0.44,10.26,4.08
3390,2497,Ramchandra Murari Patil,Miraj,25,Gundewadi,0.40,8.32,0.15,0.39,163.07,12.04,134.40,7.28,0.46,0.49,1.18,3.12,2.00
3391,2498,Manohar Balkrishna Patil,Miraj,42,Gundewadi,0.25,8.11,0.11,0.32,188.16,13.37,291.20,5.23,0.92,0.77,0.98,4.20,2.14
3392,2499,Pandurang Gopal Dhadas,Miraj,50,Gundewadi,0.40,7.78,0.75,0.56,150.53,12.04,380.80,12.00,4.40,1.38,0.42,6.18,4.88
3393,2500,Shankar Ramu Lavate,Miraj,36,Gundewadi,0.80,8.37,0.14,0.32,175.62,12.93,235.20,6.67,1.32,0.91,0.58,4.02,3.04
3394,2501,Ravso Appaso Patil,Miraj,47,Gundewadi,0.40,8.14,0.19,0.67,150.53,20.50,246.40,5.32,0.60,0.87,0.52,2.86,2.02
3395,2502,Kundalik Sidram Patil,Miraj,36,Gundewadi,0.45,8.27,0.12,0.60,175.62,24.52,369.60,6.24,0.92,1.04,0.56,3.24,2.22
3396,2503,Namdev Ramu Patil,Miraj,36,Gundewadi,0.20,8.19,0.13,0.25,150.53,30.31,436.80,5.50,8.08,0.84,0.58,2.52,9.36
3397,2504,Bhauso Devappa Chougule,Miraj,52,Gundewadi,0.40,8.11,0.12,0.51,200.70,24.96,257.60,6.76,0.80,1.00,0.58,2.70,2.74
3398,2505,Shankar Haibati Ghode,Miraj,37,Gundewadi,0.20,7.92,0.11,0.29,188.16,19.61,212.80,7.02,1.26,1.15,0.30,4.02,3.04
3399,2506,Bhupal Sambhaji Patil,Miraj,16,Gundewadi,0.37,8.30,0.12,0.26,150.53,17.38,403.20,6.02,2.14,1.09,1.30,2.50,2.42
3400,2507,Dattu Gunda Patil,Miraj,36,Gundewadi,0.80,8.30,0.13,0.29,125.44,18.28,268.80,6.28,0.54,0.82,0.54,3.08,0.36
3401,2508,Dadaso Vishnu Patil,Miraj,566,Gundewadi,0.30,7.98,0.34,0.28,200.70,39.23,257.60,9.25,1.30,1.19,0.52,3.70,2.18
3402,2509,Dattatray Dhondiram Kulkarni,Miraj,568,Gundewadi,0.40,8.31,0.21,0.44,175.62,26.75,380.80,6.76,1.88,0.93,0.32,8.02,2.56
3403,2510,Mangal Ramrao Patil,Miraj,596,Gundewadi,0.20,8.62,0.17,0.18,213.25,16.49,504.00,6.06,1.36,1.00,0.38,5.60,4.48
3404,2511,Ashok Ganpati Patil,Miraj,566,Gundewadi,1.00,8.32,0.12,0.43,175.62,14.71,448.00,6.11,0.40,1.01,0.38,3.76,2.54
3405,2512,Swati Dattatray Miraje,Miraj,331,Gundewadi,0.20,8.31,0.28,0.76,188.16,24.52,347.20,7.28,1.60,1.11,0.14,5.24,2.16
3406,2513,Shankar Sambhaji Patil,Miraj,331,Gundewadi,0.20,8.33,0.13,0.24,150.53,13.82,224.00,6.72,0.80,0.75,0.44,2.56,3.76
3407,2514,Prakash Babaso Dhang,Miraj,334,Gundewadi,0.40,8.35,0.20,0.58,175.62,24.52,414.40,7.42,0.66,1.03,0.20,6.18,2.04
3408,2515,Shaukat Babaso Mujawar,Miraj,174,Gundewadi,2.50,8.23,0.15,0.18,213.25,31.65,201.60,11.21,0.68,0.78,0.40,2.10,2.02
3409,2516,Ashok Babu Patil,Miraj,173,Gundewadi,1.00,7.93,0.29,0.26,188.16,48.14,448.00,6.46,1.44,1.03,0.62,5.18,1.62
3410,2517,Annaso Ramu Patil,Miraj,172,Gundewadi,0.50,8.27,0.19,0.42,163.07,30.31,313.60,8.29,2.94,0.80,0.98,5.84,2.06
3411,2518,Sharad Dattatray Chougule,Miraj,163,Gundewadi,0.20,8.19,0.15,0.49,200.70,40.12,324.80,8.24,1.18,1.55,0.34,5.14,2.54
3412,2519,Shalan Sanjay Miraje,Miraj,145/?,Gundewadi,0.50,8.17,0.15,0.28,150.53,22.29,235.20,9.16,0.54,1.22,0.36,7.66,2.20
3413,2520,Jayshri Babaso Patil,Miraj,151,Gundewadi,0.50,8.18,0.22,0.60,200.70,19.17,246.40,9.38,2.88,1.19,0.36,9.00,2.78
3414,2521,Vishal Appaso Sargar,Miraj,156,Gundewadi,0.65,8.31,0.13,0.21,175.62,15.16,313.60,8.51,2.48,1.28,0.22,3.88,6.26
3415,2522,Rupali Tanaji Patil,Miraj,152,Gundewadi,0.40,8.26,0.21,0.24,163.07,13.37,369.60,7.15,0.56,1.17,0.22,6.96,3.14
3416,2523,Baliram Shankar Pawar,Miraj,118,Gundewadi,0.50,8.25,0.17,0.47,200.70,15.16,358.40,7.98,3.96,0.96,0.54,6.60,2.72
3417,2524,Ajit Shankar Patil,Miraj,116,Gundewadi,0.80,8.02,0.27,0.24,175.62,17.83,414.40,8.90,2.18,0.92,0.90,2.70,4.44
3418,2525,Tanaji Jagannath Edke,Miraj,240,Gundewadi,0.50,8.43,0.16,0.15,150.53,22.73,235.20,11.56,0.46,1.36,0.46,4.70,3.14
3419,2526,Namdev Maruti Edke,Miraj,237,Gundewadi,0.50,8.21,0.45,0.19,200.70,29.87,291.20,11.30,0.60,1.21,0.30,9.00,2.34
3420,2527,Rajaram Bhiva Dhang,Miraj,180,Gundewadi,1.75,7.89,0.65,0.44,175.62,24.96,392.00,10.34,3.70,1.39,0.20,9.26,2.80
3421,2528,Sadashiv Nama Dhang,Miraj,"225,207",Gundewadi,0.80,8.27,0.21,0.69,188.16,19.61,380.80,6.32,3.18,1.07,0.26,9.40,4.12
3422,2529,Vijay Ananda Gadde,Miraj,257,Gundewadi,0.50,8.15,0.26,0.72,175.62,24.52,224.00,8.59,5.48,1.21,0.34,14.82,4.46
3423,2530,Mahavir Bharmu Gare,Miraj,263,Gundewadi,0.40,8.40,0.31,0.44,200.70,18.28,403.20,11.38,2.74,0.84,0.24,9.08,9.98
3424,2531,Gyanu Mukinda Miraje,Miraj,262,Gundewadi,0.30,8.23,0.24,0.36,213.25,17.83,313.60,7.98,4.88,0.87,0.24,16.74,6.16
3425,2532,Tukaram Bandu Miraje,Miraj,250,Gundewadi,0.80,8.08,0.28,0.83,188.16,14.26,280.00,6.63,8.54,1.00,0.32,4.70,8.42
3426,2533,Dadaso Tukaram Miraje,Miraj,261,Gundewadi,1.08,8.39,0.16,0.49,175.62,20.95,224.00,7.37,0.76,1.20,0.48,2.72,17.30
3427,2534,Dattatray Sadashiv Patil,Miraj,297,Gundewadi,0.50,8.28,0.14,0.35,163.07,23.63,268.80,10.60,0.70,0.48,0.30,5.84,2.90
3428,2535,Anil Gorakh Kokare,Miraj,307,Gundewadi,0.23,8.55,0.14,0.22,188.16,13.82,358.40,9.77,2.38,0.73,0.22,7.30,1.78
3429,2536,Annaso Shivaji Patil,Miraj,306,Gundewadi,0.40,8.45,0.20,0.21,200.70,16.05,212.80,10.25,0.88,0.90,0.28,3.20,2.96
3430,2537,Mangal Manik Patil,Miraj,138,Gundewadi,0.40,8.41,0.19,0.22,213.25,15.16,224.00,7.33,1.12,1.17,0.36,3.52,4.38
3431,2538,Babasaheb Anandarao Ghatge,Miraj,265,Gundewadi,0.30,8.53,0.15,0.43,200.70,15.60,347.20,8.33,2.02,1.43,0.28,4.58,2.98
3432,2539,Deepakkiran Balasaheb Ghatge,Miraj,280,Gundewadi,0.42,8.32,0.20,0.47,200.70,20.06,414.40,8.07,0.80,1.32,0.20,2.64,3.72
3433,2540,Balasaheb Anandarao Ghatge,Miraj,291,Gundewadi,0.31,8.21,0.25,0.22,175.62,19.61,246.40,8.68,1.24,1.13,0.22,5.94,5.52
3434,2541,Appaso Abaso Miraje,Miraj,341,Gundewadi,0.80,8.10,0.19,0.57,188.16,20.50,190.40,10.34,1.10,1.19,0.80,8.68,2.26
3435,2542,Namdev Sadhu Patil,Miraj,348,Gundewadi,0.60,8.42,0.13,0.35,175.62,23.63,380.80,11.82,0.54,0.98,0.58,6.66,2.38
3436,2543,Chandrakant Govind Patil,Miraj,299,Gundewadi,0.50,8.41,0.11,0.69,163.07,24.07,246.40,7.55,1.06,1.04,0.42,3.10,2.34
3437,2544,Bhupal Ramchandra Kolekar,Miraj,340,Gundewadi,0.20,8.50,0.15,0.75,188.16,30.31,235.20,6.80,0.60,1.13,0.80,5.40,2.16
3438,2545,Ramchandra Hari Patil,Miraj,319,Gundewadi,0.40,8.61,0.13,0.74,175.62,23.18,358.40,7.85,0.84,0.90,0.20,8.26,3.88
3439,2546,Mahadev Sidhu More,Miraj,329,Gundewadi,0.90,8.21,0.28,0.39,188.16,26.30,470.40,8.46,4.68,1.44,0.22,12.92,2.46
3440,2547,Sadashiv Babu Sarak,Miraj,328,Gundewadi,0.20,8.44,0.16,0.58,175.62,23.18,425.60,9.47,1.58,1.24,0.56,7.70,2.24
3441,2548,Sanjay Balu Khandekar,Miraj,438,Gundewadi,0.20,8.12,0.26,0.74,200.70,22.29,336.00,11.60,0.42,1.36,0.22,4.64,7.18
3442,2549,Pradeep Shrimant Patil,Miraj,371,Gundewadi,0.75,8.30,0.15,0.29,188.16,27.19,246.40,10.21,1.52,0.92,0.24,5.96,3.60
3443,2550,Ramesh Anaso Patil,Miraj,371,Gundewadi,1.00,8.32,0.14,0.76,188.16,24.07,392.00,8.33,1.22,0.84,0.22,7.00,1.76
3444,2551,Chandrakant Krishna Patil,Miraj,384,Gundewadi,0.50,8.27,0.19,0.54,200.70,20.06,224.00,6.98,4.20,0.75,0.30,5.98,2.98
3445,2552,Nanasi Krishna Patil,Miraj,384,Gundewadi,1.00,8.22,0.20,0.81,175.62,25.85,358.40,6.28,4.04,0.99,0.22,2.74,2.32
3446,2553,Shankar Krishna Patil,Miraj,387,Gundewadi,0.48,8.14,0.36,0.40,163.07,18.72,313.60,5.50,5.10,1.10,0.20,8.58,4.56
3447,2554,Balaso Appaso Patil,Miraj,386,Gundewadi,0.60,8.31,0.17,0.79,200.70,22.73,302.40,6.72,0.84,1.18,0.24,3.70,6.42
3448,2555,Dilip Shivaji Patil,Miraj,386,Gundewadi,0.20,8.19,0.23,0.69,213.25,17.83,246.40,8.24,1.12,0.97,0.22,7.44,7.18
3449,2556,Ashok Shivaji Patil,Miraj,386,Gundewadi,0.20,8.43,0.20,0.68,175.62,19.61,257.60,10.82,0.80,1.36,0.28,6.14,1.72
3450,2557,Hari Murari Patil,Miraj,385,Gundewadi,0.25,8.38,0.19,0.31,200.70,18.28,313.60,8.77,0.68,1.46,0.36,3.36,1.92
3451,2558,Baban Yashwant Patil,Miraj,382,Gundewadi,0.40,8.53,0.11,0.18,175.62,25.41,380.80,8.16,0.66,1.27,0.34,5.76,1.64
3452,2559,Imam Ismail Mujawar,Miraj,370,Gundewadi,1.00,8.32,0.16,0.29,213.25,23.18,369.60,7.55,0.72,1.33,0.30,3.22,1.34
3453,2560,Vaibhav Hanmant Patil,Miraj,373,Gundewadi,0.20,8.13,0.35,0.36,200.70,20.06,392.00,5.54,1.86,0.90,0.32,7.20,2.66
3454,2561,Shrimant Govind Patil,Miraj,374/1,Gundewadi,0.77,8.31,0.15,0.25,213.25,19.17,235.20,6.59,3.24,1.52,0.24,4.22,1.92
3455,2562,Hanmant Govind Patil,Miraj,374,Gundewadi,0.60,8.36,0.20,0.44,225.79,20.50,268.80,7.11,0.60,0.95,0.30,3.40,2.62
3456,2563,Gajanan Pandurang Patil,Miraj,407,Gundewadi,0.50,8.17,0.31,0.21,188.16,17.38,392.00,5.71,3.26,1.30,0.20,4.70,3.74
3457,2564,Vitthal Shankar Patil,Miraj,426,Gundewadi,1.90,8.25,0.19,0.15,200.70,13.82,369.60,5.45,0.82,0.98,0.20,3.98,1.68
3458,2565,Madhu Tukaram Patil,Miraj,465,Gundewadi,0.40,8.15,0.36,0.49,175.62,18.72,392.00,10.03,5.14,1.18,0.50,12.74,3.96
3459,2566,Gangadhar Ganpati Patil,Miraj,465,Gundewadi,0.40,8.33,0.12,0.39,213.25,16.94,324.80,9.64,5.06,1.07,0.20,12.50,2.76
3460,2567,Namdev Tukaram Patil,Miraj,462,Gundewadi,0.30,8.41,0.16,0.46,175.62,14.26,201.60,8.55,3.98,0.92,0.20,2.18,5.84
3461,2568,Anandarao Shamrao Katare,Miraj,467,Gundewadi,0.50,8.37,0.14,0.36,200.70,20.95,235.20,10.21,0.58,0.89,0.66,5.70,6.26
3462,2569,Namdev Nivrutti Patil,Miraj,455,Gundewadi,0.40,8.10,0.33,0.28,213.25,28.08,358.40,6.85,0.82,1.37,0.20,8.32,0.98
3463,2570,Rajaram Nivrutti Patil,Miraj,454,Gundewadi,0.40,8.49,0.36,0.25,225.79,26.75,235.20,7.50,1.06,0.99,0.44,6.14,3.02
3464,2571,Maruti Chandar Patil,Miraj,599,Gundewadi,0.40,8.50,0.52,0.29,188.16,24.96,201.60,6.15,0.54,1.00,0.22,5.46,2.32
3465,2572,Balkrishna Nivrutti Katare,Miraj,601,Gundewadi,0.60,8.43,0.46,0.39,200.70,15.60,313.60,7.20,1.06,1.18,0.20,7.00,2.06
3466,2573,Tanaji Shivaji Vaykule,Miraj,598,Gundewadi,0.35,8.51,0.17,0.44,175.62,15.16,212.80,9.42,0.52,1.30,0.20,17.82,2.78
3467,2574,Subhash Pandurang Vaykule,Miraj,600,Gundewadi,0.37,8.41,0.16,0.36,188.16,18.28,302.40,10.38,0.68,1.09,0.18,11.92,3.16
3468,2575,Tukaram Mayappa Khandekar,Miraj,450,Gundewadi,0.50,8.63,0.14,0.53,225.79,15.16,369.60,9.73,0.92,0.73,0.20,6.30,3.58
3469,2576,Tatyaso Kondiba Ghodeswar,Miraj,453,Gundewadi,0.60,8.16,0.28,0.36,200.70,20.06,302.40,6.06,0.54,0.81,0.22,4.24,4.68
3470,2577,Kantabai Jagannath Devkate,Miraj,557,Gundewadi,0.32,8.36,0.12,0.57,188.16,22.73,224.00,5.54,0.42,1.50,0.20,7.20,1.62
3471,2578,Jagannath Akaram Devkate,Miraj,452,Gundewadi,0.20,8.50,0.13,0.71,200.70,19.17,313.60,6.46,3.76,1.22,0.20,8.02,1.50
3472,2579,Annaso Tukaram Patil,Miraj,571,Gundewadi,0.60,8.34,0.15,0.29,225.79,20.50,224.00,10.73,0.34,1.37,0.32,7.48,4.22
3473,2580,Dhanaji Sambhaji Kolekar,Miraj,502,Gundewadi,0.40,8.19,0.31,0.44,200.70,22.29,380.80,8.38,1.70,0.99,0.24,9.52,1.46
3474,2581,Sanjay Shivaji Kolekar,Miraj,504,Gundewadi,0.80,8.23,0.20,0.33,175.62,20.95,246.40,6.41,4.42,1.32,0.32,4.46,2.98
3475,2582,Vilas Baburao Kolekar,Miraj,503,Gundewadi,0.40,8.17,0.18,0.39,200.70,14.26,224.00,9.29,3.72,1.10,0.30,6.64,4.22
3476,2583,Vijay Annaso Yangare,Miraj,562/1,Gundewadi,1.20,8.28,0.16,0.50,188.16,16.94,268.80,12.13,0.56,1.45,0.24,7.90,6.02
3477,2584,Sukhdev Mukinda Ghodeswar,Miraj,522,Gundewadi,0.37,8.31,0.35,0.44,225.79,14.26,392.00,6.63,0.94,1.24,0.64,14.06,1.88
3478,2585,Avinash Ravsaheb Kerimane,Miraj,552,Gundewadi,0.80,8.26,0.27,0.42,200.70,13.37,302.40,7.55,0.60,1.10,0.96,7.20,2.52
3479,2586,Sanjay Shripal Kerimane,Miraj,552,Gundewadi,0.40,8.38,0.19,0.38,188.16,13.82,336.00,8.55,0.64,0.97,0.40,6.56,2.74
3480,3967,Ranjana Dhonderam Udvade,Miraj,109,Payappachiwadi,0.53,8.22,0.18,0.63,175.62,6.69,190.40,6.54,0.36,1.38,1.44,2.74,1.92
3481,3968,Akram Shivaji Bhosle,Miraj,213,Payappachiwadi,0.58,8.27,0.15,0.57,200.70,4.90,134.40,6.41,0.46,1.29,0.26,2.04,1.32
3482,3969,Shahaji Abaso Patil,Miraj,38/4,Payappachiwadi,0.40,8.36,0.16,0.71,163.07,16.94,145.60,4.97,0.14,1.44,1.66,2.98,1.44
3483,3970,Haimmat Dyanu Salunkhe,Miraj,28,Payappachiwadi,0.40,8.37,0.13,0.68,188.16,20.50,156.80,7.07,0.20,1.56,1.06,4.46,1.72
3484,3971,Hindu Tai Janardhan Zambre,Miraj,344,Payappachiwadi,1.90,8.38,0.15,0.63,150.53,17.83,156.80,6.72,0.26,1.69,0.48,3.76,1.78
3485,3972,Subhash Dinkar Chavan,Miraj,28,Payappachiwadi,0.60,8.33,0.13,0.57,175.62,8.92,168.00,5.28,0.30,1.37,1.48,2.66,1.26
3486,3973,Mukund Dadaso Bhosle,Miraj,208,Payappachiwadi,0.50,8.41,0.12,0.63,150.53,8.02,179.20,4.80,0.36,1.22,0.42,3.84,1.36
3487,3974,Shivaji Pandurang Bhosle,Miraj,112,Payappachiwadi,0.50,8.40,0.15,0.71,175.62,22.29,156.80,6.11,0.30,1.34,1.94,2.04,1.46
3488,3975,Parvati Maruti Bhosle,Miraj,359,Payappachiwadi,0.40,8.55,0.13,0.63,150.53,17.83,145.60,6.19,0.38,1.46,0.60,3.24,1.50
3489,3976,Vitthal Yashwant Jadhav,Miraj,237,Payappachiwadi,0.40,8.57,0.13,0.63,200.70,16.94,134.40,5.93,0.38,1.48,0.80,2.66,1.12
3490,3977,Balak Ka Dattaj Rao Sawant,Miraj,142,Payappachiwadi,0.50,8.58,0.14,0.61,188.16,13.37,134.40,7.42,0.28,1.19,0.12,2.44,1.30
3491,3978,Vishnu Namdev Patil,Miraj,125,Payappachiwadi,0.40,8.46,0.12,0.64,150.53,7.13,168.00,5.45,0.44,1.31,0.32,2.78,1.16
3492,3979,Prakash Pandurang Sawant,Miraj,147,Payappachiwadi,0.80,8.45,0.13,0.72,125.44,8.02,145.60,7.07,0.26,1.19,0.88,3.50,1.54
3493,3980,Ganpatrao Tatoba Sawant,Miraj,360,Payappachiwadi,0.40,8.64,0.14,0.57,200.70,13.37,123.20,6.15,0.40,1.60,0.60,2.88,1.04
3494,3981,Pandit Shankar Tavte,Miraj,367,Payappachiwadi,0.40,8.51,0.12,0.65,175.62,14.26,134.40,6.98,0.42,1.73,0.48,4.44,1.14
3495,3982,Bapuso Tatoba Bhosle,Miraj,218,Payappachiwadi,0.50,8.49,0.15,0.85,213.25,16.05,156.80,6.72,0.24,1.29,1.44,2.30,1.26
3496,3983,Kasinath Ramchandra Shinde,Miraj,119,Payappachiwadi,0.60,8.50,0.15,0.82,175.62,9.36,134.40,6.06,0.34,1.33,0.84,2.84,1.36
3497,3984,Mohan Datta Ji Bhosle,Miraj,187,Payappachiwadi,0.90,8.42,0.14,0.81,188.16,20.50,134.40,5.50,0.24,1.12,0.22,2.38,1.20
3498,3985,Siddheshwar Tanaji Bhosle,Miraj,198,Payappachiwadi,0.50,8.63,0.11,0.42,150.53,11.14,156.80,7.20,0.74,1.32,1.96,3.08,1.28
3499,3986,Amol Suresh Shinde,Miraj,254,Payappachiwadi,0.60,8.52,0.13,0.90,175.62,18.28,145.60,6.85,0.76,1.45,0.88,2.80,1.16
3500,3987,Sunita Tanaji Sawant,Miraj,65/1,Payappachiwadi,0.40,8.50,0.11,0.63,213.25,11.59,224.00,7.98,0.50,1.48,0.14,3.10,0.96
3501,3988,Tatoba Gyanu Bhosle,Miraj,66,Payappachiwadi,0.40,8.62,0.11,0.83,188.16,14.71,156.80,6.54,0.48,1.71,1.82,4.80,1.04
3502,3989,Ganpatrao Tatoba Sawant,Miraj,360,Payappachiwadi,0.40,8.56,0.15,0.71,163.07,13.37,179.20,8.51,0.40,1.47,0.66,2.56,1.38
3503,3990,Parvati Maruti Bhosle,Miraj,359,Payappachiwadi,0.40,8.59,0.13,0.74,200.70,22.29,190.40,7.98,1.04,1.51,1.28,3.04,1.20
3504,3991,Vitthal Yashwant Jadhav,Miraj,237,Payappachiwadi,0.40,8.51,0.16,0.51,150.53,7.58,201.60,5.28,0.38,1.81,0.34,2.48,1.10
3505,3992,Bapuso Daji Shinde,Miraj,50,Payappachiwadi,0.40,8.52,0.10,0.65,200.70,8.92,224.00,6.72,0.24,1.94,1.76,3.56,0.82
3506,3993,Sardar Dattaji Sawant,Miraj,94,Payappachiwadi,0.40,8.49,0.14,0.81,175.62,14.26,168.00,5.67,0.58,1.47,0.44,3.14,1.16
3507,3994,Dattatray Gulabrao Bhosale,Miraj,288,Payappachiwadi,0.40,8.61,0.11,0.64,163.07,18.72,168.00,6.50,0.38,1.19,0.62,4.52,1.44
3508,3995,Alaka Padharinath Bhosale,Miraj,69,Payappachiwadi,0.40,8.49,0.12,0.82,200.70,17.83,190.40,8.16,0.32,1.41,0.80,5.24,1.62
3509,3996,Haimmat Dyanu Salunkhe,Miraj,28,Payappachiwadi,0.40,8.56,0.12,0.82,175.62,8.92,201.60,6.67,0.28,0.12,1.10,6.26,1.40
3510,3997,Jagannath Lakshamn Kosthi,Miraj,108,Payappachiwadi,0.20,8.63,0.12,0.54,150.53,8.47,212.80,7.50,0.34,1.49,1.08,5.64,1.28
3511,3998,Popat Dyanu Salunkhe,Miraj,57,Payappachiwadi,0.40,8.53,0.10,0.75,200.70,9.81,268.80,8.24,0.40,1.57,0.54,5.24,1.24
3512,3999,Sanjay Dyandev Sawant,Miraj,171,Payappachiwadi,0.40,8.45,0.16,0.79,225.79,16.94,201.60,7.24,0.32,1.28,0.72,3.42,1.06
3513,4000,Pandurang Shamrao Bhosale,Miraj,181,Payappachiwadi,0.40,8.43,0.14,0.64,200.70,13.37,201.60,6.02,0.32,1.48,1.02,4.18,1.20
3514,4001,Deepak Dinkar Bhosle,Miraj,188,Payappachiwadi,0.40,8.58,0.12,0.83,213.25,10.25,201.60,6.19,0.34,1.12,0.40,5.18,1.28
3515,4002,Jayaram Yashwant Yadav,Miraj,126,Payappachiwadi,0.40,8.52,0.13,0.71,188.16,11.14,179.20,6.80,0.28,1.24,0.78,2.74,1.22
3516,4003,Netaji Dattatrey Bhosale,Miraj,59,Payappachiwadi,0.40,8.51,0.13,0.58,163.07,19.17,190.40,7.15,0.26,1.14,1.40,5.62,1.16
3517,4004,Ashok Gyanu Chavan,Miraj,324,Payappachiwadi,0.40,8.42,0.12,0.60,200.70,15.16,212.80,8.85,0.38,1.18,1.36,3.54,1.00
3518,4005,Balaso Ganpati Patil,Miraj,48,Payappachiwadi,0.40,8.40,0.13,0.69,175.62,14.71,201.60,7.42,0.36,1.25,1.62,4.76,1.48
3519,4006,Shivaji Appa So Sawant,Miraj,159,Payappachiwadi,0.40,8.54,0.14,0.74,150.53,11.59,190.40,5.93,0.52,1.68,1.04,4.30,1.24
3520,4007,Maruti Shivaji Bhosle,Miraj,348,Payappachiwadi,0.40,8.42,0.15,0.68,188.16,18.28,190.40,5.37,0.26,1.57,1.04,2.92,1.28
3521,4008,Sanjay Balaso Salunkhe,Miraj,120,Payappachiwadi,0.40,8.47,0.15,0.71,225.79,10.25,212.80,6.94,0.32,1.46,1.56,3.28,1.18
3522,4009,Vishnu Krishna Bhosle,Miraj,359,Payappachiwadi,0.40,8.51,0.14,0.40,200.70,14.26,224.00,7.15,0.32,1.19,2.38,5.42,1.42
3523,4010,Jagannath Lakshamn Kosthi,Miraj,108,Payappachiwadi,0.20,8.53,0.10,0.81,175.62,10.25,190.40,10.99,0.22,1.15,1.82,4.70,1.24
3524,4011,Alka Avinash Bhosale,Miraj,205/2,Payappachiwadi,0.40,8.39,0.20,0.82,163.07,9.81,212.80,7.50,1.94,1.35,3.30,3.12,0.92
3525,4012,Dhananjay Vilas Jadhav,Miraj,238,Payappachiwadi,0.40,8.44,0.17,0.63,200.70,11.14,224.00,8.11,0.38,1.72,1.72,4.56,1.02
3526,4013,Pandurang Shamrao Bhosale,Miraj,181,Payappachiwadi,0.40,8.39,0.20,0.74,225.79,15.60,190.40,5.76,0.34,1.77,1.92,4.78,1.08
3527,4014,Shanibai Vilas Ghorpade,Miraj,39 /1,Payappachiwadi,0.40,8.26,0.18,0.81,188.16,16.49,190.40,6.76,0.50,1.54,4.94,10.50,2.08
3528,4015,Sangita Sukumar Upadhe,Miraj,42,Payappachiwadi,0.40,8.41,0.16,0.78,175.62,19.61,134.40,7.50,0.30,1.49,3.24,8.38,1.10
3529,4016,Dhondiram Shivrudra Koshti,Miraj,308,Payappachiwadi,0.40,8.39,0.19,0.71,163.07,18.28,145.60,6.67,0.10,1.39,4.16,8.58,1.58
3530,4017,Prasad Shivappa Koshti,Miraj,348,Payappachiwadi,0.40,8.35,0.21,0.68,188.16,13.82,123.20,7.42,0.24,1.28,3.96,6.24,1.18
3531,4018,Sanjay Pandurang Sawant,Miraj,250,Payappachiwadi,0.40,8.42,0.18,0.93,200.70,9.81,134.40,5.93,0.28,1.50,4.02,9.68,1.14
3532,4019,Sunil Tukaram Patil,Miraj,53,Payappachiwadi,0.40,8.40,0.19,0.78,175.62,5.79,168.00,7.94,0.32,1.40,3.52,9.32,1.38
3533,4020,Dilip Akaram Chavhan,Miraj,255,Payappachiwadi,0.40,8.37,0.20,0.74,150.53,19.17,134.40,6.28,1.64,1.56,3.84,6.48,1.28
3534,4021,Srikrishna Akaram Chavhan,Miraj,340,Payappachiwadi,0.40,8.35,0.16,0.75,213.25,15.16,134.40,7.33,0.36,1.77,3.76,6.76,0.98
3535,4022,Nagesh Yashavant Chavhan,Miraj,340,Payappachiwadi,0.40,8.39,0.19,0.69,163.07,9.81,145.60,7.63,1.00,1.36,3.72,6.34,1.14
3536,4023,Ujwala Uttam Bhosale,Miraj,80/2,Payappachiwadi,0.40,8.46,0.16,0.72,188.16,8.47,123.20,6.32,0.20,1.42,4.18,6.68,1.04
3537,4024,Bharat Shamrao Bhosale,Miraj,181,Payappachiwadi,0.40,8.40,0.16,0.63,225.79,12.48,156.80,8.77,0.22,1.15,3.58,6.98,1.08
3538,4025,Shivaji Laxman Bhosale,Miraj,181,Payappachiwadi,0.40,8.45,0.15,0.72,175.62,16.05,179.20,8.20,0.28,1.34,4.64,9.74,1.20
3539,4026,Subhash Annaso Bhosale,Miraj,86,Payappachiwadi,0.40,8.38,0.16,0.76,150.53,16.49,190.40,7.15,0.30,1.49,4.08,10.82,1.34
3540,4027,Amarsinh Manohar Bhosale,Miraj,181,Payappachiwadi,0.40,8.40,0.19,0.83,188.16,11.59,168.00,6.59,0.30,1.27,4.78,8.40,1.28
3541,4028,Gajanan Bajirao Bhosale,Miraj,216,Payappachiwadi,0.40,8.13,0.19,0.69,163.07,15.16,134.40,7.85,0.32,1.19,4.38,7.52,1.44
3542,4029,Manikrao Dattajirao Sawant,Miraj,237,Payappachiwadi,0.40,8.24,0.17,0.76,200.70,16.49,145.60,5.80,0.42,1.35,4.70,8.58,1.20
3543,4030,Annasaheb Dhondiram Gurav,Miraj,336,Payappachiwadi,0.40,8.27,0.17,0.83,175.62,20.06,145.60,8.90,1.96,1.46,5.60,6.58,0.92
3544,4031,Sripati Dhondiram Gurav,Miraj,336,Payappachiwadi,0.40,8.26,0.19,0.58,200.70,19.17,123.20,7.63,0.34,1.51,4.22,6.52,1.14
3545,4032,Sajakka Chimansaheb Sawant,Miraj,141,Payappachiwadi,0.70,8.22,0.16,0.63,175.62,14.26,134.40,6.98,0.40,1.37,5.28,8.68,1.52
3546,4033,Rajasri Sahebrao Bhosale,Miraj,80/2,Payappachiwadi,0.40,8.24,0.16,0.56,150.53,9.36,156.80,8.46,0.48,1.62,0.48,4.22,1.28
3547,4034,Shankar Maruti Bhosale,Miraj,128,Payappachiwadi,0.40,8.31,0.16,0.64,200.70,8.47,134.40,9.16,0.42,1.94,0.42,4.46,1.48
3548,4035,Amarshinh Manohar Bhosale,Miraj,72,Payappachiwadi,0.40,8.37,0.17,0.65,175.62,9.36,190.40,5.58,0.44,1.67,0.44,6.40,1.08
3549,4036,Savlaram Baburao Chavhan,Miraj,68,Payappachiwadi,0.40,8.27,0.20,0.42,150.53,12.04,201.60,4.80,0.74,1.64,0.74,5.28,1.04
3550,4037,Kishor Dhondiram Katkar,Miraj,284,Payappachiwadi,0.40,8.27,0.21,0.76,213.25,16.94,134.40,6.19,0.22,1.78,0.22,5.28,1.92
3551,4038,Kiran Dhondiram Katkar,Miraj,284,Payappachiwadi,0.30,8.22,0.19,0.64,175.62,14.26,145.60,6.67,0.36,1.41,0.36,4.42,1.16
3552,4039,Mehapati Dattu Chavhan,Miraj,68,Payappachiwadi,0.40,8.32,0.19,0.71,150.53,10.25,156.80,4.58,0.00,1.24,0.04,6.00,1.26
3553,4040,Vitthal Ramchandra Koshti,Miraj,108,Payappachiwadi,0.40,8.31,0.17,0.72,200.70,16.05,156.80,6.46,0.38,1.69,0.38,6.78,1.30
3554,4041,Janardhan Ramchandra Bhosale,Miraj,335,Payappachiwadi,0.30,8.32,0.17,0.69,175.62,15.16,134.40,8.90,0.24,1.82,0.24,5.58,1.38
3555,4042,Bapuso Pandurang Pawar,Miraj,89/2,Payappachiwadi,0.20,8.26,0.17,0.64,150.53,11.14,123.20,5.35,0.22,1.56,0.22,6.24,1.38
3556,4043,Shahaji Abaso Patil,Miraj,38/4,Payappachiwadi,0.40,8.28,0.20,0.63,175.62,6.69,134.40,6.63,0.38,1.25,0.38,5.88,1.22
3557,4044,Balaso Dyanu Jadhav,Miraj,299 /1,Payappachiwadi,0.40,8.29,0.21,0.74,200.70,11.59,156.80,6.98,0.20,1.36,0.20,6.20,1.30
3558,4045,Laxmi Netaji Patil,Miraj,190/1,Payappachiwadi,0.40,8.22,0.21,0.76,163.07,12.04,145.60,6.50,0.34,1.47,0.34,5.28,1.40
3559,4046,Vilas Dinkar Jadhav,Miraj,302,Payappachiwadi,0.40,8.26,0.16,0.82,200.70,15.16,134.40,9.60,0.28,1.34,0.28,5.44,1.12
3560,4047,Kashinath Ramchandra Shinde,Miraj,119,Payappachiwadi,0.40,8.35,0.19,0.72,175.62,16.94,123.20,6.02,0.24,1.06,0.24,6.20,1.38
3561,4048,Hirabai Jayram Shinde,Miraj,119,Payappachiwadi,0.40,8.29,0.18,0.60,200.70,12.93,123.20,6.98,0.22,1.23,0.22,6.58,1.28
3562,4049,Shankar Sanbhaji Koshti,Miraj,348,Payappachiwadi,0.40,8.30,0.19,0.71,200.70,10.25,190.40,7.20,0.18,1.49,1.86,5.86,1.24
3563,4050,Ravindra Shivaji Bhosle,Miraj,109,Payappachiwadi,0.40,8.27,0.18,0.69,200.70,9.81,134.40,5.02,1.90,1.72,1.90,5.80,1.30
3564,4051,Sunil Ganpati Kushti,Miraj,108,Payappachiwadi,0.40,8.30,0.18,0.72,175.62,13.37,145.60,7.98,0.32,1.29,0.32,5.74,0.86
3565,4052,Nitin Ravao Savant,Miraj,93/1,Payappachiwadi,0.84,8.41,0.20,0.42,150.53,14.26,123.20,7.42,0.30,1.38,0.30,6.90,1.28
3566,4053,Sunanda Vilas Ingole,Miraj,341,Payappachiwadi,0.80,8.24,0.20,0.82,238.34,14.71,156.80,5.15,0.34,1.18,0.34,6.84,1.52
3567,4054,Usha Hirachand Shetty,Miraj,252,Payappachiwadi,0.50,8.25,0.19,0.83,175.62,13.82,168.00,7.15,0.26,1.30,0.26,6.98,1.30
3568,4055,Vidhya Babasaheb Kakade,Miraj,223/a,Narwad,0.90,8.67,0.24,0.59,200.70,19.54,414.40,11.14,0.46,0.92,1.30,3.30,0.16
3569,4056,Vilas Sitaram Mali,Miraj,663,Narwad,0.40,8.61,0.27,1.77,238.34,14.39,235.20,11.84,0.96,1.29,1.08,5.70,2.30
3570,4057,Vishnu Babu Kamlekar,Miraj,32,Narwad,0.80,8.22,0.58,1.62,188.16,12.68,560.00,10.71,1.98,1.31,3.38,6.46,1.82
3571,4058,Vishwa Bhushan Srikanta Patil,Miraj,99,Narwad,1.40,8.52,0.27,0.88,238.34,16.45,302.40,11.19,1.08,0.95,0.94,4.34,1.06
3572,4519,Rahul Namdev Patil,Palus,177,Nagarale,0.40,7.98,0.32,0.72,188.16,13.82,190.40,12.30,0.86,0.83,0.82,3.62,2.62
3573,4520,Yuvraj Bhanudas Patil,Palus,66,Nagarale,0.55,8.45,0.18,0.90,163.07,10.70,235.20,8.33,0.76,0.78,0.80,2.38,2.58
3574,4521,Madhukar Ganpati Jadhav,Palus,540,Nagarale,0.65,8.53,0.14,0.90,213.25,13.37,179.20,6.63,0.76,0.76,0.48,2.80,2.12
3575,4522,Manik Yashvant More,Palus,25,Nagarale,0.35,8.26,0.30,0.74,150.53,11.14,268.80,5.10,0.94,1.02,1.26,3.68,2.46
3576,4523,Milind Shankar Patil,Palus,83,Nagarale,0.30,8.46,0.20,0.92,188.16,20.06,302.40,14.05,1.00,0.86,1.10,2.54,2.76
3577,4524,Mhadev Tukaram Patil,Palus,478,Nagarale,0.40,8.29,0.25,0.75,213.25,14.71,246.40,5.41,0.84,0.99,1.02,3.52,2.56
3578,4525,Bhupal Neminath Vaghmare,Palus,595,Nagarale,0.35,8.56,0.16,0.65,163.07,15.60,235.20,7.90,0.94,0.95,1.00,2.52,2.36
3579,4526,Baban Rajaram Dudhane,Palus,172,Nagarale,0.25,8.31,0.20,0.82,150.53,18.28,224.00,4.67,0.80,0.92,1.08,3.54,2.72
3580,4527,Sahdev Raghunath Patil,Palus,456,Nagarale,0.45,8.51,0.18,0.88,188.16,12.93,302.40,6.59,0.88,1.73,1.18,2.34,2.18
3581,4528,Suhash Aappa Jadhav,Palus,606,Nagarale,0.35,8.35,0.25,0.92,200.70,12.04,246.40,7.24,0.84,1.15,1.18,3.48,2.60
3582,4529,Dhanaji Shankar Jadhav,Palus,270,Nagarale,0.35,8.68,0.13,0.86,163.07,17.38,224.00,6.63,0.98,1.18,1.04,1.80,1.90
3583,4530,Dilip Yashvant Gaikwad,Palus,266,Nagarale,0.60,8.53,0.17,0.97,213.25,11.14,246.40,6.94,0.80,1.49,1.26,2.60,2.38
3584,4531,Dattatray Bhanudas Patil,Palus,184,Nagarale,0.20,8.54,0.14,0.97,175.62,12.04,224.00,6.80,0.96,1.48,1.28,2.72,2.26
3585,4532,Dattatray Prakash Patil,Palus,480,Nagarale,0.60,8.38,0.20,0.75,200.70,14.26,268.80,8.59,1.06,0.75,1.40,2.12,2.22
3586,4533,Dipak Pandurang patil,Palus,390,Nagarale,0.40,8.47,0.17,0.69,225.79,25.85,280.00,6.85,0.90,0.86,1.80,2.24,2.56
3587,4534,Dipak Rajaram Gaikwad,Palus,282,Nagarale,0.50,8.57,0.12,0.71,188.16,19.61,201.60,7.98,1.00,0.65,2.04,2.60,3.06
3588,4535,Dinanath Dilip Patil,Palus,176,Nagarale,0.20,8.31,0.27,0.68,163.07,12.93,268.80,7.02,1.10,0.52,1.98,2.62,2.54
3589,4536,Mangesh Dilip Patil,Palus,95,Nagarale,0.60,8.36,0.25,0.97,200.70,12.48,291.20,7.94,1.02,0.59,2.00,3.50,2.64
3590,4537,Dilip Yashvant Patil,Palus,429,Nagarale,0.40,8.54,0.16,0.90,163.07,11.59,268.80,7.33,1.02,0.65,2.02,4.12,2.84
3591,4538,Dilavar Kashim Mulani,Palus,429,Nagarale,0.30,8.51,0.17,0.79,200.70,14.26,224.00,5.85,0.94,0.67,2.28,8.72,2.56
3592,4539,Tanaji Bapu Patil,Palus,477,Nagarale,0.20,8.61,0.15,0.58,225.79,13.37,212.80,7.20,0.96,0.71,2.16,7.42,2.62
3593,4540,Tanaji Rajaram Dudhane,Palus,591,Nagarale,0.20,8.61,0.12,0.90,163.07,10.70,235.20,5.89,1.14,0.61,2.06,5.40,2.16
3594,4541,Jayvant Rajaram Patil,Palus,391,Nagarale,0.20,8.64,0.13,0.97,188.16,12.48,302.40,7.42,1.06,0.81,2.24,6.32,2.32
3595,4542,Jaydip Mansingh Patil,Palus,612,Nagarale,0.20,8.62,0.12,0.96,150.53,11.14,268.80,4.89,1.02,0.98,2.62,6.12,2.54
3596,4543,Jivan Mahadev Patil,Palus,34,Nagarale,0.50,8.58,0.12,0.82,200.70,21.84,246.40,7.33,1.02,0.84,2.62,6.64,2.64
3597,4544,Sampatrav Babu Maske,Palus,437,Nagarale,0.40,8.55,0.18,0.97,188.16,11.59,201.60,5.41,1.18,0.79,2.54,4.96,2.84
3598,4545,Chetan Vishvas Jadhav,Palus,476,Nagarale,0.50,8.60,0.13,0.92,200.70,12.48,246.40,5.63,1.04,0.77,2.62,6.00,2.56
3599,4546,Avinash Shankar Pawar,Palus,97,Nagarale,0.40,8.60,0.14,0.83,163.07,12.93,235.20,5.93,1.12,1.03,3.00,5.86,2.62
3600,4547,Anjana Balaso Patil,Palus,177,Nagarale,0.40,8.57,0.11,0.82,213.25,18.72,257.60,5.10,1.14,0.87,3.14,5.64,2.16
3601,4548,Amol Vasnt Patil,Palus,301,Nagarale,0.30,8.59,0.17,0.88,188.16,18.72,246.40,6.98,1.16,1.00,3.22,5.32,2.66
3602,4549,Amrutrav Aandrav Gaikwad,Palus,27,Nagarale,0.40,8.65,0.16,0.86,150.53,11.59,190.40,6.06,1.10,0.96,2.92,4.80,2.08
3603,4550,Ajit Yashvant More,Palus,25,Nagarale,0.30,8.62,0.12,0.79,200.70,13.82,212.80,4.71,1.08,0.93,2.96,5.40,2.94
3604,4551,Shrikant Vasant Dudhane,Palus,624,Nagarale,0.50,8.60,0.15,0.65,225.79,11.14,235.20,9.42,1.10,1.74,3.02,4.60,2.00
3605,4552,Shashikant Bhimrao Patil,Palus,261,Nagarale,0.60,8.61,0.20,0.83,200.70,16.05,224.00,8.51,1.14,1.16,3.30,4.32,2.38
3606,4553,Kiran Banan Pawar,Palus,39,Nagarale,0.40,8.64,0.16,0.90,213.25,10.70,257.60,6.50,1.08,1.19,3.06,3.02,2.12
3607,4554,Vinayak Rajaram Patil,Palus,596,Nagarale,0.05,8.66,0.12,0.83,175.62,15.16,224.00,7.85,1.22,0.75,3.42,4.48,2.88
3608,4555,Sangram Shrikant Patil,Palus,74,Nagarale,0.60,8.60,0.13,0.90,150.53,10.70,268.80,5.80,1.10,0.87,3.52,3.68,2.44
3609,4556,Yashwant Tanaji Patil,Palus,591,Nagarale,0.40,8.66,0.14,0.81,200.70,11.14,280.00,5.54,1.14,0.99,3.40,4.28,2.46
3610,4557,Prashant Shrikant Patil,Palus,74,Nagarale,0.30,8.65,0.12,0.86,163.07,16.05,246.40,7.50,1.14,0.82,3.60,4.02,2.90
3611,4558,Dhairshil Vishavasrav Shinde,Palus,98,Nagarale,0.60,8.57,0.17,0.85,200.70,10.70,246.40,9.16,1.06,0.72,4.04,3.92,2.16
3612,4559,Shashikant Dinkar Patil,Palus,477,Nagarale,0.60,8.65,0.17,0.97,150.53,21.40,224.00,6.02,1.12,0.86,3.94,3.78,2.52
3613,4560,Prakash Ganpati Patil,Palus,272,Nagarale,0.40,8.66,0.14,0.79,188.16,14.26,257.60,4.75,1.22,0.66,3.66,4.56,2.50
3614,4561,Baban Bhgwan Patil,Palus,410,Nagarale,0.20,8.63,0.19,0.75,213.25,15.60,268.80,4.89,1.10,0.53,4.00,6.44,2.84
3615,4562,Pandurang Jagnnath Hjare,Palus,329,Nagarale,0.23,8.65,0.14,0.71,225.79,14.71,246.40,5.19,1.06,0.60,4.08,4.24,2.32
3616,4563,Prakash Bhanudas Patil,Palus,66,Nagarale,0.06,8.64,0.19,0.71,188.16,16.94,235.20,8.99,1.24,0.67,3.78,3.84,2.94
3617,4564,Namdev Tukaram Jadhav,Palus,281,Nagarale,0.40,8.55,0.23,0.92,150.53,15.16,212.80,4.80,1.24,0.66,4.22,3.06,2.44
3618,4565,Chandrakant Pandurang Patil,Palus,545,Nagarale,0.40,8.61,0.17,0.86,175.62,16.94,268.80,7.20,1.24,0.72,4.12,4.80,2.66
3619,4566,Jaykar Aananda Mulik,Palus,378,Nagarale,0.40,8.64,0.12,0.96,225.79,18.28,246.40,4.36,1.16,0.61,4.04,4.58,2.66
3620,4567,Vilas Yashvant Maske,Palus,389,Nagarale,0.30,8.63,0.12,0.69,163.07,15.60,224.00,7.50,1.14,0.82,4.32,3.36,2.10
3621,4568,Lalaso Shankar Jadhav,Palus,280,Nagarale,0.40,8.50,0.14,0.71,137.98,13.37,235.20,8.46,1.18,0.77,4.24,2.98,2.40
3622,4569,Ajij Yasin Mulani,Palus,568,Nagarale,0.20,8.66,0.17,0.74,188.16,14.26,224.00,7.11,1.28,1.02,4.24,3.14,2.40
3623,4570,Pandhrinath Bhagvant Patil,Palus,298,Nagarale,0.60,8.69,0.18,0.75,213.25,20.06,190.40,6.37,1.04,1.15,4.22,3.44,2.18
3624,4571,Pradeep Rajendra Patil,Palus,15,Nagarale,0.60,8.45,0.23,0.86,175.62,11.14,201.60,9.16,1.06,1.21,4.18,3.58,1.98
3625,4572,Rajendra Vasant Patil,Palus,15,Nagarale,0.60,8.50,0.22,0.86,150.53,16.05,246.40,8.11,1.10,0.92,4.42,4.16,2.62
3626,4573,Indrajit Rajendra Patil,Palus,15,Nagarale,0.40,8.54,0.23,0.71,175.62,18.72,291.20,6.59,1.18,0.95,4.62,3.60,1.90
3627,4574,Namdev Bhagavant Patil,Palus,298,Nagarale,0.60,8.66,0.17,0.69,150.53,14.26,190.40,6.28,1.06,0.97,4.80,4.16,1.98
3628,4575,Nikhil Namdev Patil,Palus,125,Nagarale,0.02,8.50,0.20,0.74,200.70,20.06,235.20,5.15,1.22,0.86,4.78,5.10,2.04
3629,4576,Archana Shivaji Khandekar,Palus,445,Nagarale,0.02,8.49,0.22,0.89,225.79,10.70,179.20,6.98,1.20,0.83,4.78,4.16,2.14
3630,4577,Rajvardhan Sangram Patil,Palus,35,Nagarale,0.60,8.47,0.24,0.90,150.53,11.14,268.80,5.50,1.22,0.92,4.72,3.28,2.34
3631,4578,Jaldhara Sangram Patil,Palus,351,Nagarale,0.65,8.37,0.29,0.89,188.16,16.05,224.00,7.42,1.08,0.91,4.68,4.04,2.30
3632,4579,Indutai Jalindar Kamble,Palus,188,Nagarale,0.60,8.54,0.18,0.90,213.25,10.70,324.80,5.28,1.26,0.96,4.68,5.06,2.18
3633,4580,Umesh Subhash Tonpe,Palus,137,Nagarale,0.30,8.56,0.24,0.71,163.07,21.40,190.40,9.16,1.04,1.03,5.20,4.22,2.34
3634,4581,Shashikla Shashikant Patil,Palus,486,Nagarale,0.60,8.57,0.18,0.72,188.16,14.26,168.00,6.54,1.12,0.76,4.74,5.34,2.32
3635,4582,Pratibha Nitin Patil,Palus,486,Nagarale,0.50,8.49,0.22,0.76,163.07,16.49,201.60,6.19,1.22,0.78,4.76,6.50,2.56
3636,4583,Rupali Manohar Patil,Palus,350,Nagarale,0.60,8.44,0.28,0.74,188.16,18.72,302.40,7.37,1.18,0.83,5.04,6.54,1.88
3637,4584,Sunil Shankar Patil,Palus,153,Nagarale,0.20,8.61,0.19,0.89,225.79,12.48,224.00,4.58,1.14,0.76,5.10,4.06,2.06
3638,4585,Rajendra Shankar Patil,Palus,153,Nagarale,0.20,8.45,0.29,0.92,175.62,10.70,168.00,6.02,1.16,0.96,5.14,5.74,2.50
3639,4586,Mangal Baban Sankpal,Palus,452,Nagarale,0.60,8.52,0.25,0.72,175.62,16.05,291.20,5.37,1.28,0.82,5.04,5.30,2.62
3640,4587,Rahul Mahadev Patil,Palus,157,Nagarale,0.04,8.53,0.13,0.79,200.70,11.14,358.40,7.68,1.22,0.63,5.12,4.32,2.34
3641,4588,Vhida Jalaluddin Mujavar,Palus,257,Nagarale,0.40,8.60,0.10,0.71,163.07,12.93,403.20,8.46,1.12,0.72,4.60,3.28,2.12
3642,4589,Subash Bajrang Gunvant,Palus,240,Nagarale,0.60,8.47,0.19,0.94,200.70,16.49,336.00,7.72,1.34,0.68,4.56,2.28,2.82
3643,4590,Shabana Firoj Sande,Palus,424,Nagarale,0.30,8.53,0.13,0.83,150.53,15.16,392.00,4.93,1.36,0.66,5.06,3.44,2.50
3644,4591,Rajkumar Anil More,Palus,48,Nagarale,0.35,8.48,0.22,0.79,175.62,17.38,336.00,7.02,1.34,0.59,4.80,3.84,2.08
3645,4592,Sunita Govind Bandhar,Palus,59,Nagarale,0.30,8.52,0.20,0.58,213.25,15.60,246.40,9.47,1.14,0.62,4.96,4.44,2.84
3646,4593,Jayshree Shamrao Jadhav,Palus,55,Nagarale,0.06,8.41,0.20,0.85,175.62,18.72,403.20,5.89,1.22,0.61,5.60,4.08,2.94
3647,4594,Divya Kondiba Patil,Palus,55,Nagarale,0.60,8.44,0.23,0.74,150.53,16.05,302.40,6.46,1.22,0.82,5.16,4.20,2.78
3648,4595,Hurmatbi Ibrahim Mulani,Palus,176,Nagarale,0.04,8.58,0.15,0.86,200.70,13.82,235.20,6.80,1.20,0.75,5.14,5.34,1.92
3649,4596,Suryakant Vishvnath Jadhav,Palus,587,Nagarale,0.30,8.62,0.17,0.75,175.62,20.50,201.60,6.19,1.24,1.27,5.48,6.04,2.58
3650,4597,Shubham Shamrav Jadhav,Palus,587,Nagarale,0.40,8.45,0.20,0.63,150.53,12.04,324.80,8.77,1.30,1.32,5.28,3.96,2.54
3651,4598,Savitri Raghunath Dunde,Palus,357,Nagarale,0.65,8.54,0.14,0.56,175.62,18.28,190.40,8.55,1.34,0.71,5.24,4.02,2.60
3652,4599,Hasan Ibrahim Mulani,Palus,176,Nagarale,0.06,8.69,0.14,0.78,137.98,17.83,257.60,7.42,1.30,1.26,5.26,4.36,2.10
3653,4600,Vhida Abdul Hamid Mulani,Palus,563,Nagarale,0.50,8.55,0.17,0.67,163.07,16.49,201.60,6.89,1.22,0.66,5.32,3.86,1.96
3654,4601,Mahesh Ramesh Jadhav,Palus,587,Nagarale,0.60,8.65,0.14,0.71,175.62,12.04,347.20,9.25,1.22,0.71,5.64,4.34,2.64
3655,4602,Jayshree Sachin Tirmare,Palus,372,Nagarale,0.70,8.70,0.14,0.61,150.53,14.26,257.60,7.90,1.24,1.11,5.32,4.52,2.70
3656,4603,Dattatray Vishvanath Jadhav,Palus,412,Nagarale,0.80,8.53,0.23,0.72,200.70,13.37,436.80,4.01,1.20,0.81,5.38,4.60,2.44
3657,4604,Adarsh Shivaji Khandekar,Palus,274,Nagarale,0.45,8.63,0.14,0.58,163.07,18.28,302.40,7.76,1.26,0.86,5.56,5.82,2.78
3658,4605,Anil Aappso Jadhav,Palus,327,Nagarale,0.30,8.66,0.15,0.53,137.98,16.49,224.00,8.51,1.38,0.86,5.50,5.14,3.32
3659,4606,Shobha Pandurang Jagtap,Palus,536,Nagarale,0.40,8.63,0.14,0.68,200.70,14.71,268.80,9.12,1.42,0.67,5.46,4.90,2.58
3660,4607,Savita Dattatray Dinde,Palus,357,Nagarale,0.65,8.63,0.14,0.54,188.16,15.60,212.80,9.29,1.32,0.60,5.36,4.40,2.46
3661,4608,Hasina Akbar Mulla,Palus,688,Nagarale,0.20,8.57,0.23,0.40,163.07,14.26,380.80,9.55,1.32,0.65,5.42,4.22,2.24
3662,4609,Shailja Sayaji Thorat,Palus,534,Nagarale,0.60,8.55,0.21,0.61,200.70,18.28,414.40,7.28,1.30,0.59,5.62,4.36,2.36
3663,4610,Lilavati Jayvant Patil,Palus,789,Nagarale,0.30,8.60,0.12,0.63,150.53,10.70,448.00,7.76,1.28,0.60,5.58,4.62,2.68
3664,4611,Aanandarav Akaram Suryavanshi,Palus,276,Suryagaon,0.92,8.23,0.38,0.83,225.79,19.17,504.00,7.37,1.86,0.64,2.26,10.88,5.42
3665,4612,Aanandi Bhupal Patil,Palus,304,Suryagaon,0.12,7.56,1.04,0.92,188.16,22.29,649.60,11.86,4.06,0.90,3.12,17.24,9.40
3666,4613,Adhik Bhaskar Suryvanshi,Palus,"266,267",Suryagaon,0.28,7.81,0.42,0.83,213.25,18.72,548.80,7.42,2.08,0.56,3.36,15.92,9.54
3667,4614,Amar Hanamant Suryavanshi,Palus,203,Suryagaon,0.40,7.92,0.36,0.94,163.07,18.28,537.60,4.49,1.64,1.23,4.00,15.44,7.30
3668,4615,Amar Yashavant Umabare,Palus,218,Suryagaon,0.10,8.01,0.51,0.93,188.16,17.83,481.60,7.11,1.30,0.61,5.20,14.62,6.58
3669,4616,Anil Sopan Suryavanshi,Palus,166,Suryagaon,0.41,8.02,0.52,0.79,150.53,27.19,436.80,8.20,2.22,0.94,1.94,9.00,5.54
3670,4617,Anuradha Digambar Patil,Palus,264,Suryagaon,0.40,8.04,0.42,0.75,188.16,15.16,392.00,7.90,2.08,0.83,1.68,11.08,6.70
3671,4618,Aravind Shamrav Rakate,Palus,181,Suryagaon,0.34,7.95,0.50,0.83,175.62,15.16,459.20,7.02,1.34,0.82,2.28,11.44,6.82
3672,4619,Arjun Pandurang Suryavanshi,Palus,293,Suryagaon,0.32,8.25,0.57,0.86,150.53,14.26,380.80,5.19,0.98,0.82,2.88,8.54,4.00
3673,4620,Arjun Rangarav Rananavare,Palus,271,Suryagaon,0.40,7.65,0.95,0.85,213.25,19.17,436.80,15.31,2.16,0.60,1.26,15.98,8.64
3674,4621,Ashok Narayan Suryavanshi,Palus,94,Suryagaon,0.63,7.92,0.42,0.78,175.62,20.06,537.60,7.63,3.00,0.71,2.68,14.20,6.90
3675,4622,Ashok Tukaram Shinde,Palus,120,Suryagaon,0.40,8.08,0.24,0.75,225.79,24.52,548.80,6.72,1.92,1.03,4.92,17.58,10.46
3676,4623,Ashwini Dattatray Suryawanshi,Palus,171,Suryagaon,0.50,7.71,0.18,0.86,188.16,23.63,481.60,4.54,2.44,0.94,1.82,14.22,10.04
3677,4624,Bajarang Pandurang Umabare,Palus,209,Suryagaon,0.33,7.93,0.37,0.88,163.07,19.17,358.40,7.42,1.94,1.00,6.06,13.94,14.40
3678,4625,Bajirav Shamrav Suryavanshi,Palus,190,Suryagaon,0.35,7.88,0.39,0.78,175.62,14.26,336.00,6.02,1.30,0.60,4.16,12.60,12.94
3679,4626,Balavant Pandurang Suryavanshi,Palus,21,Suryagaon,0.33,8.04,0.29,0.99,213.25,22.29,403.20,6.28,1.28,1.72,3.62,5.30,9.30
3680,4627,Bhaisahab Rajaram Umbare,Palus,240,Suryagaon,0.27,8.15,0.38,0.83,163.07,18.72,392.00,15.44,1.26,1.49,3.74,15.26,6.14
3681,4628,Bhaskar Baburav Suryavanshi,Palus,48,Suryagaon,0.23,7.09,1.90,0.97,188.16,15.60,761.60,14.83,4.60,0.65,1.60,12.86,7.10
3682,4629,Bhimarav Aappa Rananavare,Palus,270,Suryagaon,0.40,7.81,1.24,0.86,150.53,16.94,560.00,4.71,2.82,0.91,1.42,14.08,8.58
3683,4630,Bhupal Pandurang Patil,Palus,156,Suryagaon,0.04,7.87,0.71,0.97,188.16,19.17,582.40,8.29,2.96,0.57,1.96,14.30,11.24
3684,4631,Chandrakant Pralhad Suryavanshi,Palus,14,Suryagaon,0.31,8.31,0.33,0.86,163.07,26.30,593.60,15.92,1.42,1.25,4.70,14.96,8.10
3685,4632,Dattatray Bhupal Patil,Palus,114,Suryagaon,0.09,7.11,1.74,0.90,150.53,17.38,672.00,7.15,5.42,0.65,4.68,7.60,6.12
3686,4633,Dattatray Shripati Khole,Palus,298/b,Suryagaon,0.23,8.08,0.45,0.76,175.62,17.83,414.40,10.34,1.28,0.96,2.74,15.68,7.88
3687,4634,Dhanaji Dattatray Umabare,Palus,219,Suryagaon,0.31,7.63,1.03,0.93,225.79,16.49,481.60,5.19,1.56,0.89,2.84,15.32,8.58
3688,4635,Dilip Bhimrav Suryavanshi,Palus,321,Suryagaon,0.14,7.40,0.41,0.99,163.07,20.06,515.20,5.89,2.16,0.92,3.76,11.98,8.86
3689,4636,Dilip Ekanath Suryavanshi,Palus,269,Suryagaon,0.69,7.89,0.68,0.90,213.25,14.26,504.00,6.41,3.58,0.82,12.74,13.16,7.00
3690,4637,Dinkar Aappa Rananavre,Palus,270,Suryagaon,0.40,7.82,0.82,0.97,175.62,27.19,492.80,10.91,2.38,0.67,4.48,17.22,9.00
3691,4638,Dinkar Dattu Suryavanshi,Palus,49,Suryagaon,0.26,7.63,0.44,0.83,150.53,27.64,403.20,9.47,1.74,0.76,3.06,11.80,4.54
3692,4639,Dipak Lakshaman Patil,Palus,202,Suryagaon,0.31,7.75,1.20,0.96,188.16,15.60,560.00,10.51,1.96,1.18,9.14,16.38,5.36
3693,4640,Dipak Narayan Suryavanshi,Palus,94,Suryagaon,0.62,7.70,0.51,0.99,163.07,20.50,649.60,5.76,2.72,0.96,3.92,16.38,7.34
3694,4641,Ekanath Bala Suryavanshi,Palus,167,Suryagaon,0.35,7.93,1.24,0.90,213.25,20.06,515.20,6.50,2.08,0.98,4.08,11.32,6.20
3695,4642,Ekanath Lakshaman Patil,Palus,202,Suryagaon,0.31,8.05,0.33,0.81,175.62,21.84,324.80,7.20,1.12,0.76,4.28,14.60,8.40
3696,4643,Gangaram Ramchandra Suryavanshi,Palus,14,Suryagaon,0.22,7.60,1.10,0.89,150.53,30.76,649.60,9.07,3.46,1.63,4.50,25.66,9.54
3697,4644,Ghansham Baburav Suryavanshi,Palus,195,Suryagaon,0.38,7.18,1.24,0.99,188.16,17.38,627.20,6.59,3.52,1.34,3.58,21.96,7.72
3698,4645,Hanamant Bhagawan Suryavanshi,Palus,46,Suryagaon,0.26,7.71,0.53,0.86,213.25,16.49,481.60,8.85,1.00,0.65,3.86,11.54,14.58
3699,4646,Haribhau Narayan Suryavanshi,Palus,238,Suryagaon,1.17,7.67,1.00,0.85,188.16,20.95,448.00,8.11,1.34,0.92,3.36,12.66,11.18
3700,4647,Jalindar Rangarav Suryawanshi,Palus,180,Suryagaon,0.21,7.58,0.96,0.97,175.62,16.94,571.20,6.06,2.32,0.76,7.52,9.86,9.28
3701,4648,Jayashree Dinkar Surayvanshi,Palus,94,Suryagaon,0.63,7.57,0.87,0.89,200.70,16.05,537.60,5.28,2.24,0.75,3.54,11.50,7.04
3702,4649,Jayavant Balu Bhatamare,Palus,269,Suryagaon,0.31,8.27,1.02,0.90,225.79,13.82,560.00,8.85,3.20,0.92,9.94,12.98,7.38
3703,4650,Jitendr Sambhaji Suryavanshi,Palus,47/1,Suryagaon,0.23,8.03,1.10,0.86,188.16,14.26,526.40,8.46,3.48,0.67,9.58,9.34,6.40
3704,4651,Kamal Balavant Suryavanshi,Palus,184,Suryagaon,0.20,8.10,0.47,0.82,163.07,20.95,268.80,6.54,1.78,1.28,3.96,12.96,7.60
3705,4652,Kishor Aanandarav Suryavanshi,Palus,13,Suryagaon,0.37,7.40,1.96,0.89,200.70,20.50,504.00,8.20,2.66,1.15,7.58,8.20,10.20
3706,4653,Kumar Lakshamn Patil,Palus,202,Suryagaon,0.31,7.92,0.51,0.97,175.62,19.17,436.80,8.51,1.96,0.94,5.72,9.30,9.40
3707,4654,Lakshaman Baburav Patil,Palus,158,Suryagaon,0.63,7.79,0.76,0.83,225.79,24.52,403.20,9.16,1.78,0.58,4.24,8.12,8.18
3708,4655,Mahadev Baburav Khole,Palus,298,Suryagaon,0.37,7.82,0.82,0.96,175.62,27.19,616.00,7.15,1.86,0.95,6.60,11.66,8.04
3709,4656,Mahesh Managing Suryavanshi,Palus,42,Suryagaon,0.26,7.76,0.88,0.86,200.70,25.85,504.00,5.76,2.36,0.97,6.52,10.30,10.30
3710,4657,Manohar Govind Suryavanshi,Palus,217,Suryagaon,0.30,8.13,0.35,0.90,150.53,28.53,526.40,8.55,1.56,0.99,5.72,8.04,8.84
3711,4658,Mohan Vishvanath Rananavre,Palus,277,Suryagaon,0.73,7.82,0.89,0.83,188.16,23.63,582.40,7.85,4.60,0.95,5.58,7.06,6.44
3712,4659,Mohini Sujit Suryavanshi,Palus,196,Suryagaon,0.06,7.65,1.02,0.79,225.79,26.30,448.00,4.58,2.40,0.97,6.04,6.82,10.88
3713,4660,Nanada Aananda Patil,Palus,202,Suryagaon,0.31,7.85,0.38,0.72,188.16,15.60,403.20,6.80,1.88,0.93,4.88,4.06,8.04
3714,4661,Nitin Mohan Suryavanshi,Palus,315,Suryagaon,0.24,8.06,0.50,0.75,163.07,21.40,548.80,8.20,3.94,0.96,7.10,2.44,10.84
3715,4662,Pandid Krushna Suryavanshi,Palus,317,Suryagaon,0.52,7.67,1.09,0.69,200.70,16.49,369.60,4.97,3.58,0.91,16.34,6.06,8.00
3716,4663,Pandurang Shivaji Suryavanshi,Palus,218,Suryagaon,0.55,8.01,0.27,0.72,175.62,19.61,425.60,5.76,2.84,1.04,18.32,8.20,11.00
3717,4664,Pradip Sambhaji Suryavanshi,Palus,185,Suryagaon,0.15,7.43,0.86,0.71,225.79,22.73,291.20,5.58,2.12,1.13,18.40,2.46,11.00
3718,4665,Prakash Keshav Suryavankshi,Palus,272,Suryagaon,0.65,8.10,0.41,0.72,188.16,28.08,212.80,6.98,4.42,0.90,12.40,5.82,10.34
3719,4666,Pralhad Ravso Bhatamare,Palus,266,Suryagaon,0.23,8.12,0.67,0.75,163.07,18.72,268.80,6.06,1.54,1.05,14.24,8.42,13.16
3720,4667,Prashant Hindurav Umabare,Palus,175,Suryagaon,0.47,7.88,0.28,0.86,200.70,15.16,492.80,4.89,1.24,1.14,11.02,3.80,7.46
3721,4668,Raghunath Ramchandra Rakate,Palus,258,Suryagaon,0.40,7.94,0.27,0.78,175.62,9.36,448.00,5.15,2.34,0.89,10.46,4.86,8.00
3722,4669,Raghunath Rangarav Rananavre,Palus,271,Suryagaon,0.40,7.87,0.70,0.85,188.16,13.37,414.40,9.07,1.68,1.35,20.30,5.74,4.40
3723,4670,Rajaram Aananda Suryavanshi,Palus,303,Suryagaon,0.11,7.80,0.46,0.83,225.79,20.50,403.20,7.33,2.58,1.21,13.18,4.28,9.64
3724,4671,Rajendr Vilas Khole,Palus,218,Suryagaon,0.27,7.78,0.43,0.86,188.16,30.76,324.80,5.50,2.38,1.17,17.16,12.62,9.40
3725,4672,Rajesh Shamrav Umbare,Palus,158,Suryagaon,0.24,7.45,1.28,0.90,238.34,24.07,268.80,4.67,3.22,1.01,12.82,8.12,10.28
3726,4673,Ranjeet Ramchandra Suryavanshi,Palus,254,Suryagaon,0.53,8.01,0.39,0.76,263.42,28.97,369.60,10.56,3.42,1.12,13.74,10.08,9.58
3727,4674,Ravindra Sopan Suryawanshi,Palus,288,Suryagaon,0.50,8.15,0.39,0.93,275.97,25.85,336.00,4.75,6.02,1.09,11.86,9.78,9.70
3728,4675,Sachin Bhupal Patil,Palus,314,Suryagaon,0.09,7.26,1.25,0.99,225.79,28.08,313.60,5.41,2.60,0.88,12.64,15.72,9.56
3729,4676,Sachin Nagnatha Umabare,Palus,219,Suryagaon,0.30,7.75,0.59,0.90,200.70,25.41,302.40,4.27,3.42,0.95,12.60,15.74,11.34
3730,4677,Sambhaji Bapu Suryavanshi,Palus,169,Suryagaon,0.26,7.25,0.50,0.97,163.07,18.72,268.80,5.45,6.28,1.15,9.52,15.54,10.70
3731,4678,Sandeep Maruti Umbare,Palus,292,Suryagaon,0.56,6.93,0.79,0.50,200.70,20.06,448.00,9.16,3.88,1.21,11.96,16.62,12.76
3732,4679,Sandip Bhimarav Suryavanshi,Palus,186,Suryagaon,0.52,7.44,0.84,0.71,225.79,20.50,481.60,8.11,2.44,1.24,19.68,15.96,10.56
3733,4680,Sandip VYANKAT JADHAV,Palus,113,Suryagaon,0.48,7.46,0.89,0.72,188.16,14.71,515.20,8.81,2.12,1.08,17.54,14.98,10.68
3734,4681,Sanjay Ramchandr Suryavanshi,Palus,165,Suryagaon,0.71,7.95,0.70,0.86,163.07,23.18,560.00,8.38,1.48,1.05,3.06,13.74,7.38
3735,4682,Sarjerav Aakaram Suryavnshi,Palus,278,Suryagaon,0.07,8.31,0.39,0.94,200.70,24.07,425.60,7.85,1.46,0.93,3.66,7.36,7.44
3736,4683,Sarjerav Shamarav Suryavanshi,Palus,316,Suryagaon,0.35,8.19,0.27,0.83,225.79,20.95,358.40,4.80,2.52,1.14,5.02,9.34,11.04
3737,4684,Shankat Shripati Khole,Palus,298/a,Suryagaon,0.23,7.49,0.26,0.94,263.42,24.96,302.40,7.07,1.72,1.33,2.44,11.92,8.72
3738,4685,Shantabai Bhimarav Suryavanshi,Palus,325,Suryagaon,0.55,8.30,0.26,0.58,238.34,18.72,425.60,6.80,2.54,1.22,2.10,4.36,8.32
3739,4686,Sharad Yashavant Umabare,Palus,212,Suryagaon,0.26,7.97,0.26,0.56,213.25,19.17,257.60,8.03,4.74,1.47,20.96,8.64,14.60
3740,4687,Sopan Mahipati Patil,Palus,216,Suryagaon,0.21,7.53,0.87,0.72,188.16,19.61,224.00,5.63,2.20,1.39,1.96,6.94,12.06
3741,4688,Subhadra Nivrutti Jadhav,Palus,167,Suryagaon,0.22,8.10,0.76,0.86,225.79,22.73,291.20,9.03,3.44,1.00,6.16,11.68,2.64
3742,4689,Subhash Govind Suryavanshi,Palus,217,Suryagaon,0.29,7.99,0.18,0.75,263.42,21.40,459.20,6.89,1.92,0.82,22.14,15.32,7.78
3743,4690,Sudhakar Yashavant Umabare,Palus,205,Suryagaon,0.02,7.91,0.58,0.88,213.25,20.95,526.40,8.77,3.00,1.37,4.26,15.88,11.76
3744,4691,Sujeet Sopan Suryavanshi,Palus,194,Suryagaon,0.38,8.05,0.43,0.78,188.16,18.28,436.80,7.20,6.30,1.29,3.92,15.34,11.70
3745,4692,Sunil Hindurav Umbare,Palus,292,Suryagaon,0.56,7.26,1.32,0.85,238.34,23.63,392.00,7.42,6.54,1.21,2.08,16.02,9.14
3746,4693,Sunil Sopan Suryavashi,Palus,231,Suryagaon,0.41,7.84,0.78,0.97,275.97,15.60,347.20,8.33,3.44,1.10,2.40,13.94,15.12
3747,4694,Sushama Bhimarav Suryavanshi,Palus,174,Suryagaon,0.41,7.21,1.64,0.86,225.79,15.60,369.60,8.94,3.06,1.36,2.64,17.42,8.56
3748,4695,Tanaji Namadev Suryavanshi,Palus,294,Suryagaon,0.37,7.64,0.73,0.90,200.70,14.26,571.20,4.10,6.92,1.29,1.86,16.60,9.26
3749,4696,Ujavala Aananda Suryavanshi,Palus,15,Suryagaon,0.35,7.30,1.08,0.76,213.25,22.73,616.00,7.72,5.22,0.80,2.98,11.36,2.56
3750,4697,Ushatai Dhondiram Patil,Palus,"211,212",Suryagaon,0.19,7.31,1.02,0.69,238.34,20.95,414.40,7.98,3.50,1.21,3.02,14.88,12.58
3751,4698,Vaijanta Anil Suryawanshi,Palus,248,Suryagaon,0.40,7.39,0.23,0.99,263.42,19.61,448.00,8.77,6.50,1.28,2.56,12.74,11.78
3752,4699,Vasant Bhanudas Suryavanshi,Palus,297,Suryagaon,0.27,7.84,0.69,0.83,225.79,30.76,470.40,5.76,2.06,1.16,2.42,12.70,13.56
3753,4700,Vikas Aanadarav Suryavanshi,Palus,310,Suryagaon,0.23,7.68,0.29,0.85,200.70,24.52,492.80,7.20,1.56,0.83,1.90,9.40,8.72
3754,4701,Vilas Babu Suryavanshi,Palus,81,Suryagaon,0.63,8.21,0.48,0.97,225.79,19.17,324.80,9.16,1.62,0.86,2.84,11.18,5.22
3755,4702,Vinod Aanadarav Suryavanshi,Palus,261,Suryagaon,0.31,8.02,0.48,0.75,275.97,16.49,268.80,9.47,3.62,0.95,10.92,12.44,7.28
3756,4703,Balwant Shankar Shinde,Palus,278,Khandobachiwadi,0.40,8.17,0.24,0.39,275.97,22.29,280.00,14.00,0.96,1.56,1.80,2.40,3.74
3757,4704,Shivaji Shankar Shinde,Palus,288,Khandobachiwadi,0.45,8.22,0.18,0.39,188.16,17.38,347.20,4.14,0.74,2.10,0.98,3.02,3.52
3758,4705,Haibati Shankar Shinde,Palus,278,Khandobachiwadi,0.30,8.17,0.22,0.35,150.53,27.19,392.00,3.05,0.78,1.50,1.06,1.70,3.84
3759,4706,Mahesh Yuvraj Magdum,Palus,368,Khandobachiwadi,0.35,8.21,0.21,0.40,175.62,16.94,336.00,3.36,0.58,1.32,1.00,5.20,3.66
3760,4707,Prabhakar Gopal Chendge,Palus,119,Khandobachiwadi,0.60,8.21,0.19,0.28,188.16,20.06,302.40,4.23,0.66,1.18,0.82,5.00,4.08
3761,4708,Hanmant Rangrao Pawar,Palus,100,Khandobachiwadi,0.55,8.15,0.31,0.72,188.16,22.29,347.20,7.81,0.64,1.38,0.90,4.40,4.30
3762,4709,Jyoti Mahadev Shinde,Palus,81,Khandobachiwadi,0.40,8.23,0.18,0.79,213.25,31.20,683.20,3.10,0.54,1.40,0.84,8.00,4.62
3763,4710,Vijay Jotiram Shinde,Palus,260,Khandobachiwadi,1.00,8.24,0.14,0.88,225.79,12.04,268.80,6.41,0.64,1.20,0.86,1.02,5.50
3764,4711,Raghunath Vitthal Magdum,Palus,78,Khandobachiwadi,1.00,8.21,0.15,0.47,288.51,11.14,414.40,4.01,0.48,1.50,0.74,3.02,3.42
3765,4712,Digambar Eknath Magdum,Palus,147,Khandobachiwadi,0.30,8.32,0.17,0.75,338.69,8.47,425.60,5.45,0.48,1.45,0.84,3.16,2.56
3766,4713,Manjusha Sandeep Shinde,Palus,218,Khandobachiwadi,0.50,8.21,0.23,0.57,275.97,24.52,347.20,3.75,0.50,1.50,0.90,2.52,3.30
3767,4714,Sandeep Pratap Shinde,Palus,144,Khandobachiwadi,0.77,8.23,0.17,0.60,288.51,21.40,414.40,2.88,0.60,1.47,0.76,3.88,6.16
3768,4715,Pratap Sudam Shinde,Palus,142,Khandobachiwadi,0.75,8.37,0.16,0.65,326.14,20.06,504.00,4.67,0.70,1.42,0.90,3.98,4.74
3769,4716,Tanaji Bapu Pawar,Palus,99,Khandobachiwadi,1.00,8.27,0.19,0.43,288.51,5.35,436.80,5.76,0.64,1.46,1.04,2.88,2.34
3770,4717,Ashwini Ankush Pawar,Palus,97,Khandobachiwadi,0.40,8.28,0.20,0.46,275.97,30.76,347.20,4.89,0.62,1.31,0.90,3.02,3.70
3771,4718,Sulakshna Sambhaji Bagade,Palus,102,Khandobachiwadi,0.30,8.25,0.17,0.86,301.06,16.05,537.60,8.51,0.76,1.48,1.12,2.78,3.94
3772,4719,Vijaya Babaso Shinde,Palus,92,Khandobachiwadi,0.60,8.23,0.20,0.44,238.34,5.35,347.20,3.32,0.84,1.17,0.80,2.94,4.48
3773,4720,Babaso Tukaram Shinde,Palus,92,Khandobachiwadi,0.60,8.29,0.22,0.86,338.69,22.29,380.80,5.28,0.62,1.43,1.26,2.34,4.48
3774,4721,Vishal Babaso Shinde,Palus,91,Khandobachiwadi,0.60,8.24,0.16,0.94,288.51,14.71,246.40,7.33,0.86,1.19,1.26,2.22,4.52
3775,4722,Sudam Maruti Jadhav,Palus,373,Khandobachiwadi,0.70,8.25,0.21,0.36,213.25,17.38,268.80,8.81,0.58,1.06,1.28,3.74,3.34
3776,4723,Vasant Kisan Dhanavade,Palus,396,Khandobachiwadi,0.50,8.18,0.26,0.57,313.60,21.40,448.00,7.15,0.74,1.30,1.38,2.66,4.68
3777,4724,Mahadev Dadu Magdum,Palus,331,Khandobachiwadi,0.45,7.94,0.51,0.90,301.06,26.75,537.60,8.90,0.90,1.45,1.26,2.62,13.54
3778,4725,Vilas Maruti Shinde,Palus,75,Khandobachiwadi,0.30,8.40,0.16,0.89,275.97,21.40,291.20,8.03,0.76,1.15,1.40,2.38,6.04
3779,4726,Pratap Hari Shinde,Palus,72,Khandobachiwadi,0.30,8.39,0.15,0.89,326.14,9.36,313.60,10.51,0.68,1.36,1.08,2.08,3.96
3780,4727,Shantan Ananda Jadhav,Palus,132,Khandobachiwadi,0.40,8.23,0.18,0.60,313.60,17.38,481.60,14.83,0.78,1.47,1.18,4.16,2.50
3781,4728,Umesh Shivaji Magdum,Palus,321,Khandobachiwadi,0.40,8.25,0.20,0.51,275.97,25.85,369.60,10.56,0.60,1.56,1.58,2.20,4.22
3782,4729,Vijay Bhargav Magdum,Palus,355,Khandobachiwadi,0.40,8.43,0.15,0.83,313.60,16.94,537.60,18.76,0.76,1.39,1.38,2.34,4.94
3783,4730,Baban Khandu Yadav,Palus,156,Khandobachiwadi,4.00,8.27,0.18,0.38,275.97,22.29,280.00,4.10,1.00,1.44,1.74,3.40,6.02
3784,4731,Mohan Atmaram shinde,Palus,313,Khandobachiwadi,0.50,8.25,0.19,0.40,338.69,22.73,336.00,23.12,1.06,1.51,1.58,3.28,4.80
3785,4732,Maruti Bhimrao Shinde,Palus,307,Khandobachiwadi,0.45,7.96,0.84,0.33,326.14,12.48,190.40,4.32,0.70,1.30,2.48,3.68,2.94
3786,4733,Ananda Bhagvan Magdum,Palus,341,Khandobachiwadi,0.40,8.10,0.26,0.85,288.51,11.14,582.40,7.81,0.68,1.77,1.66,5.24,8.40
3787,4734,Vitthal Vitthu Chendge,Palus,135,Khandobachiwadi,0.40,8.27,0.18,0.82,275.97,8.92,526.40,6.46,0.86,1.75,2.06,5.30,10.66
3788,4735,Ravindra Govind Jadhav,Palus,136,Khandobachiwadi,0.40,8.22,0.42,0.85,301.06,22.73,268.80,5.67,0.64,1.60,1.62,3.12,4.02
3789,4736,Vasant Govind Chendge,Palus,151,Khandobachiwadi,0.30,8.25,0.16,0.72,163.07,21.40,459.20,8.07,0.54,1.88,1.48,3.80,5.08
3790,4737,Ramesh Namdev Chendge,Palus,114,Khandobachiwadi,0.40,8.37,0.17,1.01,125.44,21.40,302.40,6.11,0.90,1.67,1.76,3.60,4.84
3791,4738,Vaibhav Bhargav Magdum,Palus,355,Khandobachiwadi,0.50,7.94,0.15,0.42,150.53,20.06,224.00,8.51,0.46,1.94,2.14,3.12,3.88
3792,4739,Ankush Chandrkant Magdum,Palus,206,Khandobachiwadi,0.60,8.17,0.14,0.67,188.16,21.40,560.00,10.56,0.62,1.49,1.64,2.82,4.98
3793,4740,Rajendra Akaram Chendge,Palus,155,Khandobachiwadi,0.40,8.32,0.12,0.38,163.07,16.05,369.60,4.27,0.60,1.42,2.08,3.42,7.78
3794,4741,Vilas Dadu Magdum,Palus,61,Khandobachiwadi,0.45,8.34,0.55,0.60,137.98,15.16,201.60,5.93,0.64,1.51,2.10,4.08,2.96
3795,4742,Dnynu Khandu Shinde,Palus,60,Khandobachiwadi,1.00,8.13,0.19,0.38,125.44,17.38,302.40,5.54,0.90,1.68,2.56,3.58,3.38
3796,4743,Mahadev Ramchandra Pawar,Palus,86,Khandobachiwadi,86.00,8.29,0.14,0.38,163.07,9.81,257.60,18.76,0.70,1.71,1.66,2.26,3.34
3797,4744,Uttam Maruti Jadhav,Palus,373,Khandobachiwadi,0.46,7.29,0.15,0.24,163.07,14.71,302.40,6.46,0.92,1.44,2.08,3.56,4.00
3798,4745,Gopal Eknath Shinde,Palus,255,Khandobachiwadi,1.20,8.27,0.19,0.28,213.25,8.92,291.20,9.33,0.66,1.37,1.72,2.40,9.24
3799,4746,Avinash Gopal Shinde,Palus,383,Khandobachiwadi,0.80,8.26,0.18,0.33,150.53,20.06,336.00,6.06,1.14,1.34,2.28,2.80,3.82
3800,4747,Pandurang Yashwant Magdum,Palus,61,Khandobachiwadi,0.45,8.14,0.21,0.61,213.25,16.94,436.80,6.46,1.26,1.43,2.70,4.08,3.38
3801,4748,Tayyab Aaba Pathan,Palus,240,Khandobachiwadi,0.40,8.25,0.19,0.29,238.34,9.36,369.60,5.58,1.48,1.35,2.54,2.06,3.38
3802,4749,Nilesh Prakash Mali,Palus,82,Khandobachiwadi,0.40,8.33,0.16,0.24,213.25,11.59,280.00,7.55,1.58,1.82,2.54,2.50,3.98
3803,4750,Vaibhav Eknath Magdum,Palus,147,Khandobachiwadi,0.90,8.27,0.23,0.43,188.16,14.71,336.00,6.28,1.48,1.99,3.06,2.82,6.96
3804,4751,Dhananjay Dhondiram Mokashi,Palus,71,Khandobachiwadi,0.80,8.27,0.19,0.39,163.07,17.38,380.80,8.29,1.64,2.08,3.00,1.44,2.42
3805,4752,Anil Ramchandra Mokashi,Palus,48,Khandobachiwadi,0.45,8.28,0.20,0.39,200.70,9.36,324.80,6.46,1.58,1.59,2.48,2.38,2.38
3806,4753,Uttam Dyandev Mokashi,Palus,43,Khandobachiwadi,1.00,8.30,0.14,0.43,225.79,20.06,302.40,4.10,1.22,1.40,2.28,3.78,2.32
3807,4754,Manik Mahadev Shinde,Palus,50,Khandobachiwadi,0.70,8.28,0.19,0.64,163.07,17.38,358.40,5.58,2.00,1.31,2.54,5.90,1.90
3808,4755,Akhbar Chand Jamadar,Palus,134,Khandobachiwadi,0.80,8.25,0.22,0.44,200.70,14.71,268.80,9.68,1.76,1.39,2.44,4.38,2.06
3809,4756,Manohar Tatoba Shirtode,Palus,138,Khandobachiwadi,0.40,8.27,0.23,0.42,213.25,22.29,425.60,7.63,1.50,1.79,2.10,5.52,1.68
3810,4757,Hanmant Shamrao Jadhav,Palus,241,Khandobachiwadi,0.30,8.29,0.16,0.71,200.70,20.06,347.20,4.54,2.12,1.58,2.46,2.58,1.80
3811,4758,Dilip Eknath Burung,Palus,284,Khandobachiwadi,0.95,8.26,0.22,0.35,188.16,9.81,470.40,15.01,2.26,1.93,2.56,4.94,2.22
3812,4759,Dattu Anna Hawaldar,Palus,322,Khandobachiwadi,0.35,8.25,0.23,0.40,175.62,17.83,392.00,10.34,1.68,1.72,2.76,5.36,1.16
3813,4760,Maruti Tukaram Mane,Palus,30,Khandobachiwadi,0.20,8.27,0.19,0.57,163.07,11.59,291.20,5.19,2.82,1.58,2.58,6.42,2.04
3814,4761,Sagar Amarnath Patil,Palus,110,Khandobachiwadi,0.23,8.23,0.19,0.86,150.53,20.50,313.60,6.46,2.12,1.73,2.54,5.88,1.70
3815,4762,Shankar laxman Jadhav,Palus,205,Khandobachiwadi,0.45,8.29,0.14,0.69,100.35,21.84,280.00,8.68,0.94,1.47,2.20,10.14,1.48
3816,4763,Arjun Dhondiram Chavan,Palus,204,Khandobachiwadi,0.45,8.29,0.19,0.40,150.53,16.94,336.00,8.29,1.50,1.32,2.88,10.42,1.52
3817,4764,Mahadev Tukaram Mane,Palus,57,Khandobachiwadi,0.24,8.30,0.20,0.40,175.62,15.60,190.40,6.50,1.70,1.43,3.12,7.78,1.36
3818,4765,Vinayak Bharat Yadav,Palus,84,Khandobachiwadi,0.62,8.28,0.21,0.29,163.07,17.83,246.40,6.76,2.24,1.50,2.96,7.84,1.24
3819,4766,Sunil Baban Mali,Palus,439,Khandobachiwadi,0.75,8.29,0.16,0.82,150.53,10.25,302.40,10.82,2.64,1.33,2.44,11.52,2.38
3820,4767,Gajanan Keshav Shinde,Palus,143,Khandobachiwadi,0.30,8.30,0.18,0.60,150.53,11.14,224.00,9.47,2.04,1.68,2.62,12.36,2.30
3821,4768,Dhondiram Govind Mokashi,Palus,68,Khandobachiwadi,0.80,8.28,0.17,0.38,250.88,15.16,369.60,6.59,1.44,1.64,3.16,8.52,1.44
3822,4769,Onkar Vikas Kinikar,Palus,442,Khandobachiwadi,0.80,8.31,0.16,0.36,225.79,16.94,291.20,6.02,4.82,1.60,2.96,11.22,1.50
3823,4770,Madhukar Dyndev Shinde,Palus,227,Khandobachiwadi,0.40,8.29,0.16,0.60,200.70,18.28,313.60,8.90,1.40,1.31,3.00,9.80,1.84
3824,4771,Sitabai Ganpati Shinde,Palus,296,Khandobachiwadi,0.80,8.30,0.14,0.75,188.16,24.52,436.80,6.15,2.08,1.20,3.22,8.40,1.40
3825,4772,Sanjay Vitthal Khokade,Palus,108,Khandobachiwadi,1.00,8.31,0.17,0.72,112.90,23.18,280.00,8.38,2.10,1.19,3.08,7.30,1.80
3826,4773,Prakash Keshav Shinde,Palus,236,Khandobachiwadi,0.60,8.28,0.18,0.29,213.25,21.40,347.20,11.95,2.20,1.35,2.54,5.88,2.08
3827,4774,Gunda Rama Shinde,Palus,271,Khandobachiwadi,0.23,8.30,0.10,0.39,87.81,15.16,380.80,10.64,3.02,1.37,2.70,6.80,1.06
3828,4775,Atul Balaso Chendge,Palus,151,Khandobachiwadi,0.40,8.30,0.20,0.56,275.97,17.38,336.00,8.38,2.38,1.20,3.24,6.92,1.90
3829,4776,Mehbooba Aaba Pathan,Palus,285,Khandobachiwadi,0.35,8.29,0.22,0.38,213.25,14.71,280.00,4.32,1.68,1.35,2.92,4.20,1.74
3830,4777,Sunil Sadashiv Shinde,Palus,404,Khandobachiwadi,0.20,7.91,0.20,0.39,163.07,21.84,358.40,4.10,2.66,1.37,2.80,8.96,1.80
3831,4778,Shubham Bhanudas Tavder,Palus,453,Khandobachiwadi,0.60,8.29,0.18,0.33,150.53,16.94,212.80,8.42,3.90,1.28,2.40,6.60,1.88
3832,4779,Rajshree Yogiraja Shinde,Palus,220,Khandobachiwadi,0.45,8.27,0.19,0.43,175.62,22.29,302.40,9.60,1.38,1.44,3.32,6.34,1.72
3833,4780,Rohit Ramesh Shinde,Palus,296,Khandobachiwadi,0.40,8.26,0.18,0.39,213.25,12.04,403.20,6.72,1.64,1.28,3.12,6.06,2.38
3834,4781,Sukumar Shivaji Shinde,Palus,246,Khandobachiwadi,0.35,8.27,0.19,0.43,213.25,20.95,201.60,10.95,2.84,1.50,3.26,3.00,3.74
3835,4782,Satish Babaso  Shinde,Palus,397,Khandobachiwadi,0.75,8.29,0.18,0.71,200.70,22.73,448.00,10.56,1.72,1.64,4.36,2.60,2.24
3836,4783,Nilesh Yogiraj Shinde,Palus,211,Khandobachiwadi,0.80,8.24,0.35,0.40,150.53,16.49,392.00,18.49,2.10,1.87,3.22,2.26,2.48
3837,4784,Ishwara Jotiram Shinde,Palus,378,Khandobachiwadi,1.00,8.35,0.16,0.69,175.62,18.72,246.40,14.13,2.04,1.56,3.42,4.22,3.92
3838,4785,Vishwanat Jotiram Shinde,Palus,211,Khandobachiwadi,0.40,8.18,0.19,0.40,213.25,9.81,414.40,10.99,1.48,1.47,2.54,3.88,1.74
3839,4786,Vijay Kumar Bhupal Kavthekat,Palus,141,Khandobachiwadi,1.00,8.28,0.21,0.29,175.62,16.94,392.00,18.32,1.86,1.27,3.58,1.22,3.86
3840,4787,Sandip Laxman Pawar,Palus,97,Khandobachiwadi,0.65,8.31,0.27,0.72,137.98,14.71,358.40,9.60,1.84,1.42,3.38,4.04,3.96
3841,4788,Gajanan Laxman Pawar,Palus,97,Khandobachiwadi,0.70,8.32,0.17,0.38,200.70,12.04,212.80,4.01,3.94,1.49,2.48,2.98,1.74
3842,4789,Baban Yaswant Mali,Palus,80,Khandobachiwadi,0.70,8.34,0.16,0.42,163.07,9.81,201.60,8.46,1.48,1.26,3.46,1.72,1.96
3843,4790,Bhimrao Yashwant Mali,Palus,79,Khandobachiwadi,0.35,8.31,0.18,0.33,163.07,15.60,235.20,8.90,1.40,1.40,3.18,2.78,1.78
3844,4791,Tanaji Hambira Magdum,Palus,238,Khandobachiwadi,0.35,8.32,0.19,0.40,175.62,18.72,257.60,13.30,1.50,1.72,3.56,0.94,1.84
3845,4792,Nandkumar Dattatray Deshpande,Palus,137,Khandobachiwadi,0.80,8.37,0.18,0.42,175.62,9.81,224.00,8.46,1.44,1.77,3.42,3.54,1.88
3846,4793,Kumar Dinkar Kadam,Palus,89,Khandobachiwadi,0.60,8.30,0.17,0.60,150.53,14.71,302.40,13.35,1.56,1.43,3.48,5.30,2.18
3847,4794,Pandit Sakharam Shinde,Palus,317,Khandobachiwadi,0.50,8.40,0.19,0.46,175.62,15.16,358.40,8.99,2.46,1.27,3.42,5.10,1.98
3848,4795,Rajkka Ramchandra Sawant,Palus,119,SAVANTPUR,0.2,7.89,0.13,0.56,175.62,24.96,358.4,28.35,1.58,1.51,1.30,4.78,3.54
3849,4796,Anurag Maruti Sawant,Palus,33,SAVANTPUR,0.26,8.13,0.43,0.81,137.98,27.64,280.0,14.48,1.14,1.30,0.38,2.12,1.74
3850,4797,Ashutosh Maruti Sawant,Palus,32,SAVANTPUR,0.4,8.02,0.61,0.82,150.53,31.65,134.4,9.51,1.50,1.50,0.30,2.84,3.38
3851,4798,Shahaji Shamrao Sawant,Palus,117,SAVANTPUR,0.4,8.26,0.16,0.67,137.98,29.42,336.0,9.64,0.68,1.05,0.66,3.10,1.72
3852,4799,Shivaji Ramchandra Savant,Palus,117,SAVANTPUR,0.2,8.19,0.40,0.57,112.90,29.42,470.4,14.13,0.54,1.11,0.54,7.60,3.08
3853,4800,Sayaji Madhukar Mane,Palus,106,SAVANTPUR,0.51,8.03,0.61,0.60,112.90,31.20,179.2,8.68,1.50,1.36,0.34,2.82,2.74
3854,4801,Mansing Kashinath Jadhav,Palus,1021,SAVANTPUR,0.4,8.05,0.62,0.63,87.81,31.20,313.6,11.08,1.04,1.06,0.26,3.16,2.64
3855,4802,Vanita Tanaji Sawant,Palus,1021,SAVANTPUR,0.3,8.07,0.56,0.79,200.70,21.84,548.8,9.90,1.12,1.23,0.46,2.68,3.06
3856,4803,Sandip Aanandrav Sawant,Palus,1017,SAVANTPUR,0.32,8.02,0.70,0.71,125.44,26.75,358.4,8.16,0.46,1.16,0.28,2.60,3.50
3857,4804,Pandurang Krushna Sawant,Palus,372,SAVANTPUR,0.4,8.00,0.48,0.85,112.90,26.75,560.0,8.11,1.40,1.31,0.30,2.12,2.68
3858,4805,Rajendra Maruti Jadhav,Palus,224,SAVANTPUR,0.68,7.98,0.67,0.69,125.44,26.30,604.8,5.10,1.12,1.37,0.32,2.08,3.62
3859,4806,Shivaji Dnyadev Savant,Palus,224,SAVANTPUR,0.68,8.02,0.62,0.57,112.90,31.20,481.6,3.75,1.34,1.34,0.36,1.06,3.22
3860,4807,Dhondiram  Joti Sawant,Palus,495,SAVANTPUR,0.24,8.02,0.42,0.67,125.44,24.96,571.2,2.88,1.16,1.11,0.40,2.20,2.64
3861,4808,Rupali Dhannajy Mane,Palus,202,SAVANTPUR,1.2,8.18,0.29,0.82,188.16,27.64,537.6,4.67,0.34,1.19,0.84,2.04,2.00
3862,4809,Bhaskar Sadashiv Thorat,Palus,806,SAVANTPUR,0.4,8.12,0.56,0.54,125.44,23.18,526.4,5.76,1.16,1.51,0.86,2.08,2.66
3863,4810,Bhagwan Bhauso Sawant,Palus,212,SAVANTPUR,1,8.28,0.42,0.67,100.35,24.07,302.4,4.89,0.52,1.30,0.54,1.98,2.04
3864,4811,Rekha Raghunath Savant,Palus,824,SAVANTPUR,0.33,8.45,0.18,0.72,125.44,28.08,291.2,8.51,0.64,1.40,0.60,1.90,1.56
3865,4812,Tukaram Kashinath Sawant,Palus,272,SAVANTPUR,0.31,8.55,0.16,0.50,175.62,29.42,616.0,3.32,0.82,1.48,0.48,3.12,1.20
3866,4813,Sarika Pratap Sawant,Palus,994,SAVANTPUR,0.16,8.33,0.28,0.54,163.07,23.18,313.6,7.33,0.74,1.47,0.50,3.96,1.92
3867,4814,Indubai  Bhaskar Sawant,Palus,830,SAVANTPUR,0.17,8.51,0.19,0.74,137.98,24.07,392.0,8.81,0.76,1.54,0.68,1.90,1.46
3868,4815,Mhadev Shankar Sawant,Palus,443,SAVANTPUR,0.7,8.50,0.18,0.71,200.70,24.07,347.2,7.15,0.54,1.59,0.74,1.12,1.52
3869,4816,Prabhakar Ramchandra Sawant,Palus,1044,SAVANTPUR,0.83,8.42,0.29,0.49,175.62,20.06,414.4,8.90,0.50,1.17,0.60,1.96,1.88
3870,4817,Ramesh Maruti Sawant,Palus,847,SAVANTPUR,0.35,8.36,0.21,0.64,137.98,23.63,481.6,8.03,1.22,1.21,0.50,2.60,1.58
3871,4818,Indubai  Mahadev Sawant,Palus,485,SAVANTPUR,0.2,8.50,0.27,0.78,175.62,24.96,324.8,7.85,0.86,1.53,0.22,1.02,1.82
3872,4819,Rajendra Mahadev Savant,Palus,214,SAVANTPUR,0.89,8.64,0.18,0.83,137.98,27.64,246.4,9.68,0.52,1.37,0.90,1.54,1.42
3873,4820,Shaileja Sunil Sawant,Palus,288,SAVANTPUR,0.14,8.50,0.22,0.74,175.62,29.87,425.6,10.12,0.68,1.27,0.94,2.60,2.12
3874,4821,Ujwala Uttam Savant,Palus,288,SAVANTPUR,0.13,8.61,0.17,0.85,150.53,27.19,414.4,5.15,0.86,1.34,0.94,3.82,2.18
3875,4822,Uttam ramchandra Sawant,Palus,286,SAVANTPUR,0.8,8.53,0.23,0.75,137.98,22.73,448.0,9.77,0.60,1.41,1.14,3.96,1.46
3876,4823,Mohan Babaji Jadhav,Palus,974,SAVANTPUR,0.35,8.30,0.32,0.74,163.07,23.18,470.4,10.03,1.06,1.22,1.12,1.52,2.64
3877,4824,Bajirao Shivaji Sawant,Palus,118,SAVANTPUR,0.37,8.51,0.20,0.71,163.07,19.17,448.0,8.16,0.48,1.18,1.18,2.84,1.88
3878,4825,Sunil Yashvant Sawant,Palus,286,SAVANTPUR,0.8,8.25,0.41,0.76,188.16,17.83,459.2,7.94,1.16,1.39,1.16,2.36,2.38
3879,4826,Ajit Ramchandra Sawant,Palus,244,SAVANTPUR,0.24,8.48,0.26,0.96,263.42,19.61,392.0,6.98,0.70,1.57,1.08,3.80,2.14
3880,4827,Ramchandra Tukaram Savant,Palus,245,SAVANTPUR,0.24,8.38,0.28,0.83,263.42,22.73,380.8,4.27,0.64,1.60,1.44,4.84,1.50
3881,4828,Rangrao Baburao Sawant,Palus,282,SAVANTPUR,0.71,8.31,0.22,0.83,188.16,22.29,425.6,18.76,1.04,1.47,1.84,2.28,1.48
3882,4829,Pandit Kashinath Savant,Palus,271,SAVANTPUR,0.27,8.42,0.16,0.74,150.53,18.72,481.6,14.39,0.62,1.37,1.52,4.78,1.62
3883,4830,Dhondiram Vishnu Sawant,Palus,494,SAVANTPUR,0.5,8.34,0.20,0.71,175.62,27.64,392.0,18.32,1.16,1.34,2.20,6.58,2.54
3884,4831,Aniket Shivaji Patil,Palus,150,SAVANTPUR,0.63,8.30,0.30,0.54,137.98,23.18,179.2,13.96,1.46,1.43,1.46,6.70,1.54
3885,4832,Atul Shivaji Patil,Palus,150,SAVANTPUR,0.63,8.36,0.33,0.69,150.53,23.63,224.0,8.38,0.68,1.22,1.48,6.98,1.78
3886,4833,Chandrakant Ganpati Jadhav,Palus,260,SAVANTPUR,0.4,8.39,0.19,0.57,175.62,26.30,358.4,9.73,1.06,1.38,2.12,4.70,2.82
3887,4834,Nandkumar Ganapti Sawant,Palus,260,SAVANTPUR,260,8.47,0.17,0.67,150.53,27.64,212.8,6.32,0.72,1.51,1.97,6.32,1.60
3888,4835,Aabaso Kondiba Savant,Palus,460,SAVANTPUR,0.2,8.32,0.23,0.54,175.62,23.18,548.8,5.89,0.80,1.42,2.12,3.94,1.30
3889,4836,Yuvraj Ishwara Savant,Palus,485,SAVANTPUR,0.6,8.40,0.23,0.88,150.53,24.07,616.0,10.03,0.90,1.32,1.80,3.02,1.74
3890,4837,Jaysingh Hambira Sawant,Palus,250,SAVANTPUR,0.9,8.26,0.35,8.20,137.98,24.07,201.6,10.69,1.08,1.17,1.88,1.48,2.00
3891,4838,Kisan Baburav Sawant,Palus,283,SAVANTPUR,0.5,7.82,0.26,0.71,163.07,20.06,235.2,8.46,1.02,1.34,2.76,3.36,2.68
3892,4839,Vijay Hambira Sawant,Palus,250,SAVANTPUR,0.9,7.93,0.36,0.72,150.53,23.63,324.8,12.87,1.02,1.39,2.10,3.70,1.70
3893,4840,Vishal Vijay Sawant,Palus,248,SAVANTPUR,0.3,7.87,0.14,0.69,137.98,24.96,257.6,5.32,0.94,1.44,2.52,7.70,1.60
3894,4841,Prasad Pradip Sawant,Palus,248,SAVANTPUR,0.96,7.88,0.23,0.60,175.62,27.64,380.8,5.54,1.04,1.17,4.08,2.66,2.94
3895,4842,Pravin Pradip Sawant,Palus,289,SAVANTPUR,0.69,7.86,0.20,0.65,150.53,27.19,257.6,11.65,0.80,1.32,3.90,2.72,3.22
3896,4843,Suhas Natha Sawant,Palus,460,SAVANTPUR,0.2,7.85,0.25,0.69,137.98,18.72,224.0,2.79,1.38,1.42,3.58,7.12,2.70
3897,4844,Bharat Rajaram Shete,Palus,234,SAVANTPUR,0.4,7.74,0.15,0.94,163.07,22.29,179.2,6.63,0.84,1.33,6.26,6.96,2.20
3898,4845,Santosh Chandrakant Shete,Palus,234,SAVANTPUR,0.4,7.65,0.16,0.96,150.53,22.73,123.2,8.03,0.88,1.42,5.06,2.60,1.26
3899,4846,Baliram Sadashiv savant,Palus,174,SAVANTPUR,0.35,7.73,0.22,0.54,175.62,19.61,336.0,8.29,1.18,1.18,5.40,6.28,0.86
3900,4847,Mahadev Sadashiv Savant,Palus,174,SAVANTPUR,0.35,7.64,0.14,0.94,150.53,17.83,268.8,7.63,0.90,1.12,6.38,1.46,0.42
3901,4848,Madhukar Baburao Swant,Palus,834,SAVANTPUR,0.26,7.79,0.20,0.99,125.44,19.17,201.6,7.33,1.20,1.35,3.86,1.14,0.24
3902,4849,Ananda Dnyandev Sawant,Palus,543,SAVANTPUR,0.8,7.64,0.13,0.88,150.53,23.18,291.2,8.64,1.06,1.31,6.32,1.02,0.76
3903,4850,Sambhaji Baburao Sawant,Palus,511,SAVANTPUR,0.71,7.57,0.17,0.90,175.62,22.73,224.0,6.98,1.30,1.19,5.66,2.20,2.58
3904,4851,Sandip Dhondiram Sawant,Palus,515,SAVANTPUR,0.35,7.86,0.23,1.07,150.53,26.30,470.4,9.16,0.90,1.14,6.90,3.40,3.80
3905,4852,Raghunath Shankar Sawant,Palus,862,SAVANTPUR,0.4,7.36,0.10,0.99,137.98,27.64,268.8,7.85,1.00,1.10,7.34,2.96,2.20
3906,4853,Dhyandev Chandrappa Sawant,Palus,134,SAVANTPUR,0.36,7.39,0.12,0.97,175.62,27.64,347.2,5.32,1.12,1.18,7.72,2.12,2.26
3907,4854,Santosh Balaso Sawant,Palus,834,SAVANTPUR,0.28,7.30,0.10,0.97,150.53,24.96,313.6,10.03,1.10,1.27,5.32,2.86,3.20
3908,4855,Bhaskar Rajaram Mane,Palus,139,SAVANTPUR,1.1,7.48,0.13,0.96,376.32,23.63,369.6,13.96,1.06,1.49,5.70,3.22,3.40
3909,4856,Vinayak Bhivaji Sawant,Palus,840,SAVANTPUR,0.34,7.61,0.17,0.76,150.53,20.06,280.0,17.88,1.14,1.23,7.50,2.78,2.22
3910,4857,Manohar Balku Sawant,Palus,395,SAVANTPUR,0.41,7.38,0.14,0.85,163.07,18.28,212.8,8.51,1.06,1.29,6.98,2.40,2.10
3911,4858,Sanjay Pandurang Sawant,Palus,839,SAVANTPUR,0.36,7.31,0.10,0.97,137.98,22.73,459.2,6.28,1.32,1.21,6.90,2.04,2.36
3912,4859,Shashikant Savla Sawant,Palus,255,SAVANTPUR,0.42,8.16,0.26,0.81,175.62,18.72,246.4,6.46,1.42,1.12,5.66,0.96,2.48
3913,4860,Balwant Shankar Sawant,Palus,991,SAVANTPUR,0.23,8.10,0.21,0.99,150.53,24.96,336.0,9.95,2.02,1.37,3.26,1.74,5.80
3914,4861,Nitin Prabhakr Sawant,Palus,1046,SAVANTPUR,0.83,8.25,0.26,0.88,163.07,23.18,201.6,10.08,2.08,1.27,3.62,2.14,5.50
3915,4862,Tanaji Raosaheb Deshmukh,Palus,1019,SAVANTPUR,0.9,8.11,0.27,0.88,175.62,21.84,268.8,5.89,3.00,1.42,3.16,2.84,4.66
3916,4863,Suresh Maruti Sawant,Palus,865,SAVANTPUR,0.69,8.22,0.29,0.89,150.53,27.19,336.0,6.28,2.44,1.16,3.54,3.52,5.20
3917,4864,Nilesh Maruti Sawant,Palus,865,SAVANTPUR,0.69,8.26,0.32,0.99,175.62,25.85,403.2,6.46,2.12,1.14,3.40,4.04,3.82
3918,4865,Sampat Vithhal Sawanrt,Palus,788,SAVANTPUR,0.3,8.26,0.32,0.88,163.07,24.96,336.0,10.56,3.42,1.25,3.08,4.40,5.44
3919,4866,baalkrishn Ramdev Sawant,Palus,545,SAVANTPUR,0.39,8.30,0.18,0.97,188.16,27.64,268.8,5.80,2.74,1.21,3.24,5.50,8.16
3920,4867,Bhanudas Ramchandra Jadhav,Palus,519,SAVANTPUR,0.22,7.74,0.24,0.85,175.62,22.73,358.4,4.45,0.32,1.32,4.04,5.18,6.00
3921,4868,Subhash Ramchandra Jadhav,Palus,519,SAVANTPUR,0.22,8.18,0.31,0.69,150.53,23.63,302.4,8.85,1.32,1.38,4.82,6.40,4.54
3922,4869,Popat Bhairu Pawar,Palus,722,SAVANTPUR,0.35,8.31,0.19,0.92,188.16,22.73,268.8,8.51,0.30,1.44,2.92,6.20,2.26
3923,4870,jaywant Bhairu pawar,Palus,722,SAVANTPUR,0.35,8.14,0.39,0.89,125.44,27.64,436.8,9.95,1.06,1.27,3.38,2.72,4.42
3924,4871,Dilip manohar Sawant,Palus,794,SAVANTPUR,0.4,8.26,0.32,0.92,163.07,22.29,470.4,5.76,3.28,1.16,3.02,5.76,7.40
3925,4872,Bhagirathi Baburav Jadhav,Palus,864,SAVANTPUR,0.48,8.27,0.27,0.90,137.98,20.06,291.2,7.50,0.64,1.31,2.86,6.74,2.04
3926,4873,Dilip Changdev Sawant,Palus,303,SAVANTPUR,0.15,8.26,0.33,1.03,175.62,21.84,380.8,4.84,3.36,1.20,3.14,4.50,2.98
3927,4874,Janardan Manohar Sawant,Palus,794,SAVANTPUR,0.4,7.58,0.17,0.74,150.53,22.73,425.6,5.67,1.14,1.37,2.96,5.40,8.08
3928,4875,Arun Baburav Shingate,Palus,753,SAVANTPUR,0.8,7.63,0.20,0.64,175.62,25.85,224.0,6.50,0.30,1.22,4.48,9.68,5.54
3929,4876,Atul Mahipti Jadhav,Palus,951,SAVANTPUR,0.96,8.09,0.26,0.93,150.53,21.40,392.0,5.28,0.72,1.59,3.52,2.64,8.12
3930,4877,Sambhaji Kashinath Sawant,Palus,376,SAVANTPUR,0.6,8.17,0.40,0.93,137.98,19.61,201.6,9.16,1.00,1.64,5.78,5.38,8.46
3931,4878,Jaysingh Pandurang Sawant,Palus,801,SAVANTPUR,0.95,8.22,0.32,0.96,163.07,17.83,324.8,4.32,1.16,1.49,2.84,3.34,6.38
3932,4879,Ashwini Yogesh Rade,Palus,823,SAVANTPUR,0.35,8.20,0.35,0.85,150.53,18.28,179.2,6.19,0.80,1.68,3.10,2.68,2.04
3933,4880,Kamal Pandurang Yadav,Palus,799,SAVANTPUR,0.32,8.37,0.40,0.96,175.62,13.37,436.8,6.72,0.88,1.38,2.72,2.86,2.98
3934,4881,Ramesh Maruti Sawant,Palus,849,SAVANTPUR,0.2,7.47,0.15,0.60,150.53,14.71,302.4,6.89,2.28,1.42,2.76,6.70,4.68
3935,4882,Sunita Udaysinh Salunkhe,Palus,864,SAVANTPUR,0.48,8.29,0.18,0.61,188.16,15.16,257.6,6.54,0.82,1.37,3.34,4.74,2.78
3936,4883,Madhukar Ishwara Sawant,Palus,804,SAVANTPUR,0.5,8.23,0.32,0.76,163.07,17.38,448.0,7.02,0.50,1.54,5.42,7.78,2.80
3937,4884,Pramila Rajaram Mane,Palus,247,SAVANTPUR,0.82,7.30,0.10,0.67,188.16,17.83,481.6,7.50,0.60,1.30,3.18,6.32,3.54
3938,4885,Jaykar Rajaram Mane,Palus,166,SAVANTPUR,1.07,7.32,0.11,0.50,163.07,24.52,392.0,7.94,0.62,1.23,5.20,3.10,3.00
3939,4886,Ramesh Anna Bhosale,Palus,138,SAVANTPUR,1.3,7.96,0.19,0.68,150.53,23.18,336.0,8.64,0.52,1.43,5.90,5.56,3.82
3940,4887,Arvind Vitthal Ranmale,Palus,691,Dudhondi,0.70,7.76,0.86,0.94,213.25,14.71,324.80,15.92,1.18,1.17,1.42,11.38,2.46
3941,4888,Rajaram Tukaram Salunkhe,Palus,630,Dudhondi,0.40,7.74,0.80,0.85,225.79,11.59,392.00,12.82,2.16,1.09,1.04,23.66,3.38
3942,4889,Sharmao Shankar Salunkhe,Palus,638,Dudhondi,0.20,7.81,0.36,0.82,238.34,13.82,212.80,11.56,0.96,1.12,2.02,9.10,2.58
3943,4890,Rajaram Krushna Mohite,Palus,643,Dudhondi,0.50,7.91,0.28,0.69,200.70,12.04,268.80,14.44,3.52,1.02,1.02,24.86,4.08
3944,4891,Prakash Bhagvan Shinde,Palus,605,Dudhondi,0.30,7.96,0.54,0.69,213.25,17.83,224.00,9.51,0.80,1.49,0.94,7.08,2.28
3945,4892,Bhimrao Krushna Jadhav,Palus,681,Dudhondi,0.40,7.70,0.82,0.92,188.16,14.71,291.20,11.08,1.06,1.36,1.18,10.50,2.26
3946,4893,Jagdish Nagnath Salunkhe,Palus,634,Dudhondi,0.21,7.68,0.83,0.92,200.70,16.05,358.40,12.61,1.52,1.49,1.06,13.26,2.42
3947,4894,Sampat Nagnath Salunkhe,Palus,634,Dudhondi,0.20,7.64,0.85,0.88,175.62,11.14,448.00,13.57,1.62,1.07,1.50,14.26,2.42
3948,4895,Ravindra Nivrutti Shevale,Palus,680,Dudhondi,0.60,7.65,0.80,0.78,188.16,12.04,403.20,14.92,2.26,1.01,0.96,23.64,2.80
3949,4896,Ananda Nivrutti Shevale,Palus,680,Dudhondi,0.45,7.83,0.72,0.90,150.53,13.37,246.40,11.21,0.70,1.47,0.82,8.48,2.94
3950,4897,Anil Nivrutti Shevale,Palus,680,Dudhondi,0.60,7.71,0.78,0.97,200.70,13.82,436.80,8.55,1.10,1.04,1.34,14.06,2.90
3951,4898,Ramesh Nivrutti Shevale,Palus,680,Dudhondi,0.44,7.68,0.89,0.94,150.53,11.59,470.40,9.25,1.42,1.32,0.88,13.82,2.96
3952,4899,Jalindar Bhimrao Salunkhe,Palus,672,Dudhondi,0.40,7.74,0.85,0.90,188.16,14.26,358.40,10.60,1.46,1.47,1.24,13.08,3.82
3953,4900,Pandurang Hanmant Kadam,Palus,786,Dudhondi,0.70,7.93,0.54,0.83,200.70,11.14,324.80,11.65,1.24,1.42,0.86,15.04,3.06
3954,4901,Dhanaji Aknath Kadam,Palus,788,Dudhondi,0.30,7.97,0.45,0.90,175.62,10.70,392.00,12.17,1.14,1.02,1.08,9.38,3.98
3955,4902,Satish Sambhaji Kadam,Palus,788,Dudhondi,0.30,7.92,0.71,0.85,150.53,18.28,448.00,11.82,1.28,1.06,0.92,5.50,2.40
3956,4903,Mansing Baban kadam,Palus,689,Dudhondi,0.20,7.94,0.59,0.96,188.16,12.04,257.60,12.87,1.50,1.50,1.22,9.40,3.08
3957,4904,Sunil Sarjerao Salunkhe,Palus,967,Dudhondi,0.30,8.09,0.35,0.89,163.07,16.05,302.40,9.07,1.71,1.01,1.14,16.42,2.68
3958,4905,Sanjay Baburao Jadhav,Palus,487,Dudhondi,0.22,7.94,0.39,0.69,200.70,12.48,280.00,7.90,0.70,1.42,0.44,14.32,2.48
3959,4906,Sharad Nagnath Salunkhe,Palus,533,Dudhondi,0.22,7.80,0.64,0.92,175.62,18.72,224.00,7.50,2.20,1.49,0.66,7.60,3.06
3960,4907,Arun Baburao Jadhav,Palus,503,Dudhondi,0.45,7.82,0.47,0.89,137.98,12.48,302.40,9.12,2.04,1.45,0.96,18.48,2.78
3961,4908,Balasaheb Dattatray Pethkar,Palus,570,Dudhondi,0.50,7.83,0.51,0.94,200.70,12.04,347.20,8.42,2.70,1.39,1.12,17.78,3.26
3962,4909,Ramesh Dnyandev Ranmale,Palus,432,Dudhondi,0.20,8.03,0.23,0.83,188.16,18.72,336.00,11.43,1.86,1.28,1.18,17.88,2.36
3963,4910,Sangram Natha Nalavde,Palus,388,Dudhondi,0.40,7.84,0.52,0.81,163.07,11.14,268.80,13.70,1.14,1.49,2.56,19.70,2.32
3964,4911,Mahadev Balu Jadhav,Palus,311,Dudhondi,0.75,8.12,0.43,0.64,200.70,12.48,425.60,8.11,1.20,1.32,2.02,8.74,2.52
3965,4912,Ajit Ganpat Jadhav,Palus,1120,Dudhondi,0.45,8.14,0.39,0.63,175.62,13.37,347.20,7.07,0.80,1.38,1.38,12.92,2.64
3966,4913,Ramesh Baburao Bhatmare,Palus,1067,Dudhondi,0.20,8.03,0.51,0.92,188.16,12.93,336.00,11.91,0.66,1.20,0.66,8.86,1.58
3967,4914,Dattatray Anna �rbune,Palus,344,Dudhondi,0.40,7.84,0.46,0.74,200.70,18.28,403.20,9.55,4.92,1.15,1.78,8.18,6.46
3968,4915,Sunita Dilip Kulkarni,Palus,41,Dudhondi,0.70,7.78,0.81,1.01,175.62,22.73,313.60,10.73,0.82,1.22,1.94,9.96,3.60
3969,4916,Vitthal Ramchandra Ranmale,Palus,75,Dudhondi,0.20,7.76,0.84,0.92,150.53,17.38,470.40,9.29,3.62,1.30,1.62,7.86,4.12
3970,4917,Vijay Ramchandra Jadhav,Palus,441,Dudhondi,0.33,7.90,0.49,0.69,200.70,12.04,369.60,11.30,1.44,1.34,1.52,11.96,3.26
3971,4918,Ajit Hanmant Kadam,Palus,479,Dudhondi,0.60,7.79,0.84,0.85,175.62,11.14,459.20,10.82,1.56,1.39,1.22,14.36,3.20
3972,4919,Sanjay Ramchandra Jadhav,Palus,441,Dudhondi,0.20,7.74,0.82,1.07,200.70,12.04,336.00,9.03,2.92,1.42,1.24,19.66,2.50
3973,4920,Sushant Yashvant Jadhav,Palus,453,Dudhondi,0.60,7.82,0.80,1.08,213.25,12.48,302.40,8.07,1.28,1.44,1.50,14.96,2.66
3974,4921,Atmaram Dnyanu Jadhav,Palus,452,Dudhondi,0.43,7.89,0.37,0.82,137.98,13.37,224.00,7.07,1.54,1.27,2.16,15.16,2.00
3975,4922,Bhanudas Shankar Salunkhe,Palus,140,Dudhondi,0.30,7.96,0.92,0.92,163.07,12.93,313.60,8.85,1.46,1.06,1.60,11.40,3.52
3976,4923,Ajay Sarjerao Salunkhe,Palus,146,Dudhondi,0.36,7.78,0.84,0.88,200.70,11.14,201.60,12.04,1.60,1.18,1.24,10.78,1.92
3977,4924,Anusaya Vishvas Patil,Palus,107,Dudhondi,0.80,7.90,0.30,0.92,163.07,14.26,246.40,14.87,1.42,0.99,2.10,15.00,2.92
3978,4925,Mayur Sanjay Salunkhe,Palus,115,Dudhondi,0.80,7.70,0.78,0.85,213.25,14.26,179.20,11.38,1.96,1.08,1.56,15.16,2.00
3979,4926,Sambhaji Kisan Salunkhe,Palus,181,Dudhondi,0.40,7.73,0.90,1.10,200.70,14.71,358.40,9.99,1.36,1.16,1.26,10.14,3.10
3980,4927,Vivek Balasaheb Salunkhe,Palus,258,Dudhondi,0.20,7.88,0.85,0.88,175.62,16.94,403.20,9.51,1.74,1.04,0.66,15.98,3.00
3981,4928,Tukaram Baburao Jadhav,Palus,338,Dudhondi,0.43,7.76,0.90,0.79,150.53,15.16,268.80,7.76,2.54,1.12,1.88,16.38,3.24
3982,4929,Bajirao Anna Pawar,Palus,227,Dudhondi,1.00,7.79,0.55,0.75,200.70,13.37,492.80,10.25,1.34,1.08,1.72,14.12,2.92
3983,4930,Shankar Tukaram Aarbune,Palus,233,Dudhondi,0.80,7.77,0.89,0.69,163.07,14.26,358.40,12.08,1.04,1.35,1.14,15.20,2.94
3984,4931,Nagesh Sampat Nalavde,Palus,277,Dudhondi,0.75,7.74,0.82,0.86,200.70,15.16,436.80,10.95,1.44,1.19,1.52,12.02,3.22
3985,4932,Manohar Bhimrao Jadhav,Palus,168,Dudhondi,0.20,7.86,0.86,0.69,175.62,19.61,336.00,10.12,3.44,1.00,1.28,13.22,1.88
3986,4933,Bajirao Bhimrao Aarbune,Palus,201,Dudhondi,0.30,7.82,0.48,0.79,213.25,16.94,392.00,8.46,1.52,0.96,1.84,16.74,3.64
3987,4934,Ananda Prakash Aarbune,Palus,221,Dudhondi,0.30,7.76,0.80,0.86,188.16,14.26,537.60,6.24,1.64,1.03,2.04,16.84,3.68
3988,4935,Chandrahas Pandurang Jadhav,Palus,258,Dudhondi,0.20,7.73,0.91,0.64,225.79,11.14,582.40,11.12,3.10,1.17,3.74,16.16,2.96
3989,4936,Jotiram Keshav Salunkhe,Palus,637,Dudhondi,0.40,7.91,0.31,0.63,213.25,16.49,436.80,12.04,3.18,1.27,1.54,11.10,2.86
3990,4937,Shankar Bhau Mohite,Palus,649,Dudhondi,0.65,7.85,0.46,0.69,175.62,15.16,414.40,9.64,1.80,1.35,1.20,27.72,3.10
3991,4938,Sajabai Bhagvan Salunkhe,Palus,637,Dudhondi,0.20,7.96,0.80,0.75,150.53,18.72,313.60,11.43,3.06,1.18,4.54,12.12,3.18
3992,4939,Jagganath Bajrang Salunkhe,Palus,637,Dudhondi,0.60,7.77,0.83,0.71,200.70,12.04,224.00,13.61,2.16,1.13,1.88,15.94,2.98
3993,4940,Ajit Hanmant Kadam,Palus,798,Dudhondi,0.30,7.84,0.81,0.56,175.62,13.37,459.20,15.14,1.72,0.97,1.84,11.78,5.72
3994,4941,Shrikant Bhimarao Kadam,Palus,798,Dudhondi,0.30,7.76,0.58,0.68,150.53,10.70,392.00,14.31,3.60,0.92,1.38,14.64,3.58
3995,4942,Kadar Hamjekhan Sayyad,Palus,480,Dudhondi,0.30,7.70,0.92,0.76,200.70,14.26,448.00,13.30,2.06,0.97,1.90,27.86,4.96
3996,4943,Aalam Hamjekhan Sayyad,Palus,480,Dudhondi,0.30,7.77,0.97,0.69,163.07,12.04,291.20,12.30,2.20,1.01,3.10,15.14,5.42
3997,4944,Baban Dnyanu Kadam,Palus,698,Dudhondi,0.40,7.87,0.42,0.58,200.70,18.28,201.60,10.21,2.94,0.99,2.36,10.96,4.36
3998,4945,Vijaykumar Shriram Salunkhe,Palus,674,Dudhondi,0.35,7.81,0.78,0.50,175.62,16.05,425.60,8.81,3.00,1.20,1.44,15.54,3.50
3999,4946,Madhukar Laxman Jadhav,Palus,669,Dudhondi,0.28,8.39,0.51,0.65,200.70,15.60,470.40,8.20,1.04,1.10,1.32,17.50,6.72
4000,4947,Sadashiv Laxman Jadhav,Palus,669,Dudhondi,0.28,7.93,0.39,0.46,163.07,13.37,336.00,7.37,2.70,0.99,2.68,23.92,3.40
4001,4948,Anandibai Bajrang Salunkhe,Palus,637,Dudhondi,0.40,7.70,0.80,0.60,213.25,18.28,313.60,8.59,1.50,1.22,3.04,11.16,3.22
4002,4949,Sunil Bhagvan Salunkhe,Palus,500,Dudhondi,0.20,7.85,0.42,0.83,200.70,15.60,347.20,9.60,1.98,0.97,1.80,12.26,2.52
4003,4950,Vijay Ananda Salunkhe,Palus,672,Dudhondi,0.50,7.77,0.78,0.78,175.62,14.71,201.60,10.56,2.44,1.23,1.92,14.14,3.52
4004,4951,Shivaji Aamgaunda Pujari,Palus,541,Dudhondi,0.12,7.81,0.53,0.85,150.53,17.38,224.00,10.16,1.32,1.36,1.34,12.32,2.88
4005,4952,Amar Shivaji Tirmare,Palus,1380,Dudhondi,0.20,8.26,0.55,0.78,213.25,12.48,392.00,12.00,1.34,1.27,3.70,17.50,3.02
4006,4953,Kalpana Subhash Salunkhe,Palus,1091,Dudhondi,0.30,7.87,0.43,0.65,163.07,19.17,302.40,10.29,1.94,1.38,2.42,9.60,3.18
4007,4954,Megha Rahul Salunkhe,Palus,141,Dudhondi,0.40,7.66,0.82,0.68,188.16,14.71,347.20,10.77,1.14,1.48,1.26,8.42,4.08
4008,4955,Jagdish Sarjerao Pawar,Palus,250,Dudhondi,0.40,7.84,0.80,0.56,150.53,13.82,403.20,9.12,1.04,1.08,1.82,15.80,7.40
4009,4956,Anil Babaso Salunkhe,Palus,369,Dudhondi,0.40,8.13,0.46,0.57,188.16,13.37,212.80,8.42,1.90,1.11,2.70,15.98,4.22
4010,4957,Amrutrao Mahadev Shinde,Palus,259,Dudhondi,0.60,7.76,0.79,0.61,225.79,10.70,358.40,8.55,3.28,1.28,2.20,12.32,3.86
4011,4958,Prasad Hindurao Aarbune,Palus,152,Dudhondi,0.50,7.79,0.73,0.61,188.16,18.28,403.20,8.20,1.70,0.98,2.00,9.44,3.78
4012,4959,Sambhaji Shankar Aarbune,Palus,713,Dudhondi,0.40,7.81,0.90,0.49,213.25,14.26,291.20,10.34,1.68,1.19,1.38,5.76,4.92
4013,4960,Dattatray Dadoba Salunkhe,Palus,1062,Dudhondi,0.30,8.08,0.68,0.57,175.62,15.60,358.40,11.17,3.42,1.07,2.18,13.70,2.42
4014,4961,Dattatray Ramchandra Dalavi,Palus,367,Dudhondi,0.40,8.01,0.26,0.61,150.53,14.71,257.60,12.13,1.20,1.22,2.58,15.52,3.54
4015,4962,Uttam Dnyanu Jadhav,Palus,458,Dudhondi,0.20,7.74,0.82,0.51,188.16,16.49,336.00,10.91,3.68,0.99,2.30,11.14,6.92
4016,4963,Subhash Shankar Aarbune,Palus,1301,Dudhondi,0.40,7.76,0.83,0.72,163.07,13.37,302.40,10.34,1.10,0.93,1.18,18.26,5.02
4017,4964,Pratik Prakash Aarbune,Palus,1301,Dudhondi,0.50,7.85,0.80,0.53,175.62,12.04,201.60,9.20,4.60,0.89,2.04,19.78,7.30
4018,4965,Vasant Shankar Aarbune,Palus,217,Dudhondi,0.40,7.84,0.60,0.68,213.25,20.50,392.00,8.29,1.04,1.18,1.80,12.88,3.70
4019,4966,Harshad Nandkumar Chavhan,Palus,43,Dudhondi,0.20,7.65,0.87,0.75,175.62,13.82,224.00,7.76,2.50,1.34,0.62,11.26,3.08
4020,4967,Mohan Baburao Dhanvde,Palus,779,Dudhondi,0.40,7.85,0.92,0.69,150.53,18.72,414.40,8.64,2.00,1.22,0.78,18.16,2.52
4021,4968,Vasant Sopan Nalavde,Palus,574,Dudhondi,0.30,7.82,0.82,0.76,175.62,15.60,448.00,6.28,3.00,0.99,0.62,19.40,6.20
4022,4969,Anil Sopan Nalavde,Palus,581,Dudhondi,0.40,7.80,0.80,0.65,150.53,17.38,403.20,12.34,1.78,1.10,2.72,14.34,3.70
4023,4970,Nivas Ramchandra Nalavde,Palus,518,Dudhondi,0.30,7.69,0.80,0.57,188.16,15.16,504.00,10.34,1.52,1.25,1.58,26.02,4.68
4024,4971,Subhash Balkrishna Nalavde,Palus,124,Dudhondi,0.20,7.79,0.78,0.53,150.53,16.49,436.80,8.03,1.84,1.34,2.14,17.14,2.36
4025,4972,Vilas Vishvas Nalavde,Palus,1355,Dudhondi,0.40,7.77,0.63,0.67,188.16,13.37,257.60,12.91,2.78,1.38,2.74,11.88,3.84
4026,4973,Prakash Balkrishna Nalavde,Palus,124,Dudhondi,0.20,7.72,0.83,0.72,163.07,17.83,392.00,10.08,3.42,1.16,2.36,17.58,3.96
4027,4974,Vikas Yashvant Kadam,Palus,786,Dudhondi,0.40,8.10,0.46,0.51,213.25,16.94,448.00,10.43,2.92,1.08,2.28,9.16,3.60
4028,4975,Ashok Anandrao Jadhav,Palus,610,Dudhondi,0.50,7.80,0.78,0.44,175.62,18.28,425.60,11.12,3.54,1.31,2.06,5.64,2.66
4029,4976,Lalaso Tukaram Patil,Palus,529,Dudhondi,0.40,7.92,0.34,0.64,150.53,15.60,672.00,9.38,2.90,1.13,1.84,19.38,6.38
4030,4977,Uttam Anandrao Jadhav,Palus,618,Dudhondi,0.50,7.98,0.22,0.54,188.16,13.37,324.80,8.24,1.52,1.21,2.40,16.08,3.40
4031,4978,Shantaram Keshav Salunkhe,Palus,637,Dudhondi,0.30,7.64,0.76,0.65,213.25,14.71,403.20,7.15,1.84,1.29,2.58,15.22,6.48
4032,5071,Rekha Krishnat Yadav,Palus,222,CHOPADEWADI,0.4,8.61,0.16,0.49,238.34,12.04,246.4,9.90,0.54,0.92,2.86,2.54,2.54
4033,5072,Mahadev Dnyanu Shelake,Palus,276,CHOPADEWADI,0.4,8.54,0.16,0.38,163.07,17.38,212.8,11.25,0.60,0.98,2.64,2.50,2.96
4034,5073,Vishwanath Dattatray Mane,Palus,422,CHOPADEWADI,0.2,8.64,0.12,0.25,200.70,14.71,246.4,9.86,0.30,1.57,1.90,2.08,3.44
4035,5074,Pramod Vishwanath Mane,Palus,422,CHOPADEWADI,0.2,8.63,0.11,0.31,175.62,11.59,190.4,10.69,0.36,1.64,2.78,1.82,2.60
4036,5075,Sharad Shrikant Mane,Palus,373,CHOPADEWADI,0.35,8.65,0.13,0.42,150.53,8.92,168.0,11.38,0.24,1.04,2.18,1.72,2.70
4037,5076,Dadaso Shivaji Mane,Palus,320,CHOPADEWADI,0.3,8.64,0.12,0.36,175.62,11.14,224.0,11.25,0.34,1.32,2.58,1.76,2.36
4038,5077,Vijay Shamrav Chopade,Palus,301,CHOPADEWADI,2,8.65,0.13,0.21,200.70,16.94,201.6,12.08,0.28,0.96,2.38,1.44,1.86
4039,5078,Bhalchandra Vishwanath Mane,Palus,374,CHOPADEWADI,0.1,8.33,0.27,0.22,163.07,14.26,235.2,9.81,0.36,0.94,2.94,3.76,2.80
4040,5079,Ashutosh Appaso Chopade,Palus,300,CHOPADEWADI,0.8,8.63,0.12,0.29,150.53,11.14,179.2,11.69,0.32,1.06,3.04,1.94,2.62
4041,5080,Ganapati Nivrutti Bhole,Palus,415,CHOPADEWADI,0.4,8.66,0.12,0.24,163.07,11.59,280.0,12.30,0.34,1.18,2.60,1.64,1.84
4042,5081,Rajaram Shankar Mane,Palus,418,CHOPADEWADI,0.8,8.39,0.13,0.36,338.69,12.48,168.0,11.82,0.82,1.30,3.02,3.14,3.36
4043,5082,Kedar Ramchandra Desai,Palus,420,CHOPADEWADI,2.15,8.65,0.12,0.28,62.72,16.49,224.0,12.82,0.64,1.39,3.02,1.94,2.36
4044,5083,Chandrakant Dattatray Mokashi,Palus,419,CHOPADEWADI,1.5,8.49,0.16,0.31,163.07,13.82,246.4,10.47,1.08,1.63,3.18,4.18,2.72
4045,5084,Rohit Vishnu Mane,Palus,411,CHOPADEWADI,1,8.65,0.13,0.26,188.16,10.70,179.2,9.68,0.26,1.73,3.52,1.86,1.48
4046,5085,Vasant Ganapati Mane,Palus,342,CHOPADEWADI,0.4,8.60,0.14,0.36,163.07,12.04,190.4,11.30,0.42,1.65,2.66,2.28,1.62
4047,5086,Bhimrav Keru Mane,Palus,414,CHOPADEWADI,0.6,8.59,0.12,0.44,175.62,13.37,201.6,11.78,0.44,1.10,3.42,2.60,2.06
4048,5087,Malati Vishnu Bhole,Palus,413,CHOPADEWADI,0.2,8.28,0.34,0.49,137.98,14.71,369.6,10.12,1.14,1.13,4.14,5.02,5.06
4049,5088,Yashwant Sakharam Desai,Palus,425,CHOPADEWADI,2,8.66,0.11,0.28,163.07,13.82,145.6,10.64,0.28,1.29,3.68,2.36,4.62
4050,5089,Laxman Maruti Mane,Palus,407,CHOPADEWADI,1,8.68,0.11,0.21,200.70,16.05,156.8,10.82,0.34,1.21,3.58,2.32,2.64
4051,5090,Dilip Ananda Mane,Palus,424,CHOPADEWADI,0.4,8.08,0.17,0.19,125.44,13.37,257.6,11.52,0.52,1.17,5.72,12.86,6.22
4052,5091,Appaso Mahipati Mane,Palus,421,CHOPADEWADI,0.2,8.10,0.32,0.35,238.34,10.25,291.2,10.16,0.88,1.19,4.98,7.62,6.68
4053,5092,Tukaram Ganapati Mane,Palus,403,CHOPADEWADI,1,8.60,0.12,0.26,200.70,12.48,156.8,13.17,0.28,1.43,3.98,2.66,4.42
4054,5093,Jotiram Janardan Mane,Palus,408,CHOPADEWADI,0.6,8.65,0.11,0.19,376.32,11.14,190.4,16.23,0.38,1.56,4.02,2.44,4.34
4055,5094,Ananda Rama Mane,Palus,408,CHOPADEWADI,0.4,8.66,0.10,0.28,238.34,17.38,201.6,13.78,0.20,0.17,4.46,2.28,3.18
4056,5095,Shridhar Vishnu Mane,Palus,400,CHOPADEWADI,0.4,8.67,0.11,0.22,238.34,15.16,190.4,14.61,0.76,1.71,4.70,2.34,2.94
4057,5096,Ramachandra Keru Mane,Palus,263b,CHOPADEWADI,0.3,8.24,0.23,0.21,213.25,12.93,201.6,12.87,1.68,1.37,6.18,19.00,2.32
4058,5097,Maruti Namdev Mane,Palus,396,CHOPADEWADI,0.3,8.13,0.17,0.29,188.16,15.60,179.2,9.51,0.78,1.43,5.26,12.68,4.22
4059,5098,Nandkumar Madhukar Mane,Palus,401,CHOPADEWADI,0.3,8.60,0.13,0.35,225.79,12.93,212.8,11.17,0.32,1.33,4.74,1.66,5.64
4060,5099,Sandip Subrav Mane,Palus,396,CHOPADEWADI,0.3,8.29,0.16,0.38,213.25,9.81,190.4,11.65,0.40,1.16,7.12,10.30,6.70
4061,5100,Maruti Mahadev Mane,Palus,288,CHOPADEWADI,0.5,8.09,0.19,0.24,225.79,10.70,179.2,12.61,0.42,1.20,6.88,7.60,3.82
4062,5101,Sanjay Ganpati Mane,Palus,223/3,CHOPADEWADI,0.4,8.61,0.12,0.25,200.70,13.37,268.8,12.82,0.26,1.28,5.38,2.08,5.48
4063,5102,Sarjerav Ananda Jadhav,Palus,194ab,CHOPADEWADI,0.38,8.67,0.13,0.21,225.79,15.16,246.4,10.77,0.34,1.45,8.90,1.88,4.74
4064,5103,Mahesh Mahadev Jadhav,Palus,194ab,CHOPADEWADI,0.38,8.65,0.12,0.22,250.88,12.48,235.2,11.12,0.30,1.48,5.50,1.88,2.10
4065,5104,Shankar Shamrav More,Palus,193,CHOPADEWADI,0.48,8.68,0.12,0.28,213.25,9.36,201.6,12.52,0.24,1.50,5.70,1.88,2.12
4066,5105,Sandip Laxman Mane,Palus,276,CHOPADEWADI,0.4,8.70,0.12,0.31,188.16,10.70,224.0,9.64,0.28,1.42,5.90,2.04,2.78
4067,5106,Balaso Pandurang Mane,Palus,236,CHOPADEWADI,0.4,8.65,0.13,0.33,238.34,16.49,201.6,10.03,0.34,1.42,5.62,2.18,2.58
4068,5107,Tanaji Baburav Mane,Palus,235,CHOPADEWADI,0.1,8.63,0.14,0.33,213.25,18.72,145.6,9.47,0.44,1.29,5.64,1.42,2.10
4069,5108,Divanji  Dadu Mane,Palus,230,CHOPADEWADI,0.3,8.70,0.13,0.31,175.62,12.04,201.6,10.86,0.28,1.14,5.96,1.44,3.10
4070,5109,Jalindar Keshav Mane,Palus,171,CHOPADEWADI,0.3,8.71,0.12,0.28,213.25,9.36,179.2,10.38,0.38,1.10,5.70,2.12,2.52
4071,5110,Kakaso Tukaram Mane,Palus,209,CHOPADEWADI,0.2,8.58,0.13,0.25,225.79,8.92,246.4,10.69,0.34,0.92,6.50,1.40,2.58
4072,5111,Tatyaso Shivram Mane,Palus,160,CHOPADEWADI,0.4,8.71,0.12,0.26,188.16,13.82,224.0,11.95,0.30,0.95,5.84,1.76,2.04
4073,5112,Ravindra Vasant Shelake,Palus,165,CHOPADEWADI,1.63,8.58,0.14,0.24,175.62,16.94,201.6,9.12,0.30,0.90,6.36,1.54,2.24
4074,5113,Jalindar Hari More,Palus,132,CHOPADEWADI,0.4,8.56,0.16,0.22,213.25,19.17,268.8,10.29,0.30,1.20,6.94,1.88,2.26
4075,5114,Shalan Baburav Patil,Palus,49,CHOPADEWADI,0.56,8.48,0.13,0.21,238.34,12.48,280.0,13.61,0.40,1.32,8.32,4.52,3.16
4076,5115,Sanjay Rajaram Patil,Palus,48,CHOPADEWADI,0.7,8.57,0.11,0.49,175.62,9.36,235.2,12.30,1.38,1.49,6.64,9.36,4.26
4077,5116,Rajaram Shankar More,Palus,32,CHOPADEWADI,0.4,8.61,0.10,0.38,213.25,14.26,212.8,12.56,0.36,1.27,6.70,9.74,3.18
4078,5117,Rajaram Shripati Yadav,Palus,9,CHOPADEWADI,0.5,7.87,0.22,0.25,238.34,17.38,246.4,14.57,0.70,1.17,7.90,3.38,0.98
4079,5118,Sunanda Hanmant More,Palus,297,CHOPADEWADI,0.8,8.13,0.12,0.31,188.16,19.61,156.8,13.35,0.38,1.66,9.08,8.00,2.84
4080,5119,Tanaji Ramchandra Bhole,Palus,47,CHOPADEWADI,0.25,7.95,0.17,0.31,225.79,13.37,224.0,12.65,0.32,1.35,8.08,16.70,3.34
4081,5120,Dattatray Ramchandra Bhole,Palus,47,CHOPADEWADI,0.25,8.36,0.10,0.28,238.34,14.26,302.4,10.73,3.58,1.60,10.26,16.58,8.42
4082,5121,Govind Ramu Devarde,Palus,93,CHOPADEWADI,0.45,8.05,0.12,0.21,175.62,9.81,190.4,12.87,3.52,1.71,10.66,15.40,12.46
4083,5122,Sudam Ramu Devarde,Palus,96,CHOPADEWADI,0.45,8.70,0.10,0.22,213.25,14.71,246.4,11.91,0.86,1.77,6.60,3.74,3.84
4084,5123,Dipak Hindurav Devarde,Palus,89,CHOPADEWADI,0.3,8.20,0.12,0.33,225.79,17.83,268.8,10.51,2.04,1.10,8.14,5.30,4.32
4085,5124,Raghunath Ramchandra Bhole,Palus,97,CHOPADEWADI,0.25,8.12,0.11,0.31,188.16,15.60,235.2,11.56,0.80,1.16,8.52,2.22,4.00
4086,5125,Maruti Ramchandra Bhole,Palus,97,CHOPADEWADI,0.25,7.73,0.80,0.28,225.79,10.70,369.6,12.82,2.42,1.32,7.36,3.52,3.20
4087,5126,Arush Mahesh More,Palus,302,CHOPADEWADI,0.6,7.94,0.30,0.49,200.70,20.50,168.0,13.91,1.96,1.23,10.02,5.12,4.04
4088,5127,Atharv Mahesh More,Palus,153,CHOPADEWADI,0.6,7.65,0.74,0.44,213.25,13.37,268.8,14.61,0.22,1.05,8.36,15.12,3.08
4089,5128,Mahesh Hanmant More,Palus,297,CHOPADEWADI,0.4,8.70,0.12,0.24,238.34,16.49,156.8,10.99,2.10,0.97,8.18,12.94,5.26
4090,5129,Mahesh Dhondiram Yadav,Palus,173,CHOPADEWADI,1.2,8.68,0.10,0.26,200.70,9.36,268.8,11.91,1.56,0.91,7.46,11.02,3.86
4091,5130,Shrirang Shamrav Patil,Palus,161/2,CHOPADEWADI,0.5,8.70,0.11,0.29,225.79,12.04,257.6,14.13,0.78,0.87,7.18,2.16,5.22
4092,5131,Sangram Balasaheb Patil,Palus,215,CHOPADEWADI,0.4,8.67,0.12,0.47,188.16,14.71,190.4,10.86,0.70,0.82,7.28,2.20,5.60
4093,5132,Sarjerav Joti More,Palus,216,CHOPADEWADI,0.4,8.66,0.12,0.46,213.25,17.38,201.6,11.21,2.30,1.45,7.62,2.60,2.92
4094,5133,Dhondiram Keshav Mane,Palus,274,CHOPADEWADI,0.4,8.70,0.13,0.38,175.62,17.38,168.0,11.69,2.44,1.03,7.82,2.50,3.08
4095,5134,Pravin Vitthal Mane,Palus,282,CHOPADEWADI,0.2,8.71,0.12,0.36,213.25,13.82,212.8,13.43,1.96,0.94,7.66,1.98,3.04
4096,5135,Sagar Nayku Yadav,Palus,277,CHOPADEWADI,0.2,8.65,0.14,0.31,250.88,16.94,280.0,9.12,2.50,0.97,8.20,1.88,2.98
4097,5136,Nandkishor Shivaji More,Palus,314,CHOPADEWADI,0.3,8.71,0.11,0.26,313.60,9.81,291.2,8.55,2.54,1.43,7.62,1.96,3.10
4098,5137,Rajaram Shankar Mane,Palus,270,CHOPADEWADI,0.45,8.65,0.14,0.22,225.79,12.48,190.4,9.38,2.26,0.98,6.24,1.86,1.54
4099,5138,Shrihari Krishna Mane,Palus,259,CHOPADEWADI,0.4,8.69,0.12,0.22,175.62,15.16,168.0,9.64,1.92,1.27,8.48,5.04,5.42
4100,5139,Appaso Dhondiram Mane,Palus,273,CHOPADEWADI,0.3,8.61,0.19,0.29,213.25,12.48,358.4,9.77,2.32,1.06,7.66,2.28,7.16
4101,5140,Dattatray Sitaram Mane,Palus,253/1,CHOPADEWADI,0.2,8.59,0.16,0.36,238.34,8.92,156.8,10.51,2.48,0.98,8.22,1.90,5.56
4102,5141,Yallappa Dhondi Chavhan,Palus,256,CHOPADEWADI,0.2,8.56,0.15,0.28,188.16,16.05,280.0,11.56,2.18,1.15,7.86,2.44,4.60
4103,5142,Vasant Sampatrav Yadav,Palus,341,CHOPADEWADI,0.4,8.45,0.38,0.25,213.25,14.26,291.2,13.00,2.12,1.25,7.48,4.26,5.26
4104,5143,Yashwant Vasant Patil,Palus,243,CHOPADEWADI,0.3,8.38,0.30,0.21,238.34,16.49,168.0,14.44,2.46,1.30,8.32,2.78,5.18
4105,5144,Sampat Hari Mane,Palus,243,CHOPADEWADI,0.5,8.57,0.17,0.28,175.62,12.48,224.0,13.61,2.04,1.16,8.36,1.90,4.80
4106,5145,Mahesh Mahadev Jadhav,Palus,245,CHOPADEWADI,0.2,8.62,0.14,0.24,150.53,17.38,212.8,12.61,2.60,1.22,8.18,1.40,3.56
4107,5146,Tanaji Govind Mane,Palus,242,CHOPADEWADI,0.2,8.59,0.19,0.22,200.70,13.82,201.6,11.52,1.28,1.14,8.30,15.98,5.96
4108,5147,Nandkumar Hanumant Mane,Palus,242,CHOPADEWADI,0.3,8.48,0.26,0.49,238.34,14.71,280.0,9.42,1.38,1.07,8.82,17.04,5.16
4109,5148,Shivaji Ramchandra Jadhav,Palus,245,CHOPADEWADI,0.2,8.37,0.32,0.38,225.79,13.37,257.6,9.90,1.46,1.16,7.78,16.86,1.76
4110,5149,Vikas Kondiram Mane,Palus,373,CHOPADEWADI,0.4,8.66,0.18,0.31,263.42,14.71,302.4,10.12,2.42,1.08,8.06,4.18,6.16
4111,5150,Vishal Kondiram Mane,Palus,233,CHOPADEWADI,0.4,8.58,0.14,0.29,250.88,12.04,268.8,11.12,2.12,1.22,9.52,1.94,3.80
4112,5151,Shivaji Vishnu Yadav,Palus,182,CHOPADEWADI,0.4,8.62,0.12,0.25,250.88,10.70,235.2,11.73,2.54,0.92,8.32,1.76,6.06
4113,5152,Hanmant Akaram More,Palus,217,CHOPADEWADI,0.4,8.56,0.17,0.32,225.79,13.82,324.8,12.52,1.72,0.83,7.84,4.58,5.76
4114,5153,Amol Maruti Yadav,Palus,215,CHOPADEWADI,0.6,8.49,0.21,0.36,476.67,16.49,257.6,12.82,1.78,0.94,7.58,5.28,4.68
4115,5154,Krushnat Janardan  Yadav,Palus,221,CHOPADEWADI,0.6,8.55,0.19,0.43,225.79,12.48,302.4,12.34,0.90,1.05,7.52,5.92,4.50
4116,5155,Nayku Vishnu Yadav,Palus,182,CHOPADEWADI,0.4,8.60,0.15,0.40,250.88,11.59,392.0,11.78,2.04,1.19,7.86,1.96,2.30
4117,5156,Dhanaji Sadashiv Yadav,Palus,277,CHOPADEWADI,0.8,8.64,0.13,0.33,263.42,11.14,268.8,15.05,2.66,1.33,7.78,3.28,7.10
4118,5157,Rajendra Sadashiv Yadav,Palus,182,CHOPADEWADI,0.2,8.52,0.25,0.26,275.97,14.26,224.0,14.66,2.02,1.22,7.98,5.70,7.38
4119,5158,Prakash Yashwant Mane,Palus,310,CHOPADEWADI,0.2,8.50,0.10,0.31,250.88,9.81,168.0,14.05,2.26,0.96,9.04,10.58,4.76
4120,5159,Yashwant Rama Mane,Palus,290,CHOPADEWADI,0.19,8.61,0.12,0.24,213.25,17.38,336.0,13.39,2.76,0.83,10.82,6.42,6.20
4121,5160,Shahaji Rama Mane,Palus,227,CHOPADEWADI,0.57,8.33,0.13,0.26,263.42,18.72,313.6,12.74,0.70,0.90,8.62,8.44,5.22
4122,5161,Rangrav Rama Mane,Palus,274,CHOPADEWADI,0.21,8.24,0.16,0.29,238.34,10.70,212.8,12.34,0.56,1.19,9.04,14.30,4.86
4123,5162,Machhindra Rama Mane,Palus,172,CHOPADEWADI,0.2,8.40,0.18,0.44,150.53,12.93,201.6,11.69,1.60,1.29,10.62,19.50,5.36
4124,5163,Aanandarav Akaram Suryavanshi,Palus,276,Suryagaon,0.92,8.23,0.38,0.83,225.79,19.17,504.00,7.37,1.86,0.64,2.26,10.88,5.42
4125,5164,Aanandi Bhupal Patil,Palus,304,Suryagaon,0.12,7.56,1.04,0.92,188.16,22.29,649.60,11.86,4.06,0.90,3.12,17.24,9.40
4126,5165,Adhik Bhaskar Suryvanshi,Palus,"266,267",Suryagaon,0.28,7.81,0.42,0.83,213.25,18.72,548.80,7.42,2.08,0.56,3.36,15.92,9.54
4127,5166,Amar Hanamant Suryavanshi,Palus,203,Suryagaon,0.40,7.92,0.36,0.94,163.07,18.28,537.60,4.49,1.64,1.23,4.00,15.44,7.30
4128,5167,Amar Yashavant Umabare,Palus,218,Suryagaon,0.10,8.01,0.51,0.93,188.16,17.83,481.60,7.11,1.30,0.61,5.20,14.62,6.58
4129,5168,Anil Sopan Suryavanshi,Palus,166,Suryagaon,0.41,8.02,0.52,0.79,150.53,27.19,436.80,8.20,2.22,0.94,1.94,9.00,5.54
4130,5169,Anuradha Digambar Patil,Palus,264,Suryagaon,0.40,8.04,0.42,0.75,188.16,15.16,392.00,7.90,2.08,0.83,1.68,11.08,6.70
4131,5170,Aravind Shamrav Rakate,Palus,181,Suryagaon,0.34,7.95,0.50,0.83,175.62,15.16,459.20,7.02,1.34,0.82,2.28,11.44,6.82
4132,5171,Arjun Pandurang Suryavanshi,Palus,293,Suryagaon,0.32,8.25,0.57,0.86,150.53,14.26,380.80,5.19,0.98,0.82,2.88,8.54,4.00
4133,5172,Arjun Rangarav Rananavare,Palus,271,Suryagaon,0.40,7.65,0.95,0.85,213.25,19.17,436.80,15.31,2.16,0.60,1.26,15.98,8.64
4134,5173,Ashok Narayan Suryavanshi,Palus,94,Suryagaon,0.63,7.92,0.42,0.78,175.62,20.06,537.60,7.63,3.00,0.71,2.68,14.20,6.90
4135,5174,Ashok Tukaram Shinde,Palus,120,Suryagaon,0.40,8.08,0.24,0.75,225.79,24.52,548.80,6.72,1.92,1.03,4.92,17.58,10.46
4136,5175,Ashwini Dattatray Suryawanshi,Palus,171,Suryagaon,0.50,7.71,0.18,0.86,188.16,23.63,481.60,4.54,2.44,0.94,1.82,14.22,10.04
4137,5176,Bajarang Pandurang Umabare,Palus,209,Suryagaon,0.33,7.93,0.37,0.88,163.07,19.17,358.40,7.42,1.94,1.00,6.06,13.94,14.40
4138,5177,Bajirav Shamrav Suryavanshi,Palus,190,Suryagaon,0.35,7.88,0.39,0.78,175.62,14.26,336.00,6.02,1.30,0.60,4.16,12.60,12.94
4139,5178,Balavant Pandurang Suryavanshi,Palus,21,Suryagaon,0.33,8.04,0.29,0.99,213.25,22.29,403.20,6.28,1.28,1.72,3.62,5.30,9.30
4140,5179,Bhaisahab Rajaram Umbare,Palus,240,Suryagaon,0.27,8.15,0.38,0.83,163.07,18.72,392.00,15.44,1.26,1.49,3.74,15.26,6.14
4141,5180,Bhaskar Baburav Suryavanshi,Palus,48,Suryagaon,0.23,7.09,1.90,0.97,188.16,15.60,761.60,14.83,4.60,0.65,1.60,12.86,7.10
4142,5181,Bhimarav Aappa Rananavare,Palus,270,Suryagaon,0.40,7.81,1.24,0.86,150.53,16.94,560.00,4.71,2.82,0.91,1.42,14.08,8.58
4143,5182,Bhupal Pandurang Patil,Palus,156,Suryagaon,0.04,7.87,0.71,0.97,188.16,19.17,582.40,8.29,2.96,0.57,1.96,14.30,11.24
4144,5183,Chandrakant Pralhad Suryavanshi,Palus,14,Suryagaon,0.31,8.31,0.33,0.86,163.07,26.30,593.60,15.92,1.42,1.25,4.70,14.96,8.10
4145,5184,Dattatray Bhupal Patil,Palus,114,Suryagaon,0.09,7.11,1.74,0.90,150.53,17.38,672.00,7.15,5.42,0.65,4.68,7.60,6.12
4146,5185,Dattatray Shripati Khole,Palus,298/b,Suryagaon,0.23,8.08,0.45,0.76,175.62,17.83,414.40,10.34,1.28,0.96,2.74,15.68,7.88
4147,5186,Dhanaji Dattatray Umabare,Palus,219,Suryagaon,0.31,7.63,1.03,0.93,225.79,16.49,481.60,5.19,1.56,0.89,2.84,15.32,8.58
4148,5187,Dilip Bhimrav Suryavanshi,Palus,321,Suryagaon,0.14,7.40,0.41,0.99,163.07,20.06,515.20,5.89,2.16,0.92,3.76,11.98,8.86
4149,5188,Dilip Ekanath Suryavanshi,Palus,269,Suryagaon,0.69,7.89,0.68,0.90,213.25,14.26,504.00,6.41,3.58,0.82,12.74,13.16,7.00
4150,5189,Dinkar Aappa Rananavre,Palus,270,Suryagaon,0.40,7.82,0.82,0.97,175.62,27.19,492.80,10.91,2.38,0.67,4.48,17.22,9.00
4151,5190,Dinkar Dattu Suryavanshi,Palus,49,Suryagaon,0.26,7.63,0.44,0.83,150.53,27.64,403.20,9.47,1.74,0.76,3.06,11.80,4.54
4152,5191,Dipak Lakshaman Patil,Palus,202,Suryagaon,0.31,7.75,1.20,0.96,188.16,15.60,560.00,10.51,1.96,1.18,9.14,16.38,5.36
4153,5192,Dipak Narayan Suryavanshi,Palus,94,Suryagaon,0.62,7.70,0.51,0.99,163.07,20.50,649.60,5.76,2.72,0.96,3.92,16.38,7.34
4154,5193,Ekanath Bala Suryavanshi,Palus,167,Suryagaon,0.35,7.93,1.24,0.90,213.25,20.06,515.20,6.50,2.08,0.98,4.08,11.32,6.20
4155,5194,Ekanath Lakshaman Patil,Palus,202,Suryagaon,0.31,8.05,0.33,0.81,175.62,21.84,324.80,7.20,1.12,0.76,4.28,14.60,8.40
4156,5195,Gangaram Ramchandra Suryavanshi,Palus,14,Suryagaon,0.22,7.60,1.10,0.89,150.53,30.76,649.60,9.07,3.46,1.63,4.50,25.66,9.54
4157,5196,Ghansham Baburav Suryavanshi,Palus,195,Suryagaon,0.38,7.18,1.24,0.99,188.16,17.38,627.20,6.59,3.52,1.34,3.58,21.96,7.72
4158,5197,Hanamant Bhagawan Suryavanshi,Palus,46,Suryagaon,0.26,7.71,0.53,0.86,213.25,16.49,481.60,8.85,1.00,0.65,3.86,11.54,14.58
4159,5198,Haribhau Narayan Suryavanshi,Palus,238,Suryagaon,1.17,7.67,1.00,0.85,188.16,20.95,448.00,8.11,1.34,0.92,3.36,12.66,11.18
4160,5199,Jalindar Rangarav Suryawanshi,Palus,180,Suryagaon,0.21,7.58,0.96,0.97,175.62,16.94,571.20,6.06,2.32,0.76,7.52,9.86,9.28
4161,5200,Jayashree Dinkar Surayvanshi,Palus,94,Suryagaon,0.63,7.57,0.87,0.89,200.70,16.05,537.60,5.28,2.24,0.75,3.54,11.50,7.04
4162,5201,Jayavant Balu Bhatamare,Palus,269,Suryagaon,0.31,8.27,1.02,0.90,225.79,13.82,560.00,8.85,3.20,0.92,9.94,12.98,7.38
4163,5202,Jitendr Sambhaji Suryavanshi,Palus,47/1,Suryagaon,0.23,8.03,1.10,0.86,188.16,14.26,526.40,8.46,3.48,0.67,9.58,9.34,6.40
4164,5203,Kamal Balavant Suryavanshi,Palus,184,Suryagaon,0.20,8.10,0.47,0.82,163.07,20.95,268.80,6.54,1.78,1.28,3.96,12.96,7.60
4165,5204,Kishor Aanandarav Suryavanshi,Palus,13,Suryagaon,0.37,7.40,1.96,0.89,200.70,20.50,504.00,8.20,2.66,1.15,7.58,8.20,10.20
4166,5205,Kumar Lakshamn Patil,Palus,202,Suryagaon,0.31,7.92,0.51,0.97,175.62,19.17,436.80,8.51,1.96,0.94,5.72,9.30,9.40
4167,5206,Lakshaman Baburav Patil,Palus,158,Suryagaon,0.63,7.79,0.76,0.83,225.79,24.52,403.20,9.16,1.78,0.58,4.24,8.12,8.18
4168,5207,Mahadev Baburav Khole,Palus,298,Suryagaon,0.37,7.82,0.82,0.96,175.62,27.19,616.00,7.15,1.86,0.95,6.60,11.66,8.04
4169,5208,Mahesh Managing Suryavanshi,Palus,42,Suryagaon,0.26,7.76,0.88,0.86,200.70,25.85,504.00,5.76,2.36,0.97,6.52,10.30,10.30
4170,5209,Manohar Govind Suryavanshi,Palus,217,Suryagaon,0.30,8.13,0.35,0.90,150.53,28.53,526.40,8.55,1.56,0.99,5.72,8.04,8.84
4171,5210,Mohan Vishvanath Rananavre,Palus,277,Suryagaon,0.73,7.82,0.89,0.83,188.16,23.63,582.40,7.85,4.60,0.95,5.58,7.06,6.44
4172,5211,Mohini Sujit Suryavanshi,Palus,196,Suryagaon,0.06,7.65,1.02,0.79,225.79,26.30,448.00,4.58,2.40,0.97,6.04,6.82,10.88
4173,5212,Nanada Aananda Patil,Palus,202,Suryagaon,0.31,7.85,0.38,0.72,188.16,15.60,403.20,6.80,1.88,0.93,4.88,4.06,8.04
4174,5213,Nitin Mohan Suryavanshi,Palus,315,Suryagaon,0.24,8.06,0.50,0.75,163.07,21.40,548.80,8.20,3.94,0.96,7.10,2.44,10.84
4175,5214,Pandid Krushna Suryavanshi,Palus,317,Suryagaon,0.52,7.67,1.09,0.69,200.70,16.49,369.60,4.97,3.58,0.91,16.34,6.06,8.00
4176,5215,Pandurang Shivaji Suryavanshi,Palus,218,Suryagaon,0.55,8.01,0.27,0.72,175.62,19.61,425.60,5.76,2.84,1.04,18.32,8.20,11.00
4177,5216,Pradip Sambhaji Suryavanshi,Palus,185,Suryagaon,0.15,7.43,0.86,0.71,225.79,22.73,291.20,5.58,2.12,1.13,18.40,2.46,11.00
4178,5217,Prakash Keshav Suryavankshi,Palus,272,Suryagaon,0.65,8.10,0.41,0.72,188.16,28.08,212.80,6.98,4.42,0.90,12.40,5.82,10.34
4179,5218,Pralhad Ravso Bhatamare,Palus,266,Suryagaon,0.23,8.12,0.67,0.75,163.07,18.72,268.80,6.06,1.54,1.05,14.24,8.42,13.16
4180,5219,Prashant Hindurav Umabare,Palus,175,Suryagaon,0.47,7.88,0.28,0.86,200.70,15.16,492.80,4.89,1.24,1.14,11.02,3.80,7.46
4181,5220,Raghunath Ramchandra Rakate,Palus,258,Suryagaon,0.40,7.94,0.27,0.78,175.62,9.36,448.00,5.15,2.34,0.89,10.46,4.86,8.00
4182,5221,Raghunath Rangarav Rananavre,Palus,271,Suryagaon,0.40,7.87,0.70,0.85,188.16,13.37,414.40,9.07,1.68,1.35,20.30,5.74,4.40
4183,5222,Rajaram Aananda Suryavanshi,Palus,303,Suryagaon,0.11,7.80,0.46,0.83,225.79,20.50,403.20,7.33,2.58,1.21,13.18,4.28,9.64
4184,5223,Rajendr Vilas Khole,Palus,218,Suryagaon,0.27,7.78,0.43,0.86,188.16,30.76,324.80,5.50,2.38,1.17,17.16,12.62,9.40
4185,5224,Rajesh Shamrav Umbare,Palus,158,Suryagaon,0.24,7.45,1.28,0.90,238.34,24.07,268.80,4.67,3.22,1.01,12.82,8.12,10.28
4186,5225,Ranjeet Ramchandra Suryavanshi,Palus,254,Suryagaon,0.53,8.01,0.39,0.76,263.42,28.97,369.60,10.56,3.42,1.12,13.74,10.08,9.58
4187,5226,Ravindra Sopan Suryawanshi,Palus,288,Suryagaon,0.50,8.15,0.39,0.93,275.97,25.85,336.00,4.75,6.02,1.09,11.86,9.78,9.70
4188,5227,Sachin Bhupal Patil,Palus,314,Suryagaon,0.09,7.26,1.25,0.99,225.79,28.08,313.60,5.41,2.60,0.88,12.64,15.72,9.56
4189,5228,Sachin Nagnatha Umabare,Palus,219,Suryagaon,0.30,7.75,0.59,0.90,200.70,25.41,302.40,4.27,3.42,0.95,12.60,15.74,11.34
4190,5229,Sambhaji Bapu Suryavanshi,Palus,169,Suryagaon,0.26,7.25,0.50,0.97,163.07,18.72,268.80,5.45,6.28,1.15,9.52,15.54,10.70
4191,5230,Sandeep Maruti Umbare,Palus,292,Suryagaon,0.56,6.93,0.79,0.50,200.70,20.06,448.00,9.16,3.88,1.21,11.96,16.62,12.76
4192,5231,Sandip Bhimarav Suryavanshi,Palus,186,Suryagaon,0.52,7.44,0.84,0.71,225.79,20.50,481.60,8.11,2.44,1.24,19.68,15.96,10.56
4193,5232,Sandip VYANKAT JADHAV,Palus,113,Suryagaon,0.48,7.46,0.89,0.72,188.16,14.71,515.20,8.81,2.12,1.08,17.54,14.98,10.68
4194,5233,Sanjay Ramchandr Suryavanshi,Palus,165,Suryagaon,0.71,7.95,0.70,0.86,163.07,23.18,560.00,8.38,1.48,1.05,3.06,13.74,7.38
4195,5234,Sarjerav Aakaram Suryavnshi,Palus,278,Suryagaon,0.07,8.31,0.39,0.94,200.70,24.07,425.60,7.85,1.46,0.93,3.66,7.36,7.44
4196,5235,Sarjerav Shamarav Suryavanshi,Palus,316,Suryagaon,0.35,8.19,0.27,0.83,225.79,20.95,358.40,4.80,2.52,1.14,5.02,9.34,11.04
4197,5236,Shankat Shripati Khole,Palus,298/a,Suryagaon,0.23,7.49,0.26,0.94,263.42,24.96,302.40,7.07,1.72,1.33,2.44,11.92,8.72
4198,5237,Shantabai Bhimarav Suryavanshi,Palus,325,Suryagaon,0.55,8.30,0.26,0.58,238.34,18.72,425.60,6.80,2.54,1.22,2.10,4.36,8.32
4199,5238,Sharad Yashavant Umabare,Palus,212,Suryagaon,0.26,7.97,0.26,0.56,213.25,19.17,257.60,8.03,4.74,1.47,20.96,8.64,14.60
4200,5239,Sopan Mahipati Patil,Palus,216,Suryagaon,0.21,7.53,0.87,0.72,188.16,19.61,224.00,5.63,2.20,1.39,1.96,6.94,12.06
4201,5240,Subhadra Nivrutti Jadhav,Palus,167,Suryagaon,0.22,8.10,0.76,0.86,225.79,22.73,291.20,9.03,3.44,1.00,6.16,11.68,2.64
4202,5241,Subhash Govind Suryavanshi,Palus,217,Suryagaon,0.29,7.99,0.18,0.75,263.42,21.40,459.20,6.89,1.92,0.82,22.14,15.32,7.78
4203,5242,Sudhakar Yashavant Umabare,Palus,205,Suryagaon,0.02,7.91,0.58,0.88,213.25,20.95,526.40,8.77,3.00,1.37,4.26,15.88,11.76
4204,5243,Sujeet Sopan Suryavanshi,Palus,194,Suryagaon,0.38,8.05,0.43,0.78,188.16,18.28,436.80,7.20,6.30,1.29,3.92,15.34,11.70
4205,5244,Sunil Hindurav Umbare,Palus,292,Suryagaon,0.56,7.26,1.32,0.85,238.34,23.63,392.00,7.42,6.54,1.21,2.08,16.02,9.14
4206,5245,Sunil Sopan Suryavashi,Palus,231,Suryagaon,0.41,7.84,0.78,0.97,275.97,15.60,347.20,8.33,3.44,1.10,2.40,13.94,15.12
4207,5246,Sushama Bhimarav Suryavanshi,Palus,174,Suryagaon,0.41,7.21,1.64,0.86,225.79,15.60,369.60,8.94,3.06,1.36,2.64,17.42,8.56
4208,5247,Tanaji Namadev Suryavanshi,Palus,294,Suryagaon,0.37,7.64,0.73,0.90,200.70,14.26,571.20,4.10,6.92,1.29,1.86,16.60,9.26
4209,5248,Ujavala Aananda Suryavanshi,Palus,15,Suryagaon,0.35,7.30,1.08,0.76,213.25,22.73,616.00,7.72,5.22,0.80,2.98,11.36,2.56
4210,5249,Ushatai Dhondiram Patil,Palus,"211,212",Suryagaon,0.19,7.31,1.02,0.69,238.34,20.95,414.40,7.98,3.50,1.21,3.02,14.88,12.58
4211,5250,Vaijanta Anil Suryawanshi,Palus,248,Suryagaon,0.40,7.39,0.23,0.99,263.42,19.61,448.00,8.77,6.50,1.28,2.56,12.74,11.78
4212,5251,Vasant Bhanudas Suryavanshi,Palus,297,Suryagaon,0.27,7.84,0.69,0.83,225.79,30.76,470.40,5.76,2.06,1.16,2.42,12.70,13.56
4213,5252,Vikas Aanadarav Suryavanshi,Palus,310,Suryagaon,0.23,7.68,0.29,0.85,200.70,24.52,492.80,7.20,1.56,0.83,1.90,9.40,8.72
4214,5253,Vilas Babu Suryavanshi,Palus,81,Suryagaon,0.63,8.21,0.48,0.97,225.79,19.17,324.80,9.16,1.62,0.86,2.84,11.18,5.22
4215,5254,Vinod Aanadarav Suryavanshi,Palus,261,Suryagaon,0.31,8.02,0.48,0.75,275.97,16.49,268.80,9.47,3.62,0.95,10.92,12.44,7.28
4216,5255,Rajendra Vishnu Mohite,Palus,224,Dhangaon,0.40,8.54,0.18,0.75,150.53,16.05,358.40,12.69,0.36,1.72,1.08,1.74,1.86
4217,5256,Dilip jgnnath Mohite,Palus,455,Dhangaon,0.40,8.36,0.25,0.67,175.62,15.60,324.80,14.92,0.48,1.49,0.86,5.66,1.66
4218,5257,Bhagvan Jaggnath Motkatte,Palus,624,Dhangaon,0.28,8.35,0.23,0.60,213.25,18.28,302.40,15.96,0.40,1.60,0.72,4.94,1.98
4219,5258,Adhik Vilas Motkatte,Palus,624,Dhangaon,0.14,8.15,0.41,0.60,188.16,14.26,280.00,16.18,0.48,1.67,0.68,5.56,1.92
4220,5259,Rajendra Vilas Motkatte,Palus,624,Dhangaon,0.29,8.30,0.26,0.54,150.53,19.61,369.60,14.26,0.30,1.88,0.88,4.36,1.68
4221,5260,Uday Ananda Salunkhe,Palus,622,Dhangaon,0.21,8.34,0.25,0.60,225.79,9.81,324.80,13.00,0.32,1.72,0.70,4.48,1.68
4222,5261,Sarang Krishna Salunkhe,Palus,26,Dhangaon,0.48,8.30,0.25,0.68,163.07,9.81,313.60,12.43,0.38,1.47,0.76,3.62,1.64
4223,5262,Prakash Ramchandra Tavdar,Palus,657,Dhangaon,0.20,8.28,0.27,0.86,225.79,14.71,302.40,15.57,0.36,1.43,0.58,4.64,1.82
4224,5263,Dinkar Ramchandra Tavdar,Palus,495,Dhangaon,0.12,8.32,0.26,0.67,175.62,18.72,481.60,12.26,0.24,1.55,0.38,2.70,1.52
4225,5264,Shankar Ramchandra Tavdar,Palus,657,Dhangaon,0.20,8.27,0.28,0.76,163.07,26.30,358.40,12.00,0.50,1.72,0.56,5.22,1.96
4226,5265,Dadaso Pandurang Salunkhe,Palus,244,Dhangaon,0.58,8.33,0.26,0.96,188.16,32.09,459.20,16.23,0.32,1.56,0.70,4.58,1.92
4227,5266,Nandkumar Bapu Yadav,Palus,103,Dhangaon,0.67,8.31,0.33,0.82,150.53,27.64,291.20,17.14,0.30,1.90,0.68,5.60,1.76
4228,5267,Manik Rangnath Salunkhe,Palus,30,Dhangaon,0.30,8.32,0.29,0.60,188.16,16.94,358.40,18.02,0.22,1.59,0.42,2.94,1.44
4229,5268,Narayan Govind Patil,Palus,521,Dhangaon,0.40,8.26,0.26,0.74,225.79,15.60,425.60,17.80,0.24,1.68,0.22,3.52,1.50
4230,5269,Babaso Govind Patil,Palus,523,Dhangaon,0.37,8.15,0.33,0.68,175.62,12.48,459.20,15.35,0.32,1.82,0.54,4.36,1.72
4231,5270,Vasant Lakshman Patil,Palus,435,Dhangaon,0.47,8.21,0.30,0.54,175.62,20.95,369.60,19.41,0.46,1.95,0.56,4.80,1.42
4232,5271,Sunil Mahadev Patil,Palus,582,Dhangaon,0.28,8.27,0.30,0.54,137.98,15.16,280.00,18.36,0.40,1.48,0.68,4.86,2.04
4233,5272,Sharmila Shankar Salunkhe,Palus,600,Dhangaon,0.40,8.18,0.36,0.68,200.70,19.17,291.20,15.83,0.46,1.63,0.88,5.02,1.44
4234,5273,Ashok Ananada Salunkhe,Palus,555,Dhangaon,0.30,8.36,0.23,0.53,175.62,23.18,280.00,17.23,0.42,1.87,0.70,6.12,1.40
4235,5274,Raghunath Dattu Salunkhe,Palus,588,Dhangaon,0.78,8.44,0.17,0.68,150.53,20.95,313.60,14.87,0.36,1.43,0.58,5.30,1.94
4236,5275,Subhash Hindurao Khot,Palus,564,Dhangaon,0.26,8.33,0.24,0.72,225.79,11.14,380.80,14.05,0.32,1.50,0.82,4.34,1.90
4237,5276,Mahadev Shamrao Khot,Palus,567,Dhangaon,0.30,8.34,0.24,0.79,188.16,15.60,492.80,14.22,0.22,1.61,0.78,3.98,1.40
4238,5277,Ashok Namdev Yadav,Palus,56,Dhangaon,0.40,8.35,0.24,0.53,163.07,15.60,257.60,13.87,0.26,2.04,0.48,3.70,1.78
4239,5278,Sandip pandurang yadav,Palus,45,Dhangaon,0.33,8.19,0.32,0.76,200.70,22.73,336.00,12.30,0.26,2.25,0.52,4.48,2.06
4240,5279,Chandrakant Bhimrao Yadav,Palus,9,Dhangaon,0.40,8.27,0.27,0.85,175.62,16.49,280.00,15.01,0.34,1.31,0.82,6.38,2.00
4241,5280,Hiroji bala salunkhe,Palus,158,Dhangaon,0.82,8.38,0.24,0.74,150.53,19.61,414.40,19.02,0.30,1.94,0.88,5.20,1.98
4242,5281,Suryakant Ratnakar Salunkhe,Palus,216,Dhangaon,0.48,8.40,0.21,0.65,225.79,22.29,324.80,17.97,0.38,2.24,0.52,3.84,1.80
4243,5282,Ranjit Hanmnat Salunkhe,Palus,172,Dhangaon,0.41,8.41,0.28,0.60,175.62,24.52,403.20,20.33,0.30,2.37,0.54,3.40,1.54
4244,5283,Vijayshih Hanmant Salunkhe,Palus,172,Dhangaon,0.41,8.36,0.26,0.57,200.70,16.94,336.00,19.72,0.34,1.81,0.56,3.98,1.72
4245,5284,Harishchandra Dadaso Patil,Palus,517,Dhangaon,0.40,8.26,0.29,0.54,225.79,24.96,414.40,17.93,0.22,2.22,0.88,5.88,0.18
4246,5285,Nivas Ananada Suryavanshi,Palus,558,Dhangaon,0.38,8.32,0.26,0.57,175.62,11.14,403.20,13.48,0.36,2.36,0.94,3.86,1.24
4247,5286,Ashok Jaggnath Suryavanshi,Palus,558,Dhangaon,1.00,8.25,0.29,0.60,150.53,23.18,369.60,14.13,0.26,2.43,0.60,3.42,1.10
4248,5287,Balaso Keshav Salunkhe,Palus,210,Dhangaon,1.00,8.39,0.23,0.82,200.70,27.19,336.00,18.15,0.20,2.38,0.60,2.34,2.68
4249,5288,Nilesh Appaso Salunkhe,Palus,186,Dhangaon,0.28,8.50,0.19,0.65,225.79,21.40,492.80,20.15,0.32,2.23,0.60,2.26,0.66
4250,5289,Ashok Tukaram Pawar,Palus,293,Dhangaon,0.44,8.37,0.23,0.71,188.16,22.73,280.00,21.16,0.34,2.12,0.74,2.38,0.48
4251,5290,Vasant Shankar Pawar,Palus,280,Dhangaon,0.22,8.19,0.28,0.96,175.62,15.60,347.20,19.76,0.32,2.29,1.02,2.80,0.50
4252,5291,Shamrao Ananda Salunkhe,Palus,382,Dhangaon,0.40,8.37,0.22,0.58,213.25,15.60,436.80,17.19,0.42,2.45,0.48,5.58,0.40
4253,5292,Jaysing Yashwant Salunkhe,Palus,363,Dhangaon,0.26,8.36,0.23,0.60,188.16,11.14,392.00,17.88,0.30,2.38,0.46,3.48,1.10
4254,5293,Sachin Subhash Salunkhe,Palus,264,Dhangaon,0.55,8.32,0.24,0.71,163.07,20.95,403.20,14.22,0.28,1.58,0.76,5.82,1.40
4255,5294,Jalindra Ananda Salunkhe,Palus,382,Dhangaon,0.30,8.35,0.26,0.68,225.79,23.18,459.20,15.70,0.26,1.84,0.82,5.28,0.96
4256,5295,Sanjay Vasant Mohite,Palus,362,Dhangaon,0.40,8.33,0.26,0.53,250.88,19.17,436.80,16.84,0.28,1.96,0.52,4.40,1.12
4257,5296,Vasant Narayan Jamdare,Palus,191,Dhangaon,0.40,8.28,0.28,0.44,100.35,11.14,336.00,11.95,0.20,2.00,0.48,3.70,1.88
4258,5297,Ashok Ramchandra Patil,Palus,191,Dhangaon,0.40,8.24,0.33,0.57,225.79,15.60,425.60,12.21,0.36,2.26,0.66,4.84,0.26
4259,5298,Dilip Dyanu Savvashe,Palus,224,Dhangaon,0.20,8.33,0.26,0.51,188.16,13.37,436.80,14.35,0.24,2.42,0.74,2.70,2.08
4260,5299,Krishnadev Sampat Salunkhe,Palus,270,Dhangaon,0.80,8.21,0.30,0.72,213.25,15.60,425.60,15.88,0.58,2.08,0.58,5.12,2.02
4261,5300,Babaso Bhimrao Shelke,Palus,287,Dhangaon,0.36,8.39,0.20,0.71,62.72,14.71,414.40,18.06,0.20,2.18,1.40,6.12,0.94
4262,5301,Ankush Jaywant Salunkhe,Palus,614,Dhangaon,0.60,8.49,0.14,0.53,288.51,22.73,448.00,24.30,0.50,1.73,0.62,3.78,1.74
4263,5302,Vilas Ramchandra Sallunkhe,Palus,182,Dhangaon,0.64,3.47,0.16,0.72,213.25,23.63,492.80,16.92,0.30,1.48,0.54,4.00,2.02
4264,5303,Yashvant dnyandev Salunkhe,Palus,279,Dhangaon,0.43,8.24,0.30,0.76,238.34,18.28,224.00,17.19,0.40,2.08,0.72,7.66,0.94
4265,5304,Ramchandra bhau salunkhe,Palus,252,Dhangaon,0.20,8.22,0.31,0.74,188.16,15.60,257.60,11.82,0.58,1.43,0.54,8.80,1.74
4266,5305,Shamrav ramchandra patil,Palus,191,Dhangaon,0.40,8.45,0.17,0.58,175.62,12.04,201.60,11.34,0.66,1.80,0.46,4.84,2.02
4267,5306,Suresh ramchandra patil,Palus,191,Dhangaon,0.40,8.38,0.20,0.61,150.53,17.83,190.40,11.08,0.32,1.98,0.26,2.60,2.38
4268,5307,Kaliya hanmant salunkhe,Palus,172,Dhangaon,0.41,8.39,0.20,0.57,188.16,27.19,336.00,12.08,0.36,2.07,0.68,4.44,2.52
4269,5308,Amol bhimrav salunkhe,Palus,382,Dhangaon,0.30,8.46,0.16,0.51,213.25,18.72,280.00,14.96,0.28,1.49,0.40,3.50,1.18
4270,5309,Amit bhimrav salunkhe,Palus,285,Dhangaon,1.00,8.47,0.17,0.60,175.62,11.59,257.60,15.75,0.22,1.56,0.52,2.70,2.26
4271,5310,Suvarna mohan salunkhe,Palus,39,Dhangaon,0.69,8.41,0.20,0.72,225.79,14.26,336.00,16.05,0.32,1.57,0.54,2.80,4.24
4272,5311,Sanjay yashvant shelake,Palus,283,Dhangaon,0.59,8.26,0.27,0.65,250.88,20.95,212.80,18.28,0.26,1.76,0.42,5.72,2.14
4273,5312,Sharad shankar salunkhe,Palus,649,Dhangaon,0.93,8.29,0.27,0.71,225.79,15.60,246.40,19.45,0.52,2.14,0.32,5.44,2.46
4274,5313,Pradip jalindar salunkhe,Palus,629,Dhangaon,0.89,8.45,0.17,0.96,163.07,17.83,190.40,17.88,0.38,1.56,0.54,3.22,2.18
4275,5314,Krushndev dnyanu salunkhe,Palus,618,Dhangaon,0.60,8.39,0.21,0.57,188.16,12.48,291.20,13.48,0.38,1.57,0.32,4.56,2.46
4276,5315,Randhir anandaa salunkhe,Palus,716,Dhangaon,1.00,8.49,0.19,0.60,175.62,11.14,212.80,16.36,0.26,2.17,0.60,3.20,2.16
4277,5316,Bapu Bandu hirugade,Palus,383,Dhangaon,0.75,8.35,0.24,0.72,213.25,18.28,224.00,14.87,0.38,1.06,0.36,4.66,2.06
4278,5317,Sadashiv ratnakar salunkhe,Palus,216,Dhangaon,0.47,8.47,0.15,0.92,238.34,27.64,179.20,11.65,0.30,1.49,0.40,3.14,1.84
4279,5318,Sambhaji mahadev salunkhe,Palus,455,Dhangaon,0.19,8.30,0.26,0.72,175.62,11.59,268.80,12.82,0.22,1.62,0.04,5.24,1.64
4280,5319,Shivaji tukaram savvashe,Palus,723,Dhangaon,0.20,8.28,0.29,0.63,213.25,27.19,302.40,17.10,0.34,2.01,0.22,6.94,1.72
4281,5320,Namdev tukaram savvashe,Palus,722,Dhangaon,0.41,8.49,0.16,0.60,175.62,22.73,392.00,14.83,0.52,1.49,0.42,3.70,2.58
4282,5321,Tanaji tukaram savvashe,Palus,726,Dhangaon,0.61,8.36,0.24,0.57,225.79,14.71,246.40,16.79,0.24,1.65,0.46,4.66,2.80
4283,5322,Manohar ananda salunkhe,Palus,545,Dhangaon,0.45,8.35,0.25,0.51,213.25,16.49,302.40,16.40,0.28,2.14,0.28,5.94,2.48
4284,5323,Prakash yashvant yadav,Palus,323,Dhangaon,0.21,8.38,0.21,0.54,188.16,9.81,347.20,13.74,0.44,2.07,0.46,4.26,2.12
4285,5324,Rajendra kalindar salunkhe,Palus,628,Dhangaon,1.31,8.43,0.18,0.60,163.07,12.04,448.00,15.44,0.34,1.30,0.58,4.08,2.60
4286,5325,Sambhaji dattu patil,Palus,429,Dhangaon,0.36,8.44,0.17,0.86,200.70,12.04,481.60,16.44,0.30,1.56,0.34,3.78,2.48
4287,5326,Sudhakar dnyanu rokde,Palus,643,Dhangaon,0.20,8.35,0.18,0.72,225.79,18.28,313.60,16.75,0.20,1.60,0.26,6.18,2.12
4288,5327,Sachin krushndev salunkhe,Palus,248,Dhangaon,0.69,8.38,0.26,0.57,188.16,16.49,246.40,14.61,0.42,1.63,0.38,8.04,2.60
4289,5328,Anandaa dnyanu salunkhe,Palus,106,Dhangaon,0.15,8.49,0.16,0.51,213.25,18.28,291.20,17.40,0.40,2.13,0.36,3.02,2.48
4290,5329,JAYshing Ratnakar Jadhav,Palus,216,Dhangaon,0.47,8.38,0.21,0.44,238.34,14.71,224.00,15.18,0.38,1.76,0.40,4.86,2.54
4291,5330,Sanjay Namdev Jadhav,Palus,165,Dhangaon,0.98,8.33,0.25,0.49,188.16,15.60,369.60,15.92,0.34,1.71,0.54,6.36,1.64
4292,5331,Dipak shivaji bhosale,Palus,57,Dhangaon,0.80,8.40,0.20,0.46,163.07,18.28,201.60,13.00,0.44,1.60,0.48,4.02,3.04
4293,5332,Tatyaso pandurang salunkhe,Palus,50,Dhangaon,0.11,8.44,0.19,0.53,225.79,23.63,392.00,15.75,0.20,2.07,0.46,3.42,3.24
4294,5333,Shivaji ramchandra salunkhe,Palus,271A,Dhangaon,0.50,8.42,0.20,0.47,175.62,22.73,268.80,16.62,0.22,2.03,0.22,4.34,2.50
4295,5334,Govind ramchandra salunkhe,Palus,271b,Dhangaon,0.34,8.41,0.25,0.61,213.25,12.48,347.20,18.41,0.28,1.97,0.20,4.92,2.18
4296,5335,Arun namdev rokde,Palus,643,Dhangaon,0.21,8.38,0.25,0.68,163.07,18.72,268.80,19.24,0.34,1.57,0.44,4.50,3.12
4297,5336,Arun lalaso salunkhe,Palus,170,Dhangaon,0.71,8.39,0.22,0.60,238.34,12.93,324.80,20.24,0.20,2.24,0.22,3.62,2.20
4298,5337,Mohan govind salunkhe,Palus,642,Dhangaon,1.87,8.28,0.28,0.49,188.16,14.26,403.20,20.59,0.26,1.10,0.26,2.00,1.64
4299,5338,Ramesh arvind patil,Palus,197,Dhangaon,1.40,8.43,0.22,0.42,163.07,20.95,358.40,18.49,0.36,1.13,0.50,5.88,1.98
4300,5339,Dnyandev ramchandra yadav,Palus,12,Dhangaon,0.20,8.39,0.23,0.50,188.16,12.04,380.80,19.15,0.52,1.62,0.30,4.60,2.36
4301,5340,Ramchandra govind Yadav,Palus,10,Dhangaon,0.62,8.31,0.29,0.43,163.07,21.84,313.60,17.58,0.38,2.12,1.44,3.46,2.02
4302,5341,Nivrutti ramchandra yadav,Palus,12,Dhangaon,0.20,8.36,0.23,0.46,225.79,17.83,280.00,21.64,0.48,1.93,0.54,7.38,2.52
4303,5342,Hanmant babaso mane,Palus,196,Dhangaon,0.67,8.40,0.21,0.58,238.34,11.14,336.00,16.66,0.54,2.10,0.64,4.52,2.72
4304,5343,VItthal Babaso mane,Palus,196,Dhangaon,0.67,8.45,0.19,0.56,188.16,18.28,302.40,13.70,0.30,1.05,1.12,3.68,2.42
4305,5344,Shivaji dattu salunkhe,Palus,588,Dhangaon,0.78,8.35,0.21,0.60,263.42,11.59,358.40,12.78,0.34,1.56,0.90,2.32,2.46
4306,5345,Prakash raghunath salunkhe,Palus,96,Dhangaon,0.57,8.47,0.18,0.54,225.79,18.72,280.00,12.48,0.20,1.65,0.50,3.38,2.94
4307,5346,Shridhar shamrao patil,Palus,520,Dhangaon,0.40,8.53,0.16,0.54,213.25,27.19,380.80,12.04,0.54,2.05,0.32,3.40,1.76
4308,5347,Manoj Appaso chougule,Palus,376,Khatav,0.50,8.31,0.18,0.85,200.70,29.42,246.40,15.01,0.90,1.65,1.52,4.44,2.98
4309,5348,Bapuso Bapurav Vader,Palus,250,Khatav,0.40,8.39,0.15,0.89,225.79,14.26,280.00,16.23,0.54,1.07,0.92,3.98,2.76
4310,5349,Chavgonda Sidgonda Patil,Palus,265,Khatav,0.40,8.42,0.16,0.82,188.16,21.40,268.80,13.52,0.42,2.13,0.72,3.04,2.44
4311,5350,Achyutrav Pandurang Patil,Palus,267,Khatav,0.40,8.45,0.15,0.86,137.98,38.34,313.60,12.69,1.70,1.57,0.34,9.90,2.24
4312,5351,Kakaso Shivgonda Patil,Palus,277,Khatav,0.40,8.49,0.14,0.92,188.16,32.09,268.80,10.91,1.68,1.77,0.30,7.66,2.30
4313,5352,Prasad Balgonda Patil,Palus,278,Khatav,0.40,8.47,0.16,0.75,225.79,17.38,302.40,11.86,0.40,1.65,0.98,3.54,2.12
4314,5353,Ravsaheb Suresh Patil,Palus,278,Khatav,0.24,8.51,0.14,0.83,200.70,11.14,313.60,15.18,1.58,2.08,0.34,6.38,2.18
4315,5354,Aappasaheb Suresh Patil,Palus,278,Khatav,0.24,8.48,0.17,0.86,238.34,13.37,246.40,12.61,1.16,1.44,0.58,8.66,2.50
4316,5355,Vijay Vishwanath Patil,Palus,284,Khatav,0.56,8.50,0.18,0.93,200.70,26.75,257.60,16.36,1.42,1.57,0.46,8.40,2.28
4317,5356,Kalawati Arvind Patil,Palus,286,Khatav,1.40,8.52,0.16,0.85,213.25,19.17,235.20,13.57,0.38,1.73,0.76,5.30,1.98
4318,5357,Prakash Ramchandra Shinde,Palus,299,Khatav,0.40,8.40,0.28,0.93,188.16,11.59,336.00,14.57,1.58,1.59,0.42,9.86,2.46
4319,5358,Indumati Anandrav Patil,Palus,312,Khatav,2.40,8.51,0.19,0.85,163.07,28.97,302.40,15.53,0.34,1.95,0.88,3.84,2.30
4320,5359,Shankar Mhadgonda Patil,Palus,342,Khatav,0.60,8.51,0.15,0.93,213.25,16.94,291.20,12.78,0.34,1.68,0.78,5.18,2.64
4321,5360,Kakaso Devgonda Patil,Palus,333,Khatav,0.80,8.54,0.18,0.89,188.16,12.93,268.80,13.74,0.48,1.96,0.82,5.24,2.34
4322,5361,Sonabai Balaso Chavhan,Palus,318,Khatav,0.40,8.49,0.19,0.78,225.79,28.53,291.20,11.43,0.38,1.61,0.88,4.18,2.40
4323,5362,Sukumar Rajaram Gawade,Palus,321,Khatav,0.40,8.50,0.18,0.94,200.70,31.20,324.80,12.52,0.60,1.07,1.06,5.70,2.82
4324,5363,Gajanan Annaso Patil,Palus,326,Khatav,0.40,8.30,0.36,0.93,225.79,23.18,369.60,15.49,0.96,1.43,0.52,6.84,2.94
4325,5364,Rajendra Bhauso Patil,Palus,346,Khatav,0.40,8.56,0.17,0.86,163.07,28.53,224.00,15.79,0.36,1.12,0.92,3.58,2.76
4326,5365,Shobha Yashwant Patil,Palus,398,Khatav,0.30,8.54,0.16,0.82,225.79,13.82,246.40,18.10,0.68,1.67,0.66,5.34,3.24
4327,5366,Arjun Sakharam More,Palus,325,Khatav,0.46,8.56,0.18,0.81,200.70,32.09,235.20,19.32,1.60,2.11,0.32,8.50,2.44
4328,5367,Prakash Bhimrav Patil,Palus,405,Khatav,0.15,8.58,0.16,0.86,188.16,31.20,212.80,17.27,1.58,2.08,0.40,8.12,2.42
4329,5368,Rahul Ravsaheb Patil,Palus,405,Khatav,0.17,8.54,0.19,0.88,225.79,19.17,224.00,20.28,1.90,1.55,0.42,8.46,2.46
4330,5369,Rupesh Ravsaheb Patil,Palus,406,Khatav,0.19,8.60,0.18,0.69,188.16,22.29,235.20,20.55,1.62,1.56,0.46,6.46,2.08
4331,5370,Sambhaji Laxman Madane,Palus,415,Khatav,0.40,8.55,0.18,0.75,213.25,11.14,313.60,19.19,1.52,1.44,0.38,6.32,2.30
4332,5371,Appaso Dadaso Patil,Palus,438/2,Khatav,0.40,8.45,0.25,0.85,238.34,16.05,291.20,18.84,0.38,1.50,0.64,0.44,2.60
4333,5372,Gajanan Anna Patil,Palus,439/1,Khatav,0.20,8.56,0.17,0.88,188.16,21.40,268.80,20.63,0.42,1.54,0.72,1.30,2.46
4334,5373,Dhondiram Appa Patil,Palus,445,Khatav,0.84,8.58,0.18,0.79,213.25,24.07,257.60,21.11,0.42,1.51,0.74,1.32,2.54
4335,5374,Vishvesh Balaso Chougule,Palus,386,Khatav,0.40,8.08,0.49,0.85,163.07,13.37,504.00,16.58,0.34,1.03,0.60,0.82,2.72
4336,5375,Pandurang Kashinath Patil,Palus,385,Khatav,1.00,8.10,0.42,0.86,200.70,19.17,526.40,15.35,0.34,1.57,0.82,1.74,2.02
4337,5376,Keshav Maruti Patil,Palus,378,Khatav,0.35,8.71,0.18,0.74,225.79,31.20,302.40,17.80,0.42,1.72,0.90,4.30,2.58
4338,5377,Balaso Keshav Chavhan,Palus,376,Khatav,0.50,8.11,0.70,0.83,213.25,22.73,537.60,19.02,0.28,1.56,0.90,3.66,3.90
4339,5378,Pandurang Appa Patil,Palus,370,Khatav,0.70,8.17,0.42,0.86,188.16,24.96,425.60,14.96,0.20,1.53,0.54,3.60,2.08
4340,5379,Jagannath Dhondiram Bandagar,Palus,273,Khatav,0.24,8.16,0.39,0.85,225.79,20.95,481.60,13.91,0.48,1.70,1.16,3.84,2.98
4341,5380,Swati Manikrav Patil,Palus,322,Khatav,0.47,8.69,0.18,0.79,263.42,23.18,313.60,12.69,0.34,2.11,1.10,3.80,2.38
4342,5381,Manikrav Pandurang Patil,Palus,330,Khatav,1.41,8.11,0.43,0.76,213.25,15.60,660.80,13.65,0.52,1.50,0.90,5.82,2.52
4343,5382,Pratik Manikrav Patil,Palus,330,Khatav,1.51,8.58,0.19,0.82,238.34,20.50,280.00,15.88,0.28,1.54,0.88,3.30,2.48
4344,5383,Somanath Shivaji Patil,Palus,361,Khatav,0.81,8.60,0.18,0.76,200.70,16.94,235.20,15.14,0.36,1.45,0.88,4.84,2.22
4345,5384,Bhagawan Bhanudas Chavhan,Palus,368,Khatav,0.40,8.54,0.16,0.71,175.62,26.30,280.00,19.15,0.36,1.60,0.68,5.50,2.16
4346,5385,Tatyaso Bapuso Patil,Palus,352/5,Khatav,0.41,8.56,0.17,0.74,213.25,15.16,246.40,17.49,0.32,1.74,0.74,4.72,2.16
4347,5386,Kakaso Devgonda Patil,Palus,407,Khatav,0.16,8.60,0.15,0.78,238.34,10.25,302.40,17.40,0.34,2.18,0.76,8.38,2.44
4348,5387,Vijaya Ravsaheb Patil,Palus,337,Khatav,0.60,8.46,0.22,0.72,263.42,26.75,257.60,16.31,0.32,2.11,1.18,7.78,2.78
4349,5388,Dattatray Bapu Harale,Palus,331,Khatav,0.50,8.59,0.19,0.72,225.79,16.49,291.20,11.08,0.32,1.76,0.88,7.92,2.14
4350,5389,Ranjana Ramesh Chavhan,Palus,97,Khatav,0.43,8.35,0.33,0.79,200.70,11.59,470.40,13.70,0.32,1.75,0.78,5.44,2.46
4351,5390,Sandip Nanaso Chavhan,Palus,271,Khatav,0.35,8.12,0.46,0.74,238.34,19.17,616.00,16.36,0.38,2.06,0.86,6.40,2.34
4352,5391,Nanaso Shankar Chavhan,Palus,270,Khatav,0.70,8.11,0.48,0.81,175.62,26.75,582.40,13.78,0.42,1.80,1.74,5.58,2.26
4353,5392,Dinakar Shankar Chavhan,Palus,94/2,Khatav,0.28,8.10,0.53,0.75,213.25,15.16,672.00,15.22,0.40,1.96,0.96,5.18,2.72
4354,5393,Vimal Kumar Mude,Palus,96,Khatav,0.40,8.12,0.59,0.82,175.62,16.05,560.00,12.91,0.34,1.89,0.96,5.96,3.22
4355,5394,Tatyaso Dadaso Patil,Palus,98,Khatav,0.80,8.11,0.44,0.76,225.79,15.16,526.40,11.91,0.52,1.39,1.76,5.40,2.84
4356,5395,Yashwant Appa Patil,Palus,398,Khatav,0.40,8.07,0.58,0.69,175.62,22.73,224.00,13.39,4.76,1.25,0.82,14.98,8.38
4357,5396,Rahul Ramesh Chavhan,Palus,94/2,Khatav,1.12,8.14,0.56,0.78,150.53,23.18,212.80,15.01,0.38,1.48,2.50,10.20,2.54
4358,5397,Pramod Vasant Chavhan,Palus,98,Khatav,0.50,8.10,0.44,0.74,213.25,25.85,313.60,16.53,4.96,1.75,4.02,11.16,9.98
4359,5398,Tatyaso Dadaso Patil,Palus,98,Khatav,0.80,8.30,0.38,0.79,175.62,26.75,291.20,17.10,3.66,1.85,1.06,8.60,11.90
4360,5399,Shripalshamu Madavanna,Palus,201,Khatav,0.50,8.33,0.37,0.75,150.53,29.87,257.60,15.05,2.52,1.96,3.40,10.32,7.42
4361,5400,Rajaram Tukaram Dhere,Palus,192,Khatav,1.42,8.31,0.35,0.67,200.70,19.17,392.00,16.27,2.80,2.01,1.02,10.02,7.64
4362,5401,Gajanan Narahari Gurav,Palus,167,Khatav,0.92,8.21,0.45,0.63,225.79,21.40,313.60,14.57,3.40,2.11,4.20,10.38,7.70
4363,5402,Dattatray Laxman Patil,Palus,163,Khatav,1.12,8.30,0.36,0.72,200.70,17.38,280.00,15.31,3.88,2.23,1.20,11.68,8.70
4364,5403,Prashant Raghunath Chougule,Palus,458,Khatav,1.00,8.28,0.39,0.65,225.79,19.17,235.20,14.09,3.04,1.65,1.64,10.44,7.42
4365,5404,Sunita Raghunath Chougule,Palus,151,Khatav,1.00,8.36,0.32,0.56,200.70,14.26,302.40,15.18,2.14,1.10,3.32,11.52,6.84
4366,5405,Balaso Dhondiram Gaikwad,Palus,119,Khatav,0.67,8.37,0.29,0.64,213.25,23.63,324.80,12.74,1.26,1.61,2.04,17.38,6.46
4367,5406,Prakash Amanna Gavade,Palus,101,Khatav,0.50,8.08,0.49,0.57,175.62,27.64,246.40,13.83,3.80,2.04,1.74,15.92,13.68
4368,5407,Rohit Sharmarav Kambale,Palus,90,Khatav,0.40,8.26,0.35,0.76,225.79,28.08,235.20,15.22,3.88,2.06,2.98,15.76,7.84
4369,5408,Dadaso Sadashiv Patil,Palus,70,Khatav,0.35,8.13,0.42,0.86,213.25,25.41,369.60,11.17,4.60,1.98,4.64,16.40,11.54
4370,5409,Vimal Vilas Gadakari,Palus,67,Khatav,1.00,8.14,0.38,0.85,163.07,15.16,268.80,12.74,4.42,1.99,1.36,15.66,10.90
4371,5410,Satish Baburav Ambole,Palus,57,Khatav,1.19,8.09,0.56,0.85,200.70,13.82,212.80,14.96,4.30,1.48,1.44,13.58,8.92
4372,5411,Sampat Bapu Dhere,Palus,55,Khatav,0.20,8.10,0.54,0.74,263.42,24.07,470.40,16.01,4.52,1.57,1.24,18.34,6.74
4373,5412,Rahul Raghunath Yadav,Palus,50,Khatav,0.50,8.09,0.66,0.72,213.25,28.97,313.60,16.53,4.12,1.98,1.30,16.54,11.44
4374,5413,Tanaji Mahadev Admane,Palus,41,Khatav,0.48,8.10,0.60,0.75,175.62,27.19,280.00,18.23,5.24,2.06,1.50,10.52,10.54
4375,5414,Santosh Sambhaji Admane,Palus,26,Khatav,0.36,8.09,0.65,0.76,213.25,26.30,369.60,20.28,2.06,1.15,2.02,12.62,7.88
4376,5415,Shivaji Mahadev Admane,Palus,25,Khatav,0.57,8.55,0.19,0.71,200.70,29.42,302.40,18.02,3.38,1.57,1.56,11.86,7.68
4377,5416,Dilip Sadashiv Karnale,Palus,22,Khatav,0.40,8.23,0.64,0.64,175.62,19.61,291.20,20.59,1.50,1.15,1.74,8.32,9.96
4378,5417,Vinayak Balaso Chavhan,Palus,23,Khatav,0.60,8.49,0.28,0.65,225.79,21.40,459.20,17.80,1.72,1.72,1.74,6.96,7.16
4379,5418,Balaso Ramchandra Chavhan,Palus,24,Khatav,0.40,8.66,0.17,0.56,238.34,25.41,425.60,17.19,0.74,1.75,2.14,5.80,8.62
4380,5419,Vilas Ramchandra Chavhan,Palus,24,Khatav,0.40,8.74,0.19,0.85,188.16,29.42,336.00,19.32,1.22,1.62,1.22,6.06,4.38
4381,5420,Tanaji Shankar Shinde,Palus,18,Khatav,0.40,8.69,0.18,0.83,238.34,20.50,235.20,17.58,1.08,2.07,1.72,6.26,7.48
4382,5421,Shashikant Bhauso Patil,Palus,20,Khatav,0.50,8.71,0.17,0.81,188.16,11.14,268.80,20.41,1.10,2.03,1.32,4.50,6.84
4383,5422,Rajendra Bhauso Patil,Palus,20,Khatav,0.94,8.76,0.18,0.85,225.79,27.19,336.00,15.05,1.84,2.08,1.20,8.14,5.82
4384,5423,Rajendra Bhauso Patil,Palus,20,Khatav,0.40,8.74,0.19,0.86,175.62,24.07,392.00,13.61,1.50,2.16,1.62,6.18,9.06
4385,5424,Ranjit Sanjay Patil,Palus,20,Khatav,0.70,8.73,0.20,0.69,225.79,18.28,291.20,16.71,1.36,2.11,1.82,6.06,8.04
4386,5425,Sanjay Dhondiram Patil,Palus,20,Khatav,0.70,8.70,0.21,0.74,188.16,26.30,246.40,14.87,1.16,1.60,2.18,5.72,7.66
4387,5426,Dadaso Balgonda Patil,Palus,9,Khatav,0.18,8.76,0.22,0.75,200.70,23.63,313.60,13.61,1.28,1.52,2.56,4.72,5.96
4388,5427,Shrikrishna Mahadev Karnale,Palus,11,Khatav,0.85,8.73,0.19,0.75,238.34,18.28,380.80,11.69,1.06,1.49,3.18,6.76,6.88
4389,5428,Govind Mahadev Karnale,Palus,11,Khatav,0.85,8.74,0.18,0.72,263.42,21.84,224.00,12.82,1.12,1.39,1.72,7.58,6.40
4390,5429,Vyankat Vadant Chavhan,Palus,8,Khatav,0.10,8.75,0.20,0.76,188.16,16.49,201.60,15.40,1.36,1.38,1.66,7.26,6.80
4391,5430,Nanaso Shankar Chavhan,Palus,8,Khatav,0.40,8.77,0.23,0.76,238.34,16.94,302.40,14.92,1.04,2.18,4.24,8.30,7.68
4392,5431,Jayashree Nitin Pawar,Palus,267,Khatav,0.45,8.74,0.24,0.83,188.16,21.84,403.20,14.44,1.10,2.19,1.80,7.90,6.26
4393,5432,Mangal Ramchandra Pawar,Palus,267,Khatav,0.45,8.71,0.22,0.89,225.79,16.94,280.00,16.75,1.16,2.24,1.90,8.08,5.46
4394,5433,Suman Ramchandra Nagave,Palus,17,Khatav,0.94,8.80,0.23,0.78,225.79,20.95,313.60,15.05,1.30,2.14,1.74,8.26,6.04
4395,5434,Ramchandra Anna Pawar,Palus,107,Khatav,0.45,8.74,0.20,0.65,250.88,16.05,235.20,15.66,1.32,1.13,1.68,7.36,6.16
4396,5435,Nitin Ramchandra Pawar,Palus,153,Khatav,0.28,8.76,0.18,0.68,200.70,20.06,369.60,16.71,0.66,1.73,2.16,7.32,6.86
4397,5436,Parag Ramchandra Pawar,Palus,153,Khatav,0.80,8.81,0.21,0.60,175.62,19.61,291.20,14.48,0.94,1.81,1.82,7.26,5.98
4398,5437,Laxman Anna Pawar,Palus,153,Khatav,0.80,8.77,0.24,0.67,225.79,21.40,212.80,15.05,1.36,1.64,1.58,5.56,6.28
4399,5438,Sandip Ramchandra Pawar,Palus,153,Khatav,0.28,8.72,0.25,0.58,263.42,19.17,313.60,14.74,1.22,1.31,1.96,13.70,5.94
4400,5439,Adhik Dattu More,Palus,2709,Palus,0.40,8.15,0.19,0.33,150.53,24.96,313.60,8.94,0.34,1.18,1.60,2.58,1.24
4401,5440,Akash  Ravso Patil,Palus,2823,Palus,0.40,8.16,0.16,0.28,163.07,25.41,280.00,6.98,0.40,1.27,0.54,4.26,1.78
4402,5441,Amol  Bhanudas Devale,Palus,150,Palus,0.40,8.37,0.11,0.33,213.25,24.96,336.00,7.20,0.44,1.39,0.64,4.54,2.18
4403,5442,Anandai Nivruti Buchade,Palus,2607,Palus,0.40,8.47,0.18,0.49,150.53,15.60,291.20,11.34,0.28,1.39,0.48,1.64,1.38
4404,5443,Anandi Yashvant Pawar,Palus,813,Palus,0.40,8.39,0.15,0.49,137.98,19.61,246.40,7.63,0.30,1.39,0.36,2.92,1.72
4405,5444,Anandraw Rawsaheb Ghorpade,Palus,2807,Palus,0.40,8.25,0.19,0.35,213.25,28.97,201.60,8.16,0.48,1.42,0.36,4.62,2.00
4406,5445,Anil  Shankar Kamble,Palus,610,Palus,0.40,8.35,0.11,0.42,163.07,13.82,336.00,10.25,0.20,1.29,0.40,2.40,1.50
4407,5446,Arun Dnyandev Nikam,Palus,1325,Palus,0.40,8.27,0.11,0.83,213.25,20.06,358.40,14.79,0.52,1.17,0.26,5.20,1.52
4408,5447,Arun Shankar More,Palus,345,Palus,0.40,8.39,0.26,0.50,150.53,19.61,414.40,5.71,0.84,1.27,0.28,8.84,1.96
4409,5448,Ashok Akaram Pawar,Palus,1142,Palus,0.40,8.19,0.25,0.89,150.53,18.72,459.20,11.56,1.40,1.39,0.24,8.44,1.80
4410,5449,Ashok Vishnu Gondil,Palus,3010,Palus,0.40,8.13,0.22,0.92,175.62,24.52,212.80,15.57,1.04,1.29,0.28,8.64,1.82
4411,5450,Avinash Prakash Shinde,Palus,267,Palus,0.40,8.20,0.14,0.42,137.98,15.60,257.60,7.72,0.70,1.30,0.28,5.62,1.30
4412,5451,Baburao Rama Sitape,Palus,1452,Palus,0.40,8.39,0.17,0.49,213.25,15.60,492.80,15.05,0.46,1.34,0.36,3.60,1.96
4413,5452,Baburaw Sadu Shinde,Palus,953,Palus,0.40,8.36,0.23,0.79,200.70,33.43,347.20,11.52,0.82,1.18,0.24,7.52,1.84
4414,5453,Balaso  Shankar  Patil,Palus,2911,Palus,0.40,8.36,0.25,0.50,150.53,25.41,302.40,15.05,0.92,1.43,0.40,8.14,2.22
4415,5454,Balkrishn Baburaw Pujari,Palus,1008,Palus,0.40,8.05,0.30,0.49,188.16,28.97,280.00,11.95,0.90,1.34,0.34,7.48,1.66
4416,5455,Bhanudas Dattu Gondil,Palus,3017,Palus,0.40,8.27,0.23,0.89,112.90,37.89,436.80,9.33,0.32,1.44,0.42,9.66,1.74
4417,5456,Bharat  Babanraw Gondil,Palus,2488,Palus,0.40,8.30,0.25,0.71,188.16,29.87,403.20,14.61,0.96,1.18,0.22,9.20,1.78
4418,5457,Bhaskar Bhimrao Sisal,Palus,932,Palus,0.40,8.24,0.13,0.49,163.07,33.88,347.20,15.05,0.66,0.88,0.38,0.56,1.84
4419,5458,Chandrcant  Ganpati  Mohite,Palus,837,Palus,0.40,8.51,0.29,0.47,188.16,37.89,302.40,8.94,0.40,0.78,0.34,4.30,2.24
4420,5459,Damodar  Laxman  Mali,Palus,1474,Palus,0.40,8.34,0.25,0.44,163.07,16.49,280.00,11.52,0.90,0.89,0.52,4.50,1.92
4421,5460,Dattatray  Mahadev Mali,Palus,1645,Palus,0.40,8.16,0.17,0.79,275.97,19.61,246.40,10.47,1.20,0.83,0.24,9.76,1.78
4422,5461,Dattatry Laxman  Kashida,Palus,846,Palus,0.40,8.28,0.45,0.75,213.25,22.29,224.00,10.25,0.62,1.44,0.54,6.78,1.78
4423,5462,Dhanaji  Natha Patil,Palus,2923,Palus,0.40,8.31,0.57,0.49,225.79,24.52,201.60,14.39,1.08,1.50,0.70,12.46,2.84
4424,5463,Dhondiram Dattu Yesugade,Palus,1999,Palus,0.40,8.18,0.26,0.35,163.07,16.94,179.20,13.52,0.30,1.55,0.84,4.88,1.34
4425,5464,Dipak Ganpati More,Palus,34,Palus,0.40,8.61,0.16,0.29,200.70,24.96,212.80,7.94,0.98,1.60,1.04,13.50,2.22
4426,5465,Govind Dnyanu Mali,Palus,2692,Palus,0.40,8.24,0.32,0.35,213.25,11.14,257.60,10.25,0.50,1.38,1.26,6.60,2.12
4427,5466,Gundaji Nivrutti Ghare,Palus,3055,Palus,0.40,8.26,0.21,0.50,175.62,13.37,459.20,8.59,1.12,1.00,0.94,10.90,2.08
4428,5467,Hanmant  Tukaram Pudale,Palus,702,Palus,0.40,8.05,0.26,0.50,150.53,23.18,414.40,9.42,0.84,1.17,0.80,7.02,2.42
4429,5468,Hanmant Shidhu Bhosale,Palus,869,Palus,0.40,8.25,0.19,0.36,163.07,27.19,448.00,6.94,1.26,1.35,1.04,11.10,2.34
4430,5469,Hari  Ishwara  Surywanshi,Palus,234,Palus,0.40,8.01,0.14,0.43,338.69,21.40,291.20,8.16,0.26,1.40,0.92,2.36,1.18
4431,5470,Hindu Bhanudas Mali,Palus,1121,Palus,0.40,8.52,0.25,0.82,225.79,22.73,336.00,9.07,0.46,1.48,0.98,3.76,1.48
4432,5471,Jalindar Pandurang Patil,Palus,344,Palus,0.40,8.32,0.37,0.51,238.34,15.60,313.60,7.20,0.20,1.32,1.22,11.52,2.14
4433,5472,Jaysing  Pandurang  Karande,Palus,2316,Palus,0.40,8.51,0.57,0.85,225.79,15.60,392.00,10.47,0.24,1.22,1.16,11.24,2.42
4434,5473,Kamal  Laxman Gurav,Palus,144,Palus,0.40,8.34,0.25,0.82,188.16,11.14,369.60,7.42,0.34,1.22,1.30,14.06,2.66
4435,5474,Kiran Sampat Chavan,Palus,1494,Palus,0.40,8.12,0.35,0.43,225.79,20.95,268.80,10.25,0.36,1.11,1.36,9.98,2.32
4436,5475,Madukar Shantaram Dhamal,Palus,143/1,Palus,0.40,8.05,0.17,0.42,200.70,23.18,246.40,6.50,0.24,1.47,1.34,9.92,2.60
4437,5476,Malan  Namdev  Mali,Palus,1121,Palus,0.40,8.36,0.12,0.79,175.62,19.17,470.40,10.21,0.20,1.39,1.28,7.92,2.46
4438,5477,Mohan  AAPPASO Patil,Palus,2912,Palus,0.40,8.44,0.27,0.50,238.34,15.16,302.40,8.24,1.18,1.23,1.36,9.52,2.08
4439,5478,Mohan Govind Koli,Palus,2657,Palus,0.40,8.25,0.22,0.49,263.42,20.95,280.00,6.76,0.72,1.39,0.98,9.14,1.96
4440,5479,Mohan Ramchandra  More,Palus,2644,Palus,0.40,8.20,0.17,0.49,112.90,12.48,224.00,9.42,0.94,1.47,0.80,10.50,1.46
4441,5480,Nandkumar Narayan Divate,Palus,62,Palus,0.40,8.12,0.25,0.44,238.34,15.60,347.20,7.85,0.48,1.11,1.28,6.40,0.54
4442,5481,Narayan  Balu Shinde,Palus,1504,Palus,0.40,8.08,0.34,0.43,238.34,16.94,425.60,7.50,0.64,1.22,1.18,7.78,2.52
4443,5482,Narayan  Yashwant Suryvanshi,Palus,2636,Palus,0.40,8.15,0.20,0.35,225.79,27.64,246.40,6.32,1.00,1.49,0.24,9.70,2.28
4444,5483,Nilesh Namdev Homkar,Palus,1468,Palus,0.40,8.17,0.33,0.43,388.86,18.72,212.80,7.42,1.44,1.26,0.80,11.50,2.30
4445,5484,Nivruti  Balu Mali,Palus,2629,Palus,0.40,8.02,0.34,0.47,250.88,14.71,201.60,9.42,0.26,1.10,0.52,3.36,1.36
4446,5485,Pandurang  Dattu  Suryvanshi,Palus,872,Palus,0.40,8.01,0.36,0.50,163.07,22.73,336.00,8.38,0.70,1.57,0.30,7.50,2.36
4447,5486,Pandurang Dagdu Gurav,Palus,144/6,Palus,0.40,8.15,0.12,0.49,225.79,23.63,403.20,7.68,0.22,1.48,0.22,3.42,1.50
4448,5487,Pandurang Shankar Nikam,Palus,1455,Palus,0.40,8.37,0.26,0.42,301.06,18.28,268.80,9.29,0.58,1.44,0.64,6.54,1.66
4449,5488,Prashaant  Bhagvan More,Palus,1681,Palus,0.40,8.55,0.22,0.33,200.70,15.60,425.60,7.15,1.02,1.28,0.78,9.71,2.26
4450,5489,Raghunath Ishwara More,Palus,1611,Palus,0.40,8.26,0.61,0.28,376.32,12.04,358.40,10.03,1.42,1.13,0.90,11.08,2.42
4451,5490,Rajaram Bhagvan Patil,Palus,2069,Palus,0.40,8.31,0.18,0.33,188.16,9.81,459.20,7.07,1.24,1.25,0.78,9.96,2.08
4452,5491,Ramchandr  Maruti Kumbhar,Palus,60,Palus,0.40,8.30,0.15,0.49,351.23,17.83,403.20,7.76,1.28,1.36,0.84,8.86,2.08
4453,5492,Ramchandr Khashaba Pawar,Palus,2764,Palus,0.40,8.71,0.17,0.49,326.14,25.41,336.00,8.85,1.62,1.44,0.44,12.26,2.52
4454,5493,Ramchandra Hindurao Shinde,Palus,871,Palus,0.40,8.48,0.31,0.35,326.14,16.05,324.80,10.25,0.92,1.28,0.26,7.30,1.94
4455,5494,Sachin  Nivrutti  Sisal,Palus,76,Palus,0.40,8.30,0.16,0.42,200.70,32.09,280.00,8.03,1.02,1.09,0.78,8.72,2.18
4456,5495,Sadashiv  Gunda Mali,Palus,2597,Palus,0.40,8.28,0.50,0.83,163.07,20.95,257.60,6.32,1.80,1.00,0.92,11.04,2.92
4457,5496,Sambhaji  Dattatray Patil,Palus,2130,Palus,0.40,8.33,0.17,0.50,175.62,14.26,224.00,10.34,1.68,1.44,0.96,12.30,2.32
4458,5497,Sandip Manohar Pudale,Palus,763,Palus,0.40,8.31,0.48,0.89,250.88,10.25,201.60,7.33,1.48,1.48,0.90,12.40,2.70
4459,5498,Sanjay  Shivaji Chavan,Palus,1279,Palus,0.40,8.55,0.23,0.92,238.34,15.16,380.80,8.90,1.60,1.34,1.04,11.50,2.20
4460,5499,Sanjay Ganpati Mali,Palus,1907,Palus,0.40,8.30,0.44,0.42,188.16,17.38,470.40,8.51,1.34,1.17,1.14,10.06,2.28
4461,5500,Sanjay. Pandurang  Pudale,Palus,1750,Palus,0.40,8.38,0.28,0.49,250.88,26.30,369.60,9.33,0.68,1.15,1.00,3.92,2.00
4462,5501,Satish  Balasaheb Pawar,Palus,777,Palus,0.40,8.06,0.21,0.47,188.16,26.75,403.20,10.03,1.20,1.31,1.22,11.46,1.88
4463,5502,Satish  Balkrushna Patil,Palus,369,Palus,0.40,8.21,0.18,0.44,225.79,15.16,302.40,8.38,1.32,0.98,1.08,7.52,2.60
4464,5503,Satish Gajanan Buchde,Palus,566,Palus,0.40,8.12,0.22,0.49,213.25,23.63,201.60,8.16,1.62,1.47,1.00,9.28,2.20
4465,5504,Satywan Shamraw Yevale,Palus,863,Palus,0.40,8.08,0.29,0.71,200.70,11.14,190.40,9.16,1.50,1.27,1.28,9.84,2.94
4466,5505,ShamraO Govind Chavan,Palus,1553,Palus,0.40,8.12,0.24,0.49,275.97,9.81,235.20,7.24,0.80,1.17,1.32,7.08,1.36
4467,5506,Shamraw  Ananda Phadtare,Palus,1523,Palus,0.40,8.03,0.33,0.50,188.16,26.30,392.00,6.98,1.40,1.49,0.58,13.94,2.62
4468,5507,Shamraw Ravso Ghorpade,Palus,2807,Palus,0.40,8.23,0.18,0.72,188.16,19.17,336.00,7.63,1.00,1.30,0.70,10.12,2.00
4469,5508,Shankar Babu  Jadhav,Palus,343,Palus,0.40,8.29,0.10,0.49,301.06,12.93,492.80,8.55,1.96,1.19,0.94,15.98,2.82
4470,5509,Shankar Taayaappa  Suryawanshi,Palus,2614,Palus,0.40,8.27,0.10,0.33,175.62,26.30,425.60,9.25,1.44,1.36,0.46,9.52,2.80
4471,5510,Shashikant  Bhagvan  Patil,Palus,2958,Palus,0.40,8.10,0.25,0.28,200.70,19.61,347.20,10.16,1.20,1.42,0.64,7.12,2.16
4472,5511,Shashikant  Ramchandr  Nikam,Palus,1458,Palus,0.40,8.13,0.29,0.38,188.16,11.14,313.60,7.42,0.94,1.27,0.32,6.32,2.40
4473,5512,Shivaji  Bhiva Maragje,Palus,145/16,Palus,0.40,8.17,0.22,0.32,225.79,20.06,280.00,10.69,1.48,1.10,0.74,11.76,2.04
4474,5513,Shivaji  Ramchandra  Pawar,Palus,792,Palus,0.40,8.30,0.15,0.38,275.97,16.94,324.80,7.98,0.96,1.18,0.54,6.70,1.84
4475,5514,Shivaji Akaram More,Palus,1005,Palus,0.40,8.15,0.28,0.49,225.79,24.52,380.80,6.41,1.14,1.46,0.80,9.20,1.94
4476,5515,Shivaji Bhagavan Damame,Palus,2081,Palus,0.40,8.18,0.27,0.43,200.70,15.16,459.20,7.98,1.36,1.21,0.64,9.32,2.08
4477,5516,Shrikant  Laxman Mali,Palus,1243,Palus,0.40,8.28,0.12,0.46,238.34,31.20,403.20,7.20,0.58,1.18,0.36,4.70,1.70
4478,5517,Shrirang Chandru Mane,Palus,796,Palus,0.40,8.08,0.25,0.51,175.62,20.06,470.40,9.16,0.98,1.31,0.74,9.46,1.92
4479,5518,Sopan Mahadev Shinde,Palus,951,Palus,0.40,8.48,0.10,0.47,200.70,13.37,324.80,9.64,1.34,1.09,0.54,10.24,1.12
4480,5519,Sunil Narayan Patil,Palus,1299,Palus,0.40,8.34,0.12,0.49,188.16,9.36,392.00,13.30,0.30,1.32,0.50,9.12,1.54
4481,5520,Suresh Ganpati Mali,Palus,1907,Palus,0.40,8.17,0.15,0.42,225.79,14.26,246.40,11.47,0.64,1.16,0.48,8.52,1.34
4482,5521,Tukaram  Tatoba Mali,Palus,2628,Palus,0.40,8.27,0.13,0.50,175.62,16.49,224.00,8.64,0.72,1.06,0.30,8.58,0.86
4483,5522,Tushar  Arun  Mali,Palus,173,Palus,0.40,8.41,0.10,0.43,200.70,9.81,268.80,7.81,1.42,0.77,0.66,8.94,2.06
4484,5523,Uttam  Baburaw Pawar,Palus,1139,Palus,0.40,8.17,0.25,0.47,225.79,20.50,313.60,6.76,0.26,0.95,0.22,5.42,0.74
4485,5524,Vaishali Krushna Kulkarni,Palus,0.40,Palus,0.40,8.44,0.10,0.28,225.79,17.83,347.20,6.02,0.62,1.22,0.34,6.70,1.06
4486,5525,Vasant  Dhondi  Pawar,Palus,1067,Palus,0.40,8.30,0.13,0.33,275.97,25.41,425.60,8.11,0.84,1.09,0.62,5.38,1.28
4487,5526,Vasant Vitthal Patil,Palus,2164,Palus,0.40,8.20,0.13,0.49,301.06,16.05,492.80,9.47,0.82,1.00,0.32,6.60,1.14
4488,5527,Vilas  Babu Mali,Palus,1707,Palus,0.40,8.21,0.19,0.35,200.70,30.31,403.20,8.90,0.48,1.01,0.68,5.12,0.62
4489,5528,Vilas Gopal  Pudale,Palus,758,Palus,0.40,8.26,0.12,0.83,200.70,26.30,459.20,8.29,0.38,0.89,0.34,4.98,0.54
4490,5529,Vilas Sagar Naykvadi,Palus,2019,Palus,0.40,8.37,0.10,0.50,150.53,18.72,358.40,7.72,0.40,1.11,0.36,4.50,0.50
4491,5530,Yogesh  Tanaji Dalvi,Palus,1559,Palus,0.40,8.15,0.25,0.35,213.25,19.61,324.80,7.15,0.88,1.13,0.24,6.72,1.54
4492,6451,Sambhaji Namdev Shelake,Shirala,56,Punavat,0.40,8.01,0.26,0.74,200.70,22.73,268.80,6.63,1.08,0.98,5.90,7.40,3.74
4493,6452,Namdev Shankar Mane,Shirala,149,Punavat,0.60,7.72,0.22,0.63,188.16,33.43,313.60,7.33,0.72,1.15,8.06,12.26,4.04
4494,6453,Dattatrya Shankar Mane,Shirala,167,Punavat,0.20,7.52,0.18,0.90,213.25,24.52,347.20,8.03,0.84,0.60,19.34,35.82,4.32
4495,6454,Jyotiram Shamrao Mane,Shirala,28/2,Punavat,0.11,7.54,0.11,0.69,225.79,15.60,268.80,7.63,0.44,1.15,8.54,12.98,3.70
4496,6455,Dilip Kashinath Patil,Shirala,105,Punavat,0.20,7.36,0.21,0.81,200.70,31.20,291.20,8.11,0.64,1.08,10.90,17.52,3.88
4497,6456,Ashok Shankar Mane,Shirala,247,Punavat,0.30,6.58,0.21,0.63,175.62,29.87,235.20,8.59,1.06,1.00,22.48,38.36,5.02
4498,6457,Raghunath Aaba Patil,Shirala,101,Punavat,0.40,7.60,0.18,0.88,200.70,28.97,212.80,5.63,0.34,1.49,6.12,8.18,3.14
4499,6458,Aananda Dyanu Patil,Shirala,161,Punavat,0.30,7.78,0.24,0.63,225.79,26.75,313.60,7.20,0.66,1.47,4.08,5.28,2.98
4500,6459,Sadashiv Shankar Andalkar,Shirala,149,Punavat,0.40,7.44,0.11,0.79,213.25,26.75,291.20,8.11,0.44,1.23,7.10,12.58,4.34
4501,6460,Ananda Sakharam Jadhav,Shirala,167,Punavat,0.20,7.58,0.19,0.76,200.70,28.53,246.40,7.42,0.78,1.50,6.16,9.42,3.62
4502,6461,Dipak Rajaram Kambale,Shirala,149,Punavat,0.20,7.35,0.25,0.92,188.16,18.28,235.20,8.38,0.88,1.00,6.12,20.36,2.82
4503,6462,Tanaji Baburao Mane,Shirala,170,Punavat,0.25,7.89,0.23,0.63,225.79,29.87,324.80,8.20,0.80,1.25,3.68,5.48,2.42
4504,6463,Amar Bhanudas Mane,Shirala,149,Punavat,0.40,7.50,0.10,0.79,188.16,19.61,336.00,7.46,0.32,1.56,5.90,12.44,4.42
4505,6464,Biru Savala Ambare,Shirala,101,Punavat,0.35,7.35,0.22,0.81,200.70,15.60,246.40,8.51,0.68,1.05,10.84,20.12,3.04
4506,6465,Bhagavan Namdev Shelake,Shirala,202,Punavat,0.30,7.39,0.12,0.78,213.25,22.29,313.60,7.85,0.28,1.01,6.42,12.36,3.60
4507,6466,Babaso Pandurang Warekar,Shirala,64,Punavat,0.20,7.82,0.23,0.90,200.70,24.07,302.40,6.72,0.58,1.34,4.84,6.08,3.00
4508,6467,Vishanu Namdev Patil,Shirala,116,Punavat,0.40,7.84,0.25,0.89,188.16,28.97,280.00,7.72,0.60,1.25,8.14,5.54,2.68
4509,6468,Krishna Dadu Jadhav,Shirala,117,Punavat,0.40,7.81,0.21,0.85,200.70,31.20,369.60,7.76,0.54,1.12,16.50,6.28,3.00
4510,6469,Sarjerav Mahadev Jadhav,Shirala,92,Punavat,0.58,6.56,0.19,0.82,213.25,28.97,347.20,8.24,0.84,1.04,3.30,38.18,4.52
4511,6470,Dnyandev Gopala Khavare,Shirala,88/1,Punavat,0.08,6.74,0.14,0.83,213.25,27.64,268.80,5.45,0.36,1.56,20.72,24.22,2.80
4512,6471,Ashok Shripati Khot,Shirala,102/19,Punavat,0.15,6.53,0.19,0.69,200.70,27.19,313.60,10.56,0.70,1.46,3.54,35.16,4.62
4513,6472,Akaram Tukaram Khot,Shirala,75/3,Punavat,0.15,6.70,0.22,0.86,225.79,32.09,324.80,7.24,0.50,1.49,15.28,26.72,5.14
4514,6473,Shivaji Tukaram Jadhav,Shirala,170/3,Punavat,0.22,7.30,0.11,0.82,225.79,31.20,336.00,7.81,0.82,1.01,7.98,12.94,4.16
4515,6474,Bajarang Maruti Khot,Shirala,100/1,Punavat,0.50,6.58,0.20,0.89,200.70,28.97,347.20,10.56,0.42,0.98,7.78,29.28,2.62
4516,6475,Ganapati Shankar Jadhav,Shirala,117,Punavat,0.40,6.55,0.17,0.67,188.16,23.18,358.40,8.11,0.38,1.41,23.76,39.02,6.06
4517,6476,Ganapati Dnyanu Patil,Shirala,178,Punavat,0.10,6.78,0.26,0.67,213.25,20.50,235.20,7.94,0.34,1.36,16.30,34.92,3.80
4518,6477,Krishana Shripati Shelake,Shirala,12,Punavat,0.04,6.52,0.18,0.86,175.62,21.84,257.60,7.55,0.26,1.39,22.24,37.88,5.00
4519,6478,Jalinder Shripati Shelake,Shirala,123/3,Punavat,0.27,7.35,0.17,0.90,163.07,19.61,291.20,9.16,0.94,1.10,7.22,12.42,3.98
4520,6479,Shamrao Shankar Bhole,Shirala,247/2,Punavat,0.17,7.33,0.11,0.69,200.70,25.41,268.80,10.25,0.78,0.98,11.02,12.24,3.72
4521,6480,Sunita Kashinath Patil,Shirala,10/7,Punavat,0.40,7.41,0.12,0.64,213.25,23.63,302.40,7.85,0.90,1.15,6.66,12.24,4.10
4522,6481,Rajlaxmi Anandrao Jadhav,Shirala,51,Punavat,0.40,6.53,0.19,0.65,200.70,25.85,313.60,7.24,0.36,1.15,18.06,24.42,2.44
4523,6482,Mirabai Namdev Jadhav,Shirala,123,Punavat,0.30,6.55,0.18,0.65,188.16,21.84,246.40,11.21,0.24,0.98,44.40,33.74,5.14
4524,6483,Narayan Pandurang Kopardekar,Shirala,102,Punavat,0.15,6.60,0.27,0.81,200.70,27.19,291.20,7.07,0.22,1.50,20.60,33.48,8.42
4525,6484,Pandurang Nana Khavare,Shirala,85/1,Punavat,0.08,6.52,0.20,0.89,200.70,23.18,224.00,9.64,0.38,0.98,38.44,37.10,4.68
4526,6485,Balu Mahadev Khavare,Shirala,75,Punavat,15.00,6.63,0.15,0.63,213.25,22.29,212.80,9.29,0.62,1.15,16.22,28.12,6.92
4527,6486,bhagvan Namdeo Patil,Shirala,10/9,Punavat,0.22,6.60,0.20,0.79,225.79,21.84,347.20,7.72,0.74,0.60,7.14,37.92,3.84
4528,6487,Vishanu Yashwant Shelake,Shirala,115,Punavat,0.16,7.52,0.19,0.81,188.16,23.18,369.60,8.20,0.80,1.11,5.16,7.44,2.80
4529,6488,Harishchandra Yashvant Khavare,Shirala,102,Punavat,0.52,7.64,0.25,0.76,238.34,21.40,246.40,11.56,1.06,1.08,7.82,5.70,2.52
4530,6489,Chandrabhaga Akaram Shelke,Shirala,22,Punavat,0.11,7.38,0.11,0.69,75.26,27.19,268.80,11.21,0.86,1.00,19.88,12.46,3.16
4531,6490,Maruti Kushaba Kadam,Shirala,119,Punavat,0.40,7.47,0.11,0.88,225.79,28.08,291.20,8.64,0.34,1.49,15.26,11.82,3.06
4532,6491,Raghunath Aaba Patil,Shirala,21,Punavat,0.40,6.56,0.20,0.90,200.70,25.85,347.20,10.69,0.42,1.47,9.02,27.08,3.70
4533,6492,Sarjerav Mahipati Khavare,Shirala,84,Punavat,0.42,6.97,0.19,0.79,175.62,21.40,403.20,7.42,0.28,1.23,6.88,18.90,5.06
4534,6493,Raghunath Raysing Shelake,Shirala,94,Punavat,0.32,7.29,0.17,0.76,200.70,27.19,268.80,8.16,0.30,1.50,16.30,10.04,2.82
4535,6494,Vasant Shamrao Khot,Shirala,58/7,Punavat,0.31,7.34,0.12,0.94,213.25,21.40,235.20,8.99,0.66,1.50,9.16,10.76,3.18
4536,6495,Vinayak Akaram Khot,Shirala,104/1,Punavat,0.15,6.58,0.18,0.78,200.70,17.83,436.80,8.29,0.32,1.25,20.04,33.04,4.44
4537,6496,Sachin Akaram Khot,Shirala,104,Punavat,0.20,7.42,0.16,0.76,150.53,22.73,224.00,9.90,0.26,1.06,5.44,11.28,2.82
4538,6497,Satyawan Shamrap Khavare,Shirala,80,Punavat,0.50,6.57,0.18,0.75,175.62,24.07,268.80,8.11,0.52,1.05,6.92,31.64,2.89
4539,6498,Sudam Dagdu Khot,Shirala,84,Punavat,0.20,7.56,0.20,0.85,213.25,17.83,134.40,9.81,0.28,1.01,3.48,6.74,2.02
4540,6499,Sangram Baburao Shelake,Shirala,323,Punavat,0.07,7.48,0.18,0.69,225.79,30.76,235.20,8.38,0.26,1.34,6.28,7.98,2.30
4541,6500,Hariram Gunda Khavare,Shirala,44,Punavat,0.22,7.06,0.32,0.82,200.70,22.29,324.80,11.34,0.82,1.25,12.40,30.48,2.88
4542,6501,Babaso Yashwanth Shealake,Shirala,115/1,Punavat,0.15,7.53,0.17,0.74,188.16,25.41,246.40,13.30,0.38,1.12,4.64,7.86,2.10
4543,6502,Vishanu Yashvant Shealke,Shirala,115/2,Punavat,0.79,7.45,0.11,0.86,137.98,20.06,358.40,11.52,0.30,1.08,5.18,10.28,3.10
4544,6503,Vishvaraj Prakash Patil,Shirala,115/3,Punavat,0.15,7.42,0.11,0.81,188.16,28.53,380.80,11.12,0.38,1.10,6.78,10.48,2.98
4545,6504,Ananda Vithal Shelke,Shirala,23,Punavat,0.21,6.60,0.21,0.61,213.25,22.73,291.20,7.68,0.84,1.06,15.64,33.40,5.34
4546,6505,Sahadev Ganapati Khot,Shirala,86/1,Punavat,0.22,7.32,0.11,0.78,188.16,23.63,313.60,14.39,0.30,1.11,5.78,9.14,3.76
4547,6506,Sneha Balkrishna Mane,Shirala,149,Punavat,0.41,7.01,0.29,0.82,225.79,27.64,235.20,12.04,0.46,1.00,10.76,29.98,4.38
4548,6507,Rohit Raghunath Khavare,Shirala,102/19,Punavat,0.20,7.42,0.10,0.79,213.25,26.75,291.20,9.12,0.24,1.05,2.86,5.52,2.56
4549,6508,Malan Baburav Shelke,Shirala,124/2,Punavat,0.40,7.96,0.23,0.65,213.25,29.42,246.40,8.11,0.52,1.00,2.48,4.06,2.68
4550,6509,Babaso Narayan Patil,Shirala,82,Punavat,0.07,6.74,0.16,0.81,188.16,23.18,235.20,10.08,0.56,0.71,13.22,32.46,4.90
4551,6510,Shamrav Bhiva Khavare,Shirala,102/20,Punavat,0.21,7.33,0.20,0.78,213.25,22.73,313.60,11.25,0.28,1.11,7.54,12.42,4.16
4552,6511,Sandip Pandurang Jadhav,Shirala,151,Punavat,0.79,7.60,0.24,0.76,225.79,19.17,324.80,8.99,0.52,1.23,6.96,11.30,3.76
4553,6512,Ganpati Namdev Shelke,Shirala,93,Punavat,0.50,7.45,0.21,0.63,200.70,22.29,358.40,8.03,0.62,1.46,18.00,20.24,5.32
4554,6513,Ashok Waman Shelke,Shirala,93,Punavat,0.48,7.49,0.14,0.81,213.25,24.07,369.60,9.16,0.66,1.12,16.80,29.54,5.38
4555,6514,Amol Bhimrav Nikam,Shirala,150/4,Punavat,0.18,7.69,0.24,0.69,175.62,20.06,380.80,8.29,0.32,1.02,4.18,7.98,3.86
4556,6515,Mahadev Bajarang Shelke,Shirala,93,Punavat,0.20,7.49,0.10,0.82,163.07,25.41,291.20,9.25,0.28,1.09,4.80,10.02,3.90
4557,6516,Raghunath Sadhu Bhole,Shirala,93,Punavat,0.58,7.19,0.26,0.85,175.62,22.73,302.40,8.51,0.50,1.03,11.02,25.96,4.60
4558,6517,Namdev Shankar Patil,Shirala,116,Punavat,0.32,6.58,0.21,0.69,200.70,23.63,246.40,9.29,0.74,1.46,4.16,37.42,5.74
4559,6518,Ananda Bhavan Hetambe,Shirala,183,Punavat,0.50,6.56,0.22,0.90,213.25,22.29,201.60,11.12,0.70,1.49,15.64,35.38,4.70
4560,6519,Vilas Baburav Patil,Shirala,11,Punavat,0.28,7.35,0.15,0.76,188.16,24.07,257.60,7.81,0.36,1.01,6.50,13.62,4.60
4561,6520,Bapu Krishna Hetambe,Shirala,121,Punavat,0.15,7.38,0.10,0.64,137.98,19.61,358.40,10.34,0.26,0.97,5.84,11.30,4.10
4562,6521,Shankar Shripati Khot,Shirala,221/1,Punavat,0.15,6.71,0.28,0.79,200.70,17.83,369.60,9.16,0.64,1.00,12.04,29.08,4.60
4563,6522,Anandrao Gopala Khavare,Shirala,75,Punavat,0.08,6.86,0.12,0.63,188.16,21.84,291.20,9.51,0.46,1.49,16.62,29.02,5.80
4564,6523,Shivaji Shripati Khot,Shirala,221/2,Punavat,0.15,7.10,0.32,0.65,163.07,24.96,212.80,7.85,0.54,1.27,11.52,23.30,4.86
4565,6524,Mahadev Ganapati Khot,Shirala,95/1,Punavat,0.14,6.83,0.10,0.85,175.62,22.73,235.20,9.42,0.30,1.35,8.18,20.60,4.86
4566,6525,Raghunath Mahipati Khavare,Shirala,75,Punavat,0.10,7.83,0.23,0.89,125.44,24.07,268.80,10.38,0.60,1.70,3.88,5.92,2.16
4567,6526,Maruti Ramchandra Khot,Shirala,99/5,Punavat,0.10,6.99,0.14,0.78,225.79,20.95,313.60,9.90,0.24,1.39,5.46,20.08,2.96
4568,6527,Suvarana Baburao Khavare,Shirala,65/2,Punavat,0.08,7.73,0.27,0.74,200.70,20.06,336.00,8.29,0.72,1.23,3.88,6.48,3.32
4569,6528,Rajaram Tukaram Khavare,Shirala,102/13,Punavat,0.10,7.28,0.30,0.71,163.07,26.75,358.40,9.55,0.42,1.45,5.46,12.14,3.62
4570,6529,Ramchandra Gopala Khavare,Shirala,65/2,Punavat,0.08,7.83,0.32,0.74,213.25,24.07,280.00,11.43,0.88,1.41,3.88,4.66,3.42
4571,6530,Babaso Shankar Gaykawad,Shirala,73/10,Punavat,0.08,7.01,0.37,0.71,175.62,21.40,313.60,10.47,1.08,1.03,6.22,26.98,5.74
4572,6531,Laxman Gopala Khot,Shirala,65/2,Punavat,0.08,7.68,0.31,0.79,188.16,23.18,212.80,10.25,0.42,1.03,2.02,5.92,3.66
4573,6532,Rajaram Dyanu Khavare,Shirala,78/3,Punavat,0.05,6.77,0.19,0.81,200.70,17.83,235.20,9.60,0.30,1.51,18.06,22.22,4.42
4574,6533,Vijay Tukaram Khavare,Shirala,103,Punavat,0.09,7.25,0.25,0.76,213.25,23.18,257.60,9.47,0.48,1.25,3.08,11.90,4.66
4575,6534,Dyandev Dagadu Khot,Shirala,85/2,Punavat,0.09,7.54,0.26,0.69,175.62,18.72,268.80,8.38,0.76,1.32,12.62,9.54,4.80
4576,6535,Sudam Dagadu Khot,Shirala,75,Punavat,0.09,7.13,0.16,0.85,188.16,16.05,257.60,8.94,0.62,1.27,8.74,20.68,4.02
4577,6536,Mansing Sarjerav Mane,Shirala,78/2,Punavat,0.10,6.78,0.13,0.86,175.62,17.38,392.00,8.55,0.68,1.52,8.16,26.10,3.90
4578,6537,Harubai Baburao Jadhav,Shirala,224/1,Punavat,0.16,6.86,0.22,0.79,200.70,20.95,302.40,6.50,0.50,1.15,10.34,18.20,3.88
4579,6538,Somanath Jaysing Mane,Shirala,188/13,Punavat,0.44,7.34,0.12,0.76,213.25,23.18,291.20,9.16,0.36,1.06,10.94,7.82,4.26
4580,6539,Anusaya Jaysing Mane,Shirala,39/2,Punavat,0.44,7.24,0.30,0.64,163.07,24.96,347.20,7.81,1.36,1.01,9.94,10.00,4.06
4581,6540,Arvind Pandurang Sutar,Shirala,251/2,Punavat,0.35,6.62,0.23,0.60,150.53,24.52,324.80,9.38,0.64,1.00,5.64,18.76,4.56
4582,6541,Bajirao Sadashiv Jadhav,Shirala,188/2,Punavat,0.50,6.64,0.22,0.56,175.62,22.29,336.00,10.03,0.70,1.10,10.40,18.60,3.82
4583,6542,Vijay Nathuram Patil,Shirala,143/4,Punavat,0.80,6.59,0.19,0.68,200.70,18.72,212.80,9.42,0.84,1.11,16.48,35.40,4.12
4584,6543,Kasabai Vijay Nayakawadi,Shirala,177,Charan,0.25,6.92,0.14,0.49,188.16,24.52,168.0,10.25,2.56,0.82,65.74,41.96,8.38
4585,6544,Shankar Shamrao Nayakawadi,Shirala,181,Charan,0.18,6.80,0.18,0.53,263.42,13.37,201.6,8.07,1.74,0.68,44.46,38.84,5.14
4586,6545,Babarama Appa Waghmare,Shirala,178,Charan,0.22,6.58,0.10,0.90,225.79,26.75,246.4,8.94,2.24,0.87,86.70,42.32,7.76
4587,6546,Nagnath Babu Nayakawadi,Shirala,110/3,Charan,0.28,7.17,0.16,0.83,163.07,14.71,224.0,5.54,1.46,0.92,28.30,31.64,6.54
4588,6547,Deepak Hindurao Patil,Shirala,92,Charan,0.23,6.72,0.14,0.93,150.53,27.19,168.0,5.19,1.62,0.88,51.12,36.22,6.54
4589,6548,Dagadu Chand Nayakawadi,Shirala,231,Charan,0.23,7.44,0.13,0.49,163.07,29.87,235.2,6.32,0.98,0.84,18.02,22.72,4.82
4590,6549,Tanaji Gyanu Patil,Shirala,86,Charan,0.25,7.19,0.16,0.90,137.98,20.06,156.8,5.89,1.30,0.78,30.70,29.88,5.70
4591,6550,Tatoba Mahadev Kolse,Shirala,209,Charan,0.12,6.87,0.27,0.43,137.98,21.40,257.6,5.45,2.30,0.89,54.94,35.10,6.76
4592,6551,Jayashri Suresh Zhade,Shirala,155,Charan,0.25,6.97,0.10,0.49,200.70,8.92,212.8,6.11,1.44,0.83,74.08,41.10,8.36
4593,6552,Alisha Bapu Nayakawadi,Shirala,312,Charan,0.58,6.77,0.15,0.90,213.25,12.48,145.6,7.68,1.60,1.32,42.06,38.44,4.86
4594,6553,Jamila Sikandar Patil,Shirala,115,Charan,0.12,6.87,0.11,0.88,225.79,20.06,212.8,4.58,2.46,1.30,79.34,43.92,7.48
4595,6554,Chhaya Baburao Patil,Shirala,19,Charan,0.22,6.88,0.10,0.90,163.07,13.37,168.0,6.41,2.72,0.87,88.98,42.74,7.88
4596,6555,Chandru Rama Nerlekar,Shirala,154,Charan,0.23,6.69,0.15,0.85,163.07,14.26,257.6,5.15,0.68,1.28,20.56,41.90,8.64
4597,6556,Gangubai Shankar Patil,Shirala,344,Charan,0.25,6.86,0.20,0.83,213.25,22.73,212.8,5.32,2.70,1.34,60.74,22.18,3.90
4598,6557,Gulab Bapu Nayakawadi,Shirala,141,Charan,0.1,7.49,0.10,0.90,200.70,18.28,224.0,13.30,0.98,1.38,17.44,21.80,5.38
4599,6558,Ganpati Bapu Chormare,Shirala,177,Charan,0.25,7.55,0.12,0.69,225.79,9.36,212.8,5.19,0.90,1.24,17.68,24.70,4.36
4600,6559,Kamal Ananda Patil,Shirala,213,Charan,0.25,7.34,0.13,0.72,213.25,28.97,201.6,7.33,1.36,0.77,39.80,22.34,3.28
4601,6560,Uttam Keshav Kamble,Shirala,113,Charan,0.25,7.68,0.11,0.78,150.53,10.70,168.0,6.37,0.74,1.29,12.52,21.34,7.50
4602,6561,Indubai Ananda Dubal,Shirala,242,Charan,0.25,7.19,0.12,0.71,213.25,12.04,268.8,18.97,0.98,1.28,26.66,18.78,4.70
4603,6562,Ananda Babu Lohar,Shirala,41,Charan,0.22,6.88,0.22,0.67,213.25,12.04,190.4,6.06,1.56,1.18,36.96,32.54,5.72
4604,6563,Asrabi Ilahi Jamadar,Shirala,48,Charan,0.25,7.17,0.12,0.79,213.25,8.92,291.2,8.07,1.06,1.11,27.84,32.76,4.52
4605,6564,Akshay Dhondiba Nayakawadi,Shirala,19,Charan,0.15,7.10,0.14,0.82,163.07,11.14,246.4,7.72,2.68,1.20,47.62,33.04,6.92
4606,6565,Tanaji Balku Nalugade,Shirala,19,Charan,0.21,6.92,0.22,0.72,137.98,24.07,280.0,6.98,1.28,1.22,29.96,31.92,4.02
4607,6566,Shankar Bhau Nayakawadi,Shirala,217,Charan,0.25,6.91,0.17,0.67,188.16,29.87,168.0,5.98,0.62,1.08,12.76,42.18,1.88
4608,6567,Rajaram Rau Nayakawadi,Shirala,52,Charan,0.22,6.61,0.10,0.71,175.62,15.16,280.0,9.16,1.52,0.98,42.38,36.52,4.80
4609,6568,Namdev Yashwant Nayakawadi,Shirala,361,Charan,0.25,6.72,0.10,0.72,150.53,12.04,156.8,8.20,2.16,0.95,76.70,29.66,6.12
4610,6569,Nivruti Dadu Nayakawadi,Shirala,213,Charan,0.45,6.81,0.10,0.68,175.62,10.25,235.2,8.81,1.84,1.20,56.46,38.56,5.86
4611,6570,Pandurang Dadu Nayakawadi,Shirala,328,Charan,0.25,6.76,0.12,0.72,137.98,18.72,145.6,7.50,2.42,1.26,14.42,30.66,5.26
4612,6571,Prakash Chandar Gholap,Shirala,336,Charan,0.19,6.93,0.39,0.69,175.62,21.84,302.4,8.29,2.02,1.32,37.34,30.70,5.38
4613,6572,Prakash Madhukar Parit,Shirala,336,Charan,0.42,6.95,0.10,0.82,200.70,21.40,425.6,7.37,1.96,1.17,44.92,41.50,5.54
4614,6573,Rahima Gulab Mujawar,Shirala,161,Charan,0.22,6.92,0.15,0.74,200.70,25.85,212.8,7.72,1.58,1.23,41.02,41.40,5.36
4615,6574,Rajaram Sawala Babar,Shirala,357,Charan,0.2,6.81,0.30,0.69,150.53,16.49,268.8,6.76,1.04,1.34,48.66,40.76,5.42
4616,6575,Rajendraprasad Mohan Kulkarni,Shirala,335,Charan,0.25,6.77,0.18,0.78,200.70,28.97,369.6,6.50,1.68,1.27,37.86,42.14,6.60
4617,6576,Rajendra Tukaram Nayakawadi,Shirala,292,Charan,0.25,6.63,0.34,0.61,175.62,14.71,134.4,9.20,1.76,1.36,45.52,41.80,6.76
4618,6577,Rashida Wazir Nayakawadi,Shirala,358,Charan,0.17,6.98,0.10,0.67,163.07,28.97,156.8,8.55,0.52,1.27,12.02,42.02,6.44
4619,6578,Ratnappa Bapu Kumbhar,Shirala,361,Charan,0.12,7.42,0.13,0.72,137.98,30.76,347.2,7.50,0.98,1.19,33.54,41.62,4.24
4620,6579,Sadashiv Pandurang Kumbhar,Shirala,349,Charan,0.22,7.35,0.14,0.69,150.53,17.83,280.0,8.29,1.42,1.23,28.54,40.84,5.60
4621,6580,Satish Shankar Babar,Shirala,357,Charan,0.12,7.43,0.13,0.72,150.53,13.82,179.2,9.47,0.84,1.15,15.44,16.30,4.46
4622,6581,Shamrao Rau Kolse,Shirala,386,Charan,0.14,7.78,0.17,0.71,175.62,17.83,201.6,8.94,0.50,0.99,11.24,38.84,3.72
4623,6582,Sambhaji Shivram Karande,Shirala,230,Charan,0.22,7.23,0.17,0.74,150.53,24.07,235.2,7.76,0.28,1.05,19.56,27.08,4.40
4624,6583,Sanjay Balu Parit,Shirala,365,Charan,0.25,7.92,0.10,0.58,163.07,15.60,224.0,9.25,0.86,1.14,9.80,20.56,3.40
4625,6584,Sitabai Balu Waghmare,Shirala,185,Charan,0.15,7.37,0.13,0.51,213.25,33.43,313.6,10.25,1.28,0.97,20.16,30.14,5.92
4626,6585,Sultan Aziz Nayakawadi,Shirala,347,Charan,0.1,6.96,0.19,0.61,175.62,29.42,246.4,8.20,1.82,1.08,54.30,16.46,6.54
4627,6586,Shankar Dadu Shinde,Shirala,24,Charan,0.25,6.92,0.15,0.51,200.70,26.30,246.4,7.15,1.60,1.19,58.42,34.00,6.00
4628,6587,Sushila Vasant Lohar,Shirala,230,Charan,0.23,6.55,0.13,0.47,188.16,21.40,190.4,6.06,1.78,1.00,60.74,41.10,7.54
4629,6588,Najuddin Kasim Dange,Shirala,317,Charan,0.32,7.25,0.10,0.64,175.62,21.40,212.8,8.20,1.90,0.85,55.30,42.34,5.76
4630,6589,Tanaji Chandar Gholap,Shirala,328,Charan,0.56,6.51,0.14,0.53,150.53,25.41,168.0,8.85,1.96,0.92,41.64,42.90,4.84
4631,6590,Tukaram Namdev Nayakawadi,Shirala,250,Charan,0.14,7.41,0.10,0.60,175.62,18.28,336.0,9.47,1.50,0.89,52.28,35.16,7.38
4632,6591,Ujjwala Laxman Patil,Shirala,213,Charan,0.28,6.53,0.23,0.67,137.98,20.50,291.2,8.38,0.24,0.78,9.12,27.96,2.90
4633,6592,Vaishali Ramchandra Chorge,Shirala,268,Charan,0.25,7.32,0.11,0.61,175.62,18.72,235.2,7.24,0.70,1.08,21.26,42.36,4.82
4634,6593,Vasant Ishwara Nayakawadi,Shirala,308,Charan,0.45,7.79,0.13,0.68,150.53,20.95,212.8,7.76,0.42,1.25,11.02,15.16,3.86
4635,6594,Vasant Pandurang Nayakawadi,Shirala,194,Charan,0.25,7.00,0.18,0.65,163.07,24.52,257.6,9.16,0.26,1.17,9.30,33.18,3.40
4636,6595,Vilas Bandu Lohar,Shirala,230,Charan,0.5,6.93,0.32,0.75,137.98,16.05,201.6,8.11,0.56,1.07,18.38,20.50,4.48
4637,6596,Yuvraj Baburao Chavan,Shirala,71,Charan,0.36,6.77,0.48,0.82,213.25,19.61,224.0,9.47,0.52,0.88,23.42,18.56,3.26
4638,6597,Ismail Abbas Nayakawadi,Shirala,358,Charan,0.58,6.67,0.31,0.72,150.53,14.71,179.2,10.25,1.42,0.94,38.46,26.08,5.32
4639,6598,Balabai Ramchandra Kumbhar,Shirala,356,Charan,0.24,6.87,0.25,0.64,188.16,19.17,224.0,7.85,1.18,0.80,36.84,34.44,3.68
4640,6599,Bajrang Nivruti Nayakawadi,Shirala,361,Charan,0.36,6.64,0.24,0.63,137.98,18.72,201.6,9.12,0.82,0.96,31.52,40.08,3.74
4641,6600,Ashok Shankar Kumbhar,Shirala,365,Charan,0.25,6.98,0.10,0.78,188.16,22.73,190.4,12.30,1.00,0.99,20.38,33.90,3.34
4642,6601,Sanjay Shamrao Nayakawadi,Shirala,117,Charan,0.55,6.88,0.29,0.65,137.98,21.40,168.0,7.81,0.72,1.37,50.86,37.24,4.16
4643,6602,Sakhubai Baburao Nayakawadi,Shirala,209,Charan,0.23,6.94,0.27,0.76,163.07,20.06,268.8,6.41,1.08,1.07,36.46,38.54,4.64
4644,6603,Dilip Shamrao Nayakawadi,Shirala,115,Charan,0.23,6.65,0.10,0.81,175.62,13.82,212.8,9.33,1.42,1.10,41.40,34.20,4.02
4645,6604,Suvarna Shivaji Patil,Shirala,201,Charan,0.25,6.50,0.10,0.61,175.62,20.06,224.0,9.81,0.98,0.97,31.48,38.74,3.20
4646,6605,Sayabai Vishnu Nayakawadi,Shirala,217,Charan,0.22,6.86,0.10,0.82,137.98,18.28,179.2,8.38,0.96,0.99,30.48,32.12,3.58
4647,6606,Sonali Balasaheb Nayakawadi,Shirala,302,Charan,0.25,6.80,0.10,0.60,175.62,28.53,212.8,8.81,0.94,1.18,34.06,38.56,3.78
4648,6607,Manisha Sanjay Nayakawadi,Shirala,205,Charan,0.25,8.05,0.11,0.56,175.62,23.63,280.0,7.37,1.00,0.87,22.96,29.90,4.60
4649,6608,Ishwara Maruti Amne,Shirala,171,Charan,0.12,8.10,0.10,0.71,213.25,18.72,224.0,10.29,1.94,0.95,36.48,37.84,3.96
4650,6609,Prakash Maruti Nayakawadi,Shirala,181,Charan,0.2,7.88,0.10,0.58,150.53,13.82,268.8,9.51,1.38,0.96,34.30,30.06,2.84
4651,6610,Shivaji Bapu Nayakawadi,Shirala,168,Charan,0.22,7.91,0.11,0.85,175.62,16.94,324.8,13.17,0.36,1.12,19.54,35.30,1.92
4652,6611,Sandeep Pandurang Nayakawadi,Shirala,205,Charan,0.25,8.09,0.10,0.57,213.25,20.95,212.8,8.20,1.16,1.18,6.42,26.10,5.66
4653,6612,Bhaskar Sambhaji Nayakawadi,Shirala,106,Charan,0.28,7.36,0.10,0.69,112.90,16.94,235.2,9.16,0.20,0.93,41.36,26.98,2.24
4654,6613,Shankar Gyanu Jadhav,Shirala,211,Charan,0.25,7.32,0.10,0.68,175.62,24.52,224.0,10.08,0.20,0.82,8.78,28.74,1.60
4655,6614,Balasaheb Krishna Nayakawadi,Shirala,203,Charan,0.5,8.12,0.11,0.53,313.60,20.06,257.6,8.51,0.38,0.90,10.52,10.14,1.92
4656,6615,Sanjay Baburao Nayakawadi,Shirala,203,Charan,0.27,8.17,0.10,0.85,213.25,15.16,268.8,7.85,0.32,1.05,6.30,26.10,1.78
4657,6616,Bhimrao Maruti Kumbhar,Shirala,77,Charan,0.22,7.41,0.13,0.56,250.88,15.16,224.0,7.28,0.32,1.11,5.16,10.54,1.34
4658,6617,Hariba Maruti Lohar,Shirala,75,Charan,0.25,7.23,0.12,0.67,213.25,14.71,235.2,9.38,0.28,1.19,5.08,8.82,3.58
4659,6618,Narayan Tatoba Amne,Shirala,205,Charan,0.26,7.51,0.12,0.69,125.44,19.17,201.6,11.43,0.72,1.29,17.96,6.62,0.54
4660,6619,Sukumar Appa Patil,Shirala,223,Charan,0.25,7.43,0.10,0.85,225.79,27.64,235.2,10.47,0.78,1.34,43.10,7.28,5.92
4661,6620,Balwant Yashwant Mohite,Shirala,256,Charan,0.35,7.08,0.16,0.83,250.88,23.18,257.6,8.59,0.36,1.39,41.08,4.94,3.34
4662,6621,Umesh Nathuram Patil,Shirala,181,Charan,0.24,7.80,0.13,0.69,301.06,13.82,201.6,10.38,0.34,1.50,13.74,21.42,2.34
4663,6622,Bhupal Dada Patil,Shirala,212,Charan,0.25,8.23,0.15,0.82,225.79,16.94,268.8,8.94,0.32,1.32,12.20,29.24,4.30
4664,6623,Laxman Anna Patil,Shirala,179,Charan,0.12,7.97,0.19,0.74,213.25,18.28,257.6,9.90,0.30,1.06,4.32,34.78,2.54
4665,6624,Shivaji Balku Shinde,Shirala,212,Charan,0.18,8.11,0.11,0.69,250.88,15.16,190.4,9.42,0.32,1.13,15.20,7.74,3.12
4666,6625,Chandrakumar Annaso Patil,Shirala,205,Charan,0.24,8.09,0.13,0.58,275.97,16.94,224.0,8.29,0.28,0.82,10.80,5.74,3.46
4667,6626,Vasant Ramchandra Patil,Shirala,75,Charan,0.22,7.88,0.16,0.56,213.25,20.95,268.8,6.80,0.48,0.80,11.64,9.22,3.16
4668,6627,Sagar Tanaji Shinde,Shirala,65,Charan,0.25,7.90,0.12,0.64,238.34,20.06,212.8,6.94,0.24,0.94,12.30,16.20,4.48
4669,6628,Satish Baburao Mohite,Shirala,260,Charan,0.2,7.46,0.10,0.49,213.25,15.16,201.6,6.98,0.26,0.88,9.00,12.38,3.62
4670,6629,Mohan Balkrishna Patil,Shirala,9,Charan,0.24,7.28,0.10,0.50,150.53,18.72,257.6,7.50,0.62,1.49,6.22,8.12,3.14
4671,6630,Shila Shantinath Patil,Shirala,178,Charan,0.1,7.22,0.10,0.44,87.81,19.61,224.0,8.11,0.34,1.02,7.06,13.10,4.08
4672,6631,Nathuram Joti Gholap,Shirala,64,Charan,0.2,7.32,0.10,0.46,137.98,22.73,212.8,9.16,0.38,0.93,15.14,16.84,4.60
4673,6632,Kantinath Yashwant Patil,Shirala,23,Charan,0.15,7.96,0.14,0.42,137.98,17.83,257.6,10.12,0.50,0.89,11.22,17.46,2.66
4674,6633,Shamrao Mahadev Mujumale,Shirala,11,Charan,0.18,7.44,0.12,0.61,213.25,16.94,212.8,10.73,0.28,0.85,20.92,8.38,3.18
4675,6634,Ramesh Nathuram Patil,Shirala,181,Charan,0.24,7.34,0.10,0.74,112.90,18.28,224.0,10.03,0.86,0.98,10.26,11.50,2.60
4676,6635,Krishna Bapu Maske,Shirala,28/1,Belewadi,0.12,6.74,0.16,0.49,112.90,14.26,280.00,10.25,0.26,1.02,11.12,23.98,1.82
4677,6636,Sanjay Nagu Sapkal,Shirala,28/1,Belewadi,0.15,6.62,0.13,0.35,125.44,18.28,246.40,8.07,0.26,1.17,11.96,28.58,2.80
4678,6637,Sambhaji Kondiba Jadhav,Shirala,12/11,Belewadi,0.15,6.56,0.11,0.46,163.07,20.95,201.60,8.94,0.22,1.03,13.80,28.74,2.42
4679,6638,Nathuram Maruti Jadhav,Shirala,12/2,Belewadi,0.11,6.55,0.12,0.49,137.98,12.04,235.20,5.54,0.32,0.91,12.62,32.80,3.02
4680,6639,Ananda Shamrav Jadhav,Shirala,30/1,Belewadi,0.12,6.50,0.11,0.89,175.62,18.28,336.00,5.19,0.36,1.18,11.90,33.44,3.16
4681,6640,Sanjay Sambhaji Jadhav,Shirala,33/11,Belewadi,0.15,6.50,0.12,0.49,188.16,13.37,347.20,6.32,0.28,0.97,14.16,32.26,2.94
4682,6641,Akshay Mahadev Jadhav,Shirala,32/3,Belewadi,0.28,6.50,0.13,0.49,125.44,16.05,268.80,5.89,0.26,0.88,10.90,33.96,3.10
4683,6642,Krushna Bapu Maske,Shirala,28/1,Belewadi,0.10,6.54,0.12,0.71,137.98,12.04,324.80,5.45,0.30,1.04,14.14,35.60,3.24
4684,6643,Akkatai Maruti Jadhav,Shirala,32/12,Belewadi,0.12,6.52,0.14,0.51,163.07,14.26,336.00,6.11,0.34,1.13,8.64,26.62,2.48
4685,6644,Dhondi Subhaba Chorage,Shirala,31/2,Belewadi,0.14,6.98,0.11,0.49,188.16,17.83,280.00,7.68,0.32,1.23,14.24,37.20,3.60
4686,6645,Babu Sakharam Jadhav,Shirala,32/8,Belewadi,0.10,6.61,0.12,0.75,137.98,18.72,313.60,4.58,0.22,1.38,9.30,33.32,2.70
4687,6646,Tanaji Bandu Chorage,Shirala,35/1,Belewadi,0.20,6.52,0.15,0.49,150.53,16.05,291.20,6.41,0.20,1.34,9.30,29.62,3.16
4688,6647,Vijay Dagadu Lokhande,Shirala,30/2,Belewadi,0.20,6.52,0.17,0.46,213.25,14.26,313.60,5.15,0.26,1.35,14.12,34.26,2.90
4689,6648,Tukaram Bapu Patil,Shirala,31/2,Belewadi,0.17,6.52,0.16,0.90,200.70,15.60,347.20,5.32,0.38,0.93,9.26,31.24,2.66
4690,6649,Tanaji Sakharam Patil,Shirala,31/2,Belewadi,0.12,6.55,0.12,0.49,137.98,10.70,280.00,13.30,0.36,0.87,9.06,30.90,2.98
4691,6650,Satyam Dagadu Lokhande,Shirala,30,Belewadi,0.15,6.59,0.15,0.46,150.53,24.52,224.00,5.19,0.36,0.94,7.44,29.64,2.98
4692,6651,Krishna Shivram Jadhav,Shirala,4/1,Belewadi,0.20,6.54,0.11,0.43,150.53,13.37,302.40,7.33,0.30,0.91,19.28,37.58,1.94
4693,6652,Sakharam Dnyanu Basare,Shirala,2/3,Belewadi,0.20,6.55,0.12,0.43,175.62,12.48,369.60,6.37,0.36,0.96,14.24,34.76,2.50
4694,6653,Tukaram Dnyanu Basare,Shirala,10/3,Belewadi,0.20,6.61,0.15,0.49,213.25,20.95,403.20,18.97,0.22,1.18,13.44,32.84,3.74
4695,6654,Sakhubai Nivrutti Basare,Shirala,10/2,Belewadi,0.15,6.55,0.12,0.50,112.90,15.60,336.00,6.06,0.26,1.33,14.16,33.82,2.16
4696,6655,Dinkar Shankar Basare,Shirala,10/2,Belewadi,0.22,6.53,0.11,0.49,163.07,14.26,313.60,8.07,0.36,1.22,11.16,34.46,3.18
4697,6656,Hausatai Nathuram Jadhav,Shirala,14/1,Belewadi,0.22,6.57,0.12,0.76,112.90,17.83,280.00,7.72,0.26,0.88,8.16,25.70,2.66
4698,6657,Ramchandra Ganapati Jadhav,Shirala,16/2,Belewadi,0.15,6.53,0.14,0.53,125.44,22.73,224.00,6.98,0.38,1.03,12.68,31.34,1.98
4699,6658,Rahul Balkrishna Lugade,Shirala,16/3,Belewadi,0.16,6.56,0.12,0.53,200.70,17.83,201.60,5.98,0.30,1.06,17.80,38.36,2.12
4700,6659,Avinash Vishnu Jadhav,Shirala,15/3,Belewadi,0.18,6.58,0.14,0.50,137.98,13.37,212.80,9.16,0.34,1.15,13.08,30.18,2.14
4701,6660,Sushila Vasant Jadhav,Shirala,15/5,Belewadi,0.21,6.54,0.11,0.46,150.53,14.26,235.20,8.20,0.32,1.22,10.88,31.90,3.16
4702,6661,Sushant Gunga Jadhav,Shirala,15/3,Belewadi,0.19,6.57,0.11,0.47,188.16,16.05,224.00,8.81,0.38,1.11,11.26,30.02,3.12
4703,6662,Shivaji Chandru Chavan,Shirala,16/4,Belewadi,0.20,6.59,0.14,0.74,125.44,15.60,246.40,7.50,0.28,1.09,9.80,28.60,2.92
4704,6663,Rajaram Hari Jadhav,Shirala,15/5,Belewadi,0.15,6.58,0.11,0.51,150.53,12.48,212.80,8.29,0.32,1.31,8.36,28.86,2.14
4705,6664,Maya Sampat Lugade,Shirala,16/3,Belewadi,0.18,6.57,0.14,0.53,137.98,8.92,212.80,7.37,0.26,1.35,8.50,28.50,3.04
4706,6665,Malutai Dattu Jadhav,Shirala,14,Belewadi,0.12,6.55,0.14,0.90,200.70,17.83,224.00,7.72,0.24,1.38,11.10,30.16,2.32
4707,6666,Vitthal Hari Jadhav,Shirala,15/5,Belewadi,0.10,6.53,0.12,0.51,225.79,12.93,168.00,6.76,0.28,1.22,9.34,26.72,1.84
4708,6667,Atmaram Vitthal Jadhav,Shirala,14,Belewadi,0.20,6.55,0.15,0.47,225.79,12.48,257.60,6.50,0.26,1.01,8.24,30.74,3.16
4709,6668,Vishwas Kundalik Jadhav,Shirala,14,Belewadi,0.15,6.55,0.13,0.47,188.16,13.82,201.60,9.20,0.30,0.97,11.96,28.36,1.88
4710,6669,Sambhaji Ganapati Chavan,Shirala,14,Belewadi,0.12,6.53,0.12,0.49,150.53,22.73,212.80,8.55,0.26,1.08,10.18,29.54,2.86
4711,6670,Shankar Mahipati Jadhav,Shirala,12/1,Belewadi,0.10,6.57,0.11,0.53,163.07,19.61,235.20,7.50,0.24,0.92,8.52,28.44,0.50
4712,6671,Shamrav Ishwara Jadhav,Shirala,12/12,Belewadi,0.14,6.55,0.14,0.38,87.81,23.63,224.00,8.29,0.22,0.88,6.10,19.94,2.96
4713,6672,Shamrav Bapu Jadhav,Shirala,12/9,Belewadi,0.09,6.56,0.12,0.42,163.07,12.48,313.60,9.47,0.24,0.99,6.32,30.48,3.26
4714,6673,Uttam Sarjerao Jadhav,Shirala,12/4,Belewadi,0.18,6.56,0.17,0.38,213.25,16.49,201.60,8.94,0.26,1.10,7.44,24.94,2.22
4715,6674,Santu Hari Jadhav,Shirala,12/2,Belewadi,0.10,6.57,0.13,0.35,188.16,15.60,212.80,7.76,0.34,1.20,7.20,27.70,3.14
4716,6675,Poonam Mohan Jadhav,Shirala,13/1,Belewadi,0.08,6.55,0.14,0.35,150.53,18.28,313.60,9.25,0.26,1.09,7.14,5.42,1.20
4717,6676,Bajarang Shamrao Jadhav,Shirala,13/1,Belewadi,0.14,6.56,0.13,0.49,175.62,14.26,224.00,10.25,0.24,1.25,9.88,29.66,3.18
4718,6677,Anand Shamrao Jadhav,Shirala,13/1,Belewadi,0.23,6.96,0.11,0.42,175.62,15.60,190.40,8.20,0.30,1.08,6.40,32.08,3.14
4719,6678,Dattu Maruti Jadhav,Shirala,12/2,Belewadi,0.12,6.97,0.14,0.44,175.62,20.06,201.60,7.15,0.22,1.24,0.30,27.10,2.60
4720,6679,Bhagwan Ganapati Jadhav,Shirala,12/3,Belewadi,0.20,6.51,0.16,0.53,163.07,23.18,246.40,6.06,0.28,1.10,10.94,29.04,1.84
4721,6680,Rajaram Bapu Jadhav,Shirala,11/3,Belewadi,0.15,6.98,0.12,0.57,200.70,26.30,179.20,8.20,0.22,1.28,3.12,22.44,1.68
4722,6681,Sakhubai Shivaji Khavare,Shirala,8/15,Belewadi,0.21,6.56,0.12,0.75,200.70,20.06,224.00,8.85,0.22,0.91,10.78,14.90,2.08
4723,6682,Malutai Chandru Jadhav,Shirala,9/4,Belewadi,0.16,6.51,0.15,0.53,188.16,15.60,235.20,9.47,0.24,0.83,10.66,29.44,1.20
4724,6683,Kisan Bapu Jadhav,Shirala,9/1,Belewadi,0.20,6.52,0.15,0.38,137.98,27.64,224.00,8.38,1.40,1.04,13.30,26.68,2.10
4725,6684,Madhukar Aaba Jadhav,Shirala,8/3,Belewadi,0.10,6.97,0.14,0.54,150.53,11.14,212.80,7.24,0.26,0.96,10.70,31.52,1.82
4726,6685,Arjun Bhimrao Jadhav,Shirala,9/1,Belewadi,0.15,6.56,0.15,0.50,200.70,21.84,224.00,7.76,0.22,1.10,7.20,28.32,2.40
4727,6686,Satyam Dagadu Lokhande,Shirala,30,Belewadi,0.15,6.59,0.13,0.83,213.25,23.63,168.00,9.16,0.26,1.18,4.66,23.58,2.34
4728,6687,Rajaram Akaram Patil,Shirala,31/2,Belewadi,0.22,6.56,0.40,0.56,163.07,19.61,313.60,8.11,0.34,1.08,6.00,25.26,2.20
4729,6688,Rangrao Gunda Maske,Shirala,30/1,Belewadi,0.30,6.54,0.12,0.50,175.62,27.19,212.80,9.47,0.38,1.30,2.90,15.22,2.20
4730,6689,Parvati Ananda Gaikwad,Shirala,31/5,Belewadi,0.18,6.55,0.15,0.53,150.53,15.60,336.00,10.25,0.24,1.19,6.48,26.00,2.30
4731,6690,Parvati Akaram Patil,Shirala,30/2,Belewadi,0.25,6.54,0.12,0.47,188.16,16.94,246.40,7.85,0.34,1.23,9.66,28.84,1.96
4732,6691,Babu Sakharam Jadhav,Shirala,29/5,Belewadi,0.20,6.97,0.12,0.42,175.62,20.06,156.80,9.12,0.44,1.12,8.50,26.62,2.32
4733,6692,Balu Tukaram Jadhav,Shirala,30/1,Belewadi,0.15,6.53,0.12,0.39,200.70,19.17,324.80,12.30,0.32,0.99,6.78,25.66,2.06
4734,6693,Shivaji Bandu Chorage,Shirala,30/1,Belewadi,0.10,6.54,0.13,0.28,125.44,17.83,347.20,7.81,0.36,0.88,4.12,25.42,2.02
4735,6694,Madhuri Rajaram Chorage,Shirala,30,Belewadi,0.10,6.54,0.13,0.43,175.62,16.49,313.60,6.41,0.36,0.95,5.18,26.26,1.86
4736,6695,Bhimrao Bapu Maske,Shirala,30/8,Belewadi,0.15,6.53,0.13,0.58,87.81,14.71,302.40,9.33,0.32,0.85,5.32,27.26,1.90
4737,6696,Bhausaheb Shankar Maske,Shirala,30/8,Belewadi,0.18,6.52,0.15,0.53,213.25,16.05,246.40,9.81,0.32,0.86,4.76,27.48,1.90
4738,6697,Dilip Gunda Lokhande,Shirala,31/2,Belewadi,0.20,6.51,0.14,0.51,163.07,16.49,257.60,8.38,0.30,0.98,5.84,26.70,2.06
4739,6698,Himmat Namdev Jadhav,Shirala,30/1,Belewadi,0.15,6.57,0.13,0.71,200.70,12.48,302.40,8.81,0.32,1.07,3.38,24.44,2.16
4740,6699,Ashok Maruti Patil,Shirala,31/2,Belewadi,0.20,6.52,0.15,0.51,175.62,23.63,224.00,7.37,0.34,1.16,4.72,28.78,2.04
4741,6700,Bajarang Mahipati Jadhav,Shirala,32/15,Belewadi,0.10,6.98,0.11,0.71,125.44,19.61,302.40,10.29,0.26,1.31,5.44,24.08,1.14
4742,6701,Nivrutti Hari Jadhav,Shirala,29/5,Belewadi,0.12,6.57,0.12,0.49,175.62,22.73,224.00,9.51,0.28,1.23,3.64,22.64,1.78
4743,6702,Madhukar Kondiba Maske,Shirala,30/2,Belewadi,0.22,6.84,0.12,0.46,175.62,14.71,212.80,13.17,0.36,1.07,2.96,22.14,2.56
4744,6703,Lakshaman Bapu Mske,Shirala,30/3,Belewadi,0.20,6.52,0.15,0.57,200.70,13.82,212.80,8.20,0.30,0.99,1.16,25.12,2.96
4745,6704,Sahadev Bhimrav Jadhav,Shirala,32/11,Belewadi,0.18,6.54,0.14,0.54,213.25,12.93,235.20,9.16,0.36,1.18,7.78,20.96,2.34
4746,6705,Suresh Mahadev Kank,Shirala,36/5,Belewadi,0.32,6.56,0.13,0.51,188.16,16.49,134.40,10.08,0.36,1.06,6.70,20.42,2.76
4747,6706,Vishwanath Ananda Jadhav,Shirala,29/15,Belewadi,0.17,6.55,0.14,0.58,175.62,18.72,201.60,8.51,0.36,0.92,11.44,19.30,2.62
4748,6707,Vilas Ganapati Jadhav,Shirala,30,Belewadi,0.10,6.52,0.14,0.53,188.16,23.18,224.00,7.85,0.28,0.86,12.22,24.10,2.44
4749,6708,Sakhubai Rangrao Jadhav,Shirala,35/4,Belewadi,0.20,6.55,0.14,0.43,163.07,16.49,201.60,7.28,0.32,1.05,12.22,26.28,2.34
4750,6709,Kantabai Ananda Maske,Shirala,35/2,Belewadi,0.20,6.52,0.12,0.58,137.98,17.83,145.60,9.38,0.28,1.11,13.20,25.05,1.94
4751,6710,Ramchandra Chandru Jadhav,Shirala,26/20,Belewadi,0.20,6.50,0.14,0.44,213.25,14.71,212.80,11.43,0.34,1.27,15.34,26.62,2.48
4752,6711,Indubai Ramchandra Shelake,Shirala,25/3,Belewadi,0.18,6.64,0.13,0.53,163.07,16.05,246.40,10.47,0.26,1.17,11.18,24.72,2.24
4753,6712,Tatoba Mahadu Jadhav,Shirala,26/19,Belewadi,0.25,6.51,0.13,0.71,150.53,18.28,224.00,8.59,0.32,1.19,11.98,24.42,2.58
4754,6713,Suman Vilas Chavan,Shirala,19/1,Belewadi,0.21,6.58,0.16,0.65,175.62,16.49,190.40,10.38,0.32,1.28,11.96,25.54,2.18
4755,6714,Kamal Tanaji Chavan,Shirala,19/9,Belewadi,0.20,6.55,0.12,0.50,200.70,18.72,212.80,8.94,0.34,1.21,12.50,36.38,2.58
4756,6715,Dagadubai Kisan Jadhav,Shirala,19/16,Belewadi,0.15,6.53,0.13,0.63,213.25,23.18,257.60,9.90,0.36,1.18,10.36,21.52,2.66
4757,6716,Chandar Vithu Sapkal,Shirala,19/19,Belewadi,0.20,6.56,0.12,0.71,175.62,18.72,156.80,9.42,0.26,1.25,16.36,22.24,2.30
4758,6717,Balu Chandru Chavhan,Shirala,19/1,Belewadi,0.17,6.89,0.11,0.65,150.53,12.93,179.20,8.29,0.28,1.17,12.24,25.92,2.30
4759,6718,Shivaji Gunda Basare,Shirala,18/1,Belewadi,0.12,6.57,0.16,0.50,163.07,22.73,212.80,6.80,0.26,1.11,15.10,26.77,1.84
4760,6719,Tukaram Chandru Chavan,Shirala,19/9,Belewadi,0.20,6.59,0.16,0.63,137.98,22.73,268.80,6.94,0.26,1.06,12.42,26.54,2.58
4761,6720,Bajirav Bandu Chorage,Shirala,30/2,Belewadi,0.15,6.87,0.13,0.42,175.62,24.52,224.00,6.98,0.38,1.00,14.36,27.06,2.80
4762,6721,Ankush Vishwas Jadhav,Shirala,35/6,Belewadi,0.15,6.54,0.17,0.47,137.98,18.72,168.00,7.50,0.26,0.97,8.62,27.64,2.24
4763,6722,Aananda Bapu Adhav,Shirala,31/2,Belewadi,0.20,6.56,0.14,0.51,163.07,16.49,246.40,8.11,0.38,0.82,13.10,22.88,1.64
4764,6723,Anil Vasant Jadhav,Shirala,14,Belewadi,0.25,6.55,0.15,0.60,188.16,13.82,280.00,9.16,0.38,1.09,9.88,22.18,3.18
4765,6724,Akaram Dnyandev Jadhav,Shirala,30/1,Belewadi,0.20,6.87,0.14,0.42,175.62,16.49,179.20,10.12,0.24,1.02,19.58,26.00,6.28
4766,6725,Akaram Dnyanu Maske,Shirala,31/5,Belewadi,0.15,6.56,0.15,0.54,150.53,18.72,235.20,10.73,0.26,0.99,15.82,29.56,3.58
4767,6726,Gajanan Rangrav Jadhav,Shirala,32/23,Belewadi,0.20,6.86,0.16,0.57,263.42,24.52,257.60,10.03,0.22,1.08,14.02,25.78,2.56
4768,6727,Rajkumar Chintu Patil,Shirala,413,Bambavade,0.20,7.89,0.11,0.76,200.70,15.16,257.60,6.24,0.22,1.34,0.22,3.14,2.86
4769,6728,Sandip Neminath Patil,Shirala,623,Bambavade,0.20,7.48,0.12,0.85,263.42,16.49,201.60,7.07,2.48,0.88,0.32,13.62,5.30
4770,6729,Gunpal Dhondiram Patil,Shirala,111,Bambavade,0.15,8.08,0.11,0.49,250.88,15.60,347.20,8.11,1.92,0.88,0.38,0.28,2.26
4771,6730,Aappaso Dhondiram Patil,Shirala,110,Bambavade,0.10,8.20,0.19,0.53,263.42,27.19,280.00,6.76,0.80,1.18,0.24,2.32,2.50
4772,6731,Suman Dhondiram Jambhale,Shirala,640,Bambavade,0.10,8.21,0.14,0.51,263.42,14.26,179.20,8.38,0.48,1.20,0.34,3.30,2.56
4773,6732,Suraj Sampat Shriram,Shirala,301,Bambavade,0.10,8.18,0.28,0.33,263.42,15.60,212.80,6.37,0.58,1.17,0.30,1.38,2.20
4774,6733,Harshad Bajirao Hingane,Shirala,416,Bambavade,0.05,8.24,0.16,0.69,175.62,20.06,268.80,8.64,1.96,1.18,0.28,2.74,1.88
4775,6734,Dadaso Vishnu Jadhaw,Shirala,414,Bambavade,0.10,8.18,0.14,0.43,163.07,23.18,224.00,9.20,1.54,1.18,0.26,1.06,2.10
4776,6735,Rahul Babaso Jadhaw,Shirala,410,Bambavade,0.20,8.10,0.18,0.43,188.16,26.30,246.40,7.72,0.26,1.13,0.24,1.02,2.58
4777,6736,Tanaji Shankr Barpate,Shirala,34,Bambavade,0.20,8.26,0.18,0.28,250.88,20.06,302.40,8.29,0.52,1.94,0.78,0.26,1.80
4778,6737,Chandrakant Shankr Tate,Shirala,343,Bambavade,0.20,7.77,0.36,0.51,213.25,20.06,280.00,9.60,1.58,0.57,1.22,21.78,4.80
4779,6738,Tanaji Yashwant Khopde,Shirala,299,Bambavade,0.10,8.05,0.14,0.38,163.07,27.64,201.60,7.33,1.44,1.14,1.52,2.30,1.92
4780,6739,Shobha Ganapati Patil,Shirala,284,Bambavade,0.15,6.59,0.20,0.51,288.51,11.14,190.40,7.59,0.44,1.38,6.88,11.60,4.18
4781,6740,Shantaram Sitaram Hingane,Shirala,217,Bambavade,0.20,8.07,0.23,0.47,163.07,21.84,268.80,9.38,0.36,1.18,0.24,1.48,2.62
4782,6741,Ananda Yashwant Barpate,Shirala,27,Bambavade,0.10,8.28,0.10,0.35,238.34,23.63,212.80,9.73,1.34,1.66,0.24,0.78,1.88
4783,6742,Bhagwan Dyanu Bhadkmakar,Shirala,22,Bambavade,0.10,8.11,0.23,0.28,188.16,16.94,358.40,8.51,0.62,1.71,0.26,2.78,2.56
4784,6743,Indu Balawant Dhumal,Shirala,165,Bambavade,0.15,8.12,0.19,0.39,150.53,20.06,380.80,7.37,0.28,1.18,0.20,5.96,2.00
4785,6744,Vishwas Rangrao Patil,Shirala,403,Bambavade,0.10,7.21,0.10,0.28,100.35,14.71,291.20,5.89,0.26,0.69,0.50,7.16,3.98
4786,6745,Jayawant Shankr Tate,Shirala,342,Bambavade,0.10,7.71,0.11,0.35,137.98,16.05,268.80,6.37,0.36,1.17,0.34,5.40,3.64
4787,6746,Raju Krushna Mulik,Shirala,268/1,Bambavade,0.20,7.52,0.17,0.49,150.53,20.95,403.20,6.63,0.32,1.74,0.22,8.20,2.76
4788,6747,Santosh Vilas Mulik,Shirala,268,Bambavade,0.10,8.03,0.38,0.29,200.70,23.18,358.40,8.03,0.50,1.34,0.20,1.72,2.32
4789,6748,Tukaram Ganapati Pawar,Shirala,253,Bambavade,0.10,7.92,0.19,0.43,188.16,24.52,313.60,6.50,0.36,1.24,0.24,1.52,2.48
4790,6749,Laxman Niwrutti Pawar,Shirala,217,Bambavade,0.20,8.03,0.24,0.53,225.79,18.72,235.20,5.71,0.60,1.35,0.36,2.04,2.08
4791,6750,Niwas Raghunath Pujari,Shirala,19,Bambavade,0.05,7.91,0.33,0.57,275.97,16.49,280.00,6.67,0.38,0.59,0.26,2.30,2.40
4792,6751,Ananda Devappa Mane,Shirala,607,Bambavade,0.20,8.04,0.22,0.71,137.98,12.48,224.00,8.33,0.64,1.03,0.56,2.80,2.88
4793,6752,Netaji Sambhaji Kamble,Shirala,143,Bambavade,0.10,8.25,0.11,0.83,250.88,23.63,212.80,7.33,0.20,1.12,0.56,0.96,2.54
4794,6753,Suresh Rajaram Hingane,Shirala,324,Bambavade,0.40,8.02,0.18,0.54,263.42,19.61,190.40,9.60,0.38,1.94,0.40,1.20,2.02
4795,6754,Suman Raghunath Mulik,Shirala,261,Bambavade,0.20,7.91,0.19,0.42,275.97,27.19,257.60,6.76,0.38,1.65,0.48,2.76,2.82
4796,6755,Ajit Niwas Hingane,Shirala,416,Bambavade,0.25,8.05,0.13,0.53,200.70,14.71,291.20,8.38,0.32,1.00,0.58,0.92,2.04
4797,6756,Mahadew Shamrao Mane,Shirala,626,Bambavade,0.20,7.77,0.10,0.35,301.06,16.05,324.80,8.16,0.38,1.31,0.62,0.80,2.30
4798,6757,Akash Chandrakant More,Shirala,641,Bambavade,0.20,8.14,0.24,0.71,163.07,18.72,224.00,7.07,0.72,1.25,0.54,1.06,1.72
4799,6758,manisha Tanaji MORE,Shirala,419,Bambavade,0.20,8.06,0.15,0.44,150.53,22.73,201.60,6.94,0.62,1.30,0.54,0.58,2.46
4800,6759,Akshay Laxman Bhadkmkar,Shirala,497,Bambavade,0.20,7.89,0.10,0.51,75.26,24.52,257.60,7.63,0.34,1.33,0.84,0.26,1.46
4801,6760,Tanaji Rajaram More,Shirala,542,Bambavade,0.20,8.10,0.11,0.43,238.34,20.95,336.00,9.42,0.28,1.23,0.70,0.46,1.44
4802,6761,Sanjay Rajaram More,Shirala,56,Bambavade,0.15,8.08,0.10,0.63,150.53,15.60,246.40,6.59,0.38,1.25,0.86,0.48,1.88
4803,6762,Niwas Rajaram More,Shirala,74,Bambavade,0.25,7.95,0.17,0.43,238.34,27.19,179.20,5.63,0.34,1.17,0.86,1.10,1.88
4804,6763,Vaishali Doulat Jadhaw,Shirala,414,Bambavade,0.25,7.98,0.16,0.49,200.70,12.93,201.60,7.98,0.32,1.11,0.84,0.76,1.10
4805,6764,Vilas Baburao Bansode,Shirala,377,Bambavade,0.20,7.66,0.15,0.32,213.25,22.73,257.60,9.38,0.24,1.06,0.88,0.22,2.26
4806,6765,Sandip Baban More,Shirala,367,Bambavade,0.14,7.95,0.18,0.35,188.16,18.28,358.40,9.86,0.30,1.00,0.96,5.06,1.78
4807,6766,Atamaram Tukaram Hingane,Shirala,160,Bambavade,0.15,8.02,0.12,0.33,200.70,18.72,336.00,9.55,0.24,0.96,1.04,1.82,1.82
4808,6767,Vidya Vilas Inamdar,Shirala,219,Bambavade,0.40,7.87,0.11,0.18,225.79,16.49,212.80,10.12,0.34,0.82,1.12,1.68,2.06
4809,6768,Babu Dyanu Tate,Shirala,317,Bambavade,0.20,8.13,0.16,0.40,213.25,13.82,257.60,10.51,0.30,1.50,1.16,2.00,1.58
4810,6769,Surendra Rajaram Patil,Shirala,384/1,Bambavade,0.15,8.21,0.11,0.53,250.88,12.93,179.20,9.90,0.36,0.98,1.20,1.60,1.18
4811,6770,Jinendra Rajaram Patil,Shirala,384,Bambavade,0.15,8.09,0.15,0.42,225.79,16.49,201.60,9.33,0.36,1.10,1.32,0.60,1.08
4812,6771,Bhauso Vishnu Jadhaw,Shirala,414,Bambavade,0.20,8.43,0.10,0.65,188.16,18.72,190.40,10.08,0.22,1.04,1.40,0.20,1.82
4813,6772,Baban Baba Pawar,Shirala,663,Bambavade,0.10,8.64,0.14,0.56,188.16,16.49,235.20,8.56,0.24,1.23,2.76,0.76,3.40
4814,6773,Vijay Shiwaji Barpate,Shirala,210,Bambavade,0.20,8.13,0.17,0.64,188.16,18.72,257.60,7.85,0.34,0.97,1.32,18.82,1.84
4815,6774,Balkrushna Dhondiram Bansode,Shirala,162,Bambavade,0.20,7.76,0.15,0.35,163.07,22.73,201.60,8.94,0.24,1.08,1.30,6.14,2.20
4816,6775,Vikas Bhanudas Shriram,Shirala,304,Bambavade,0.20,8.16,0.28,0.63,188.16,18.28,291.20,10.21,0.34,0.92,1.40,1.42,2.06
4817,6776,Bhanudas Rama Shriram,Shirala,301,Bambavade,0.20,8.12,0.16,0.56,225.79,15.60,313.60,11.43,0.30,0.99,1.56,0.34,1.62
4818,6777,Eknath Maruti Mane,Shirala,534,Bambavade,0.22,7.73,0.19,0.75,225.79,20.95,201.60,10.03,0.26,1.10,1.74,5.64,1.72
4819,6778,Chandrakant Hindurao Hingane,Shirala,174,Bambavade,0.13,8.08,0.17,0.71,200.70,14.71,347.20,7.37,0.34,1.25,1.50,0.44,3.14
4820,6779,Shashikant Hindurao Hingane,Shirala,173,Bambavade,0.20,8.48,0.18,0.60,200.70,16.05,392.00,7.94,0.30,1.25,1.62,0.20,1.52
4821,6780,Satyprabha Hindurao Hingane,Shirala,170,Bambavade,0.10,8.60,0.15,0.73,238.34,22.73,291.20,9.20,0.38,1.25,1.66,0.20,1.54
4822,6781,Vishwas Rangrao Patil,Shirala,252,Bambavade,0.15,8.32,0.12,0.58,188.16,24.52,224.00,8.85,0.38,1.28,1.80,6.82,1.72
4823,6782,Hondurao Maruti Jadhw,Shirala,103,Bambavade,0.20,7.87,0.11,0.43,250.88,20.95,190.40,9.95,0.22,0.92,1.76,10.66,2.44
4824,6783,Ramesh Shantinath Patil,Shirala,617,Bambavade,0.20,7.74,0.10,0.35,150.53,15.60,168.00,8.99,0.36,0.83,1.74,3.64,3.04
4825,6784,Krushna Vishnu Mane,Shirala,516,Bambavade,0.20,7.97,0.11,0.46,238.34,27.19,246.40,8.55,0.34,0.97,1.84,3.10,3.64
4826,6785,Sanjay Anant Patil,Shirala,26,Bambavade,0.15,8.15,0.19,0.83,200.70,12.93,425.60,7.24,0.34,1.12,1.92,2.70,2.04
4827,6786,Mahawir Raygonda Patil,Shirala,555,Bambavade,0.15,7.62,0.18,0.61,213.25,19.61,347.20,9.51,0.36,1.19,1.90,2.26,2.42
4828,6787,Shrikant Krushna Patil,Shirala,412,Bambavade,0.20,8.16,0.22,0.72,175.62,22.29,280.00,7.63,0.40,1.09,2.00,2.12,2.46
4829,6788,Dilip Shankr Bhadkmkar,Shirala,22,Bambavade,0.16,8.30,0.19,0.65,200.70,23.63,313.60,7.81,0.22,1.31,2.14,0.90,2.88
4830,6789,Shankar Sitaram Hingane,Shirala,320,Bambavade,0.15,8.17,0.13,0.50,238.34,18.72,168.00,8.07,0.36,1.24,2.28,0.94,1.98
4831,6790,Chandrakant Ramchandra Bhadkamkr,Shirala,217,Bambavade,0.20,8.12,0.18,0.53,213.25,23.18,369.60,10.51,0.28,1.12,2.08,2.24,2.36
4832,6791,Vilas Atmaram Hingane,Shirala,239,Bambavade,0.05,8.15,0.15,0.49,250.88,12.93,336.00,9.90,0.40,0.86,2.24,0.44,1.64
4833,6792,Mahadew Dyanu Tate,Shirala,424,Bambavade,0.25,8.23,0.14,0.54,238.34,13.82,302.40,9.51,0.38,0.86,2.92,0.24,1.50
4834,6793,Rushikesh Subhash Mane,Shirala,521,Bambavade,0.20,8.17,0.15,0.49,163.07,14.71,280.00,9.07,0.44,1.36,3.92,0.34,1.50
4835,6794,Dhanaji Akaram Hinganw,Shirala,349,Bambavade,0.15,7.15,0.16,0.42,200.70,16.05,235.20,8.20,0.38,1.25,2.78,0.36,4.72
4836,6795,Sambhaji Akaram Hingane,Shirala,347,Bambavade,0.24,7.25,0.13,0.46,200.70,20.06,313.60,7.37,0.44,1.26,3.52,36.98,6.36
4837,6796,Shiwaji Akaram Hingane,Shirala,310,Bambavade,0.13,7.12,0.18,0.47,163.07,21.84,380.80,9.51,0.50,1.47,3.30,34.82,6.44
4838,6797,Yashoda Janardan Dhumal,Shirala,119,Bambavade,0.15,7.15,0.17,0.68,213.25,25.41,201.60,10.12,0.20,1.08,3.14,35.16,7.10
4839,6798,Rawindra Anant Patil,Shirala,94,Bambavade,0.20,7.16,0.12,0.42,213.25,26.30,347.20,10.47,0.38,1.17,2.90,37.82,5.12
4840,6799,Amol Mahawir Pawar,Shirala,662,Bambavade,0.25,7.18,0.12,0.50,200.70,29.87,392.00,9.86,0.30,1.32,3.52,38.42,6.24
4841,6800,Houserao Antu Tate,Shirala,311,Bambavade,0.25,7.06,0.17,0.67,213.25,26.75,212.80,9.47,0.34,1.31,3.10,33.88,4.44
4842,6801,Jagannath Narayan Inamdar,Shirala,219,Bambavade,0.15,7.14,0.12,0.49,163.07,24.52,257.60,9.20,0.26,1.24,2.82,38.74,5.20
4843,6802,Ashok Maruti Tate,Shirala,351,Bambavade,0.23,7.14,0.19,0.56,175.62,22.73,302.40,9.12,0.30,1.09,2.76,32.84,4.52
4844,6803,Bhimrao Maruti Tate,Shirala,315,Bambavade,0.20,7.65,0.12,0.51,200.70,18.72,280.00,8.46,0.22,1.19,2.84,24.10,2.98
4845,6804,Vijay Tanaji Tate,Shirala,346,Bambavade,0.15,7.44,0.11,0.47,150.53,26.30,369.60,8.16,0.26,1.21,3.18,14.30,2.46
4846,6805,Sadashiw Maruti Tate,Shirala,326,Bambavade,0.24,7.40,0.15,0.49,213.25,19.17,392.00,7.72,0.38,0.97,3.08,4.90,1.92
4847,6806,Shiwaji Maruti Tate,Shirala,321,Bambavade,0.25,7.36,0.19,0.64,213.25,28.53,212.80,7.33,0.36,1.00,3.24,36.48,4.04
4848,6807,Shankar Ganapati Guraw,Shirala,83/3,Bambavade,0.25,7.56,0.14,0.60,238.34,24.52,179.20,6.37,0.24,1.20,3.04,31.90,3.20
4849,6808,Maruti Shankar Barpate,Shirala,29,Bambavade,0.25,7.82,0.25,0.42,163.07,22.73,235.20,6.06,0.36,1.21,3.44,34.92,3.68
4850,6809,Bhimrao Antu More,Shirala,713,Bambavade,0.15,8.11,0.25,0.49,175.62,16.94,302.40,6.89,0.38,1.10,3.62,22.46,2.98
4851,6810,Baban Dadu Jadhaw,Shirala,416,Bambavade,0.25,7.32,0.14,0.44,163.07,21.84,358.40,8.38,0.38,1.24,3.26,32.38,3.50
4852,6811,Prabodh Bhagawan Gaykwad,Shirala,683,Bambavade,0.25,7.24,0.13,0.43,200.70,18.72,436.80,9.16,0.44,0.98,3.46,28.80,4.04
4853,6812,Chandrakant Sampat More,Shirala,641,Bambavade,0.25,7.94,0.37,0.47,175.62,22.73,459.20,9.42,0.22,1.10,3.46,9.10,1.74
4854,6813,Vasant Anna More,Shirala,400,Bambavade,0.20,7.58,0.35,0.68,175.62,16.49,336.00,8.94,0.36,1.54,3.48,25.34,2.62
4855,6814,mansing Shankr MORE,Shirala,222,Bambavade,0.25,7.77,0.21,0.60,200.70,17.83,403.20,9.47,0.38,1.36,3.68,7.74,5.10
4856,6815,hanmant Ganapati Patil,Shirala,275,Bambavade,0.25,7.89,0.31,0.57,200.70,21.84,358.40,8.64,0.34,1.50,3.96,16.08,3.42
4857,6816,doulat Amanda Jadhw,Shirala,310,Bambavade,0.25,7.54,0.19,0.58,175.62,22.29,212.80,8.07,0.46,1.38,3.98,24.04,2.22
4858,6817,Laxmi Balkrushna Salunkhe,Shirala,668,Bambavade,0.25,7.07,0.19,0.56,175.62,23.63,280.00,8.33,0.38,0.75,3.74,37.66,3.04
4859,6818,sampat ganapati barpate,Shirala,272,Bambavade,0.20,7.40,0.14,0.57,200.70,18.28,224.00,9.25,0.20,1.30,4.08,28.46,3.38
4860,6819,Anubai Yashwant yesale,Shirala,5/3,Yeslewadi,0.06,7.34,0.12,0.28,188.16,22.73,448.0,9.42,0.62,0.68,0.42,17.56,11.62
4861,6820,Anubai Balu Yesale,Shirala,9/1/?,Yeslewadi,0.23,6.98,0.15,0.33,200.70,21.40,257.6,9.16,1.14,0.53,2.36,22.16,7.32
4862,6821,Ananda Nivrutti Yesale,Shirala,2/29,Yeslewadi,0.03,6.83,0.11,0.49,188.16,27.19,212.8,10.16,0.84,1.28,3.32,17.60,6.20
4863,6822,Aappa Dnyanu Yesale,Shirala,9/1/?,Yeslewadi,0.34,6.76,0.10,0.72,200.70,23.18,246.4,11.43,0.64,1.34,4.28,15.58,5.38
4864,6823,Arjun Kisan Yesle,Shirala,8/1/? 8/1/?,Yeslewadi,3,6.78,0.14,0.50,175.62,11.14,224.0,9.20,0.62,1.63,0.36,16.48,6.56
4865,6824,Ashok Yashavant Yesale.,Shirala,5/25,Yeslewadi,0.04,6.63,0.13,0.49,175.62,24.96,201.6,9.38,0.44,1.34,2.62,10.58,4.26
4866,6825,Akaram Manu Yeslae,Shirala,17/54/12,Yeslewadi,0.15,6.51,0.17,0.44,163.07,16.94,403.2,10.99,1.22,1.24,4.08,22.30,4.80
4867,6826,Baburao Aappa Yesale,Shirala,5/1,Yeslewadi,0.35,6.52,0.16,0.47,238.34,24.52,392.0,8.59,1.44,1.14,1.40,31.10,8.88
4868,6827,Balu Dhondi Matre,Shirala,15/26,Yeslewadi,0.11,6.61,0.13,0.50,213.25,22.29,358.4,7.37,0.88,1.59,2.88,17.46,7.32
4869,6828,Bhau Pandurang Jadhav,Shirala,18/9,Yeslewadi,0.18,6.55,0.10,0.78,188.16,19.61,347.2,7.94,0.72,1.72,2.40,18.80,5.20
4870,6829,Bhimrao Aanna Yesale,Shirala,9/1/?,Yeslewadi,0.24,6.53,0.12,0.49,163.07,16.49,436.8,6.79,1.10,0.88,5.96,11.80,5.94
4871,6830,Bhau Pandu Jadhav,Shirala,4/7/6,Yeslewadi,0.05,6.52,0.15,0.50,200.70,22.73,369.6,7.72,1.26,1.39,3.54,20.92,6.52
4872,6831,Balvant Namdev Yesale,Shirala,"5/25 , 5/3",Yeslewadi,0.05,6.51,0.12,0.79,238.34,15.60,302.4,7.85,1.12,0.79,6.52,18.74,6.72
4873,6832,Bapu Tatoba Yesale,Shirala,"5/3 , 5/25",Yeslewadi,0.41,6.65,0.14,0.67,213.25,15.60,280.0,6.89,1.24,0.88,0.20,21.30,7.90
4874,6833,Balu Nivrutti Yesale,Shirala,9/1/? 8/2,Yeslewadi,0.47,6.51,0.16,0.33,175.62,11.14,224.0,7.33,0.66,1.08,5.28,10.70,7.00
4875,6834,"Bapu Manu Yesle,",Shirala,17/54/2,Yeslewadi,0.03,6.51,0.17,0.28,163.07,20.95,358.4,8.51,0.96,1.21,6.52,29.32,7.28
4876,6835,Banabai Shankar Yesale,Shirala,12/1 12/1 12/1,Yeslewadi,0.42,6.52,0.15,0.33,175.62,23.18,414.4,8.20,1.30,1.58,6.46,19.78,7.00
4877,6836,Dilip Ananda Yesale,Shirala,"5/3 ,5/25 ,5/24",Yeslewadi,0.59,6.53,0.14,0.49,200.70,19.17,392.0,9.42,1.04,1.54,7.10,17.94,6.18
4878,6837,Dnyandev Yashawant Yesale,Shirala,12/3,Yeslewadi,0.06,6.55,0.11,0.46,188.16,15.16,291.2,9.33,1.00,1.56,6.74,26.38,6.96
4879,6838,Dnyandev Balku Yesale,Shirala,4/9/?,Yeslewadi,0.31,6.58,0.19,0.49,213.25,20.95,313.6,8.81,1.06,1.18,8.20,20.48,4.76
4880,6839,Dadu Tuka Yesale,Shirala,5/3,Yeslewadi,1.24,6.56,0.16,0.85,200.70,12.48,224.0,9.29,0.82,0.83,5.62,23.00,7.64
4881,6840,Ganpati Manu Yesale,Shirala,10/1,Yeslewadi,0.39,6.70,0.17,0.51,225.79,15.60,268.8,11.12,0.44,1.39,4.20,12.00,5.34
4882,6841,Ganapati Shripati Yesale,Shirala,14/1,Yeslewadi,0.05,6.65,0.15,0.79,200.70,16.94,436.8,9.12,0.84,0.69,8.82,11.38,4.48
4883,6842,Ganesh Laxman Yesale,Shirala,9/1/?,Yeslewadi,0.08,6.52,0.14,0.88,175.62,27.64,425.6,8.29,0.92,1.23,5.36,19.66,6.48
4884,6843,Gangubai Akaram Yesale,Shirala,6/2,Yeslewadi,0.87,6.51,0.12,0.42,188.16,32.09,470.4,7.98,0.94,1.11,7.94,19.20,7.20
4885,6844,Hariba Bandu Yesale,Shirala,18/35,Yeslewadi,0.85,6.53,0.13,0.79,213.25,26.30,392.0,8.64,0.90,1.36,4.32,24.10,6.34
4886,6845,Hirabai Bapu Yesale,Shirala,4/1/?,Yeslewadi,0.04,6.52,0.15,0.51,213.25,18.72,336.0,9.38,1.46,1.49,5.00,20.40,6.40
4887,6846,Jotiram Bali Yesale,Shirala,18/36/?,Yeslewadi,0.08,6.54,0.16,0.56,213.25,14.71,257.6,10.21,0.78,1.54,5.68,25.84,6.50
4888,6847,Jayvant Vishnu Yesale,Shirala,5/25,Yeslewadi,0.05,7.01,0.13,0.61,200.70,9.81,347.2,9.51,0.56,1.59,4.54,28.42,3.94
4889,6848,Laxman Ramchandra Yesale,Shirala,9/1/?,Yeslewadi,0.09,6.77,0.15,0.57,225.79,19.61,537.6,9.99,0.68,0.98,6.44,7.54,8.04
4890,6849,Laxman Vishnu Yesle,Shirala,9/1/?,Yeslewadi,0.07,6.56,0.18,0.82,150.53,14.26,436.8,8.90,1.16,1.21,5.34,19.58,9.26
4891,6850,Lakshman Shripati Yesale,Shirala,6/2,Yeslewadi,0.87,6.53,0.16,0.50,238.34,18.28,336.0,9.16,0.22,1.36,5.66,2.92,2.10
4892,6851,Maruti Kisan Yesale,Shirala,18/36/?,Yeslewadi,0.1,6.51,0.19,0.49,301.06,15.60,324.8,10.16,0.74,1.38,5.30,22.58,6.54
4893,6852,Maruti Pandurang Yesale,Shirala,9/1/?,Yeslewadi,0.32,6.54,0.16,0.44,188.16,16.05,201.6,9.47,0.64,1.49,5.74,3.98,8.34
4894,6853,Maruti Balu Yesale,Shirala,18/36/?,Yeslewadi,1.39,6.56,0.18,0.83,213.25,18.28,336.0,10.38,0.98,1.55,8.76,23.58,7.08
4895,6854,Maruti Tukaram Yesale,Shirala,18/36/? 18/1,Yeslewadi,0.09,6.59,0.11,0.58,213.25,14.26,246.4,10.60,0.64,1.56,7.70,21.14,5.50
4896,6855,Maruti Yashavant Yesale,Shirala,5/3,Yeslewadi,0.12,6.64,0.10,0.57,175.62,15.60,347.2,9.51,0.74,1.49,9.14,19.20,5.92
4897,6856,Mahadev Rajaram Yesale,Shirala,1/1,Yeslewadi,0.29,6.56,0.13,0.67,225.79,20.06,268.8,8.94,0.96,1.46,12.14,28.36,6.64
4898,6857,Mahadev Ananda Yesale,Shirala,13/5,Yeslewadi,0.07,6.53,0.10,0.69,225.79,23.18,414.4,9.90,0.58,0.98,6.76,22.30,7.22
4899,6858,Mahesh Rajaram Yesale,Shirala,"5/3 , 5/25 , 5/25",Yeslewadi,0.08,6.57,0.20,0.81,213.25,26.30,212.8,8.38,0.60,1.00,11.22,15.72,4.62
4900,6859,Namdev Dnyanu Bebale,Shirala,"16/6 ,16/4",Yeslewadi,0.44,6.58,0.16,0.51,225.79,20.06,235.2,8.07,0.72,1.31,9.20,27.54,5.04
4901,6860,Namdev Dnyadev Yasale,Shirala,"17/48,17/50",Yeslewadi,0.21,6.51,0.12,0.49,175.62,15.60,358.4,7.28,0.66,1.29,7.56,24.48,4.02
4902,6861,Namdev Shankar Yesale,Shirala,18/36/?,Yeslewadi,0.15,6.54,0.14,0.53,188.16,27.64,425.6,8.29,0.60,1.00,7.46,18.52,5.64
4903,6862,Nivrutti Ganpati Nivdunge,Shirala,"5/1, 5/3",Yeslewadi,0.57,6.60,0.13,0.51,213.25,11.14,291.2,9.77,0.96,1.06,9.26,18.88,5.18
4904,6863,Narayan Kisan Yasale,Shirala,5/25,Yeslewadi,0.04,6.52,0.11,0.49,163.07,21.84,336.0,9.12,0.72,1.23,7.20,23.14,4.04
4905,6864,Namdev Ananda Yesale,Shirala,5/3,Yeslewadi,0.08,6.54,0.17,0.57,225.79,23.63,257.6,10.12,0.90,1.49,12.48,28.72,6.96
4906,6865,Nathuram Aanna Yesale,Shirala,5/3,Yeslewadi,0.61,6.51,0.15,0.60,225.79,19.61,212.8,10.73,0.84,1.24,7.24,11.38,6.90
4907,6866,Nanda Hindurao Yesle,Shirala,6/2,Yeslewadi,0.79,6.52,0.14,0.53,250.88,27.19,380.8,11.12,0.78,1.30,7.50,25.00,6.86
4908,6867,Prakash Shankar Yesale,Shirala,18/36/?,Yeslewadi,0.78,6.56,0.12,0.49,175.62,15.60,336.0,9.07,0.76,1.29,8.20,23.18,5.36
4909,6868,Pandurang Shamrao Yesale,Shirala,5/3,Yeslewadi,0.08,6.55,0.18,0.75,188.16,16.94,291.2,9.55,0.78,1.22,7.48,24.26,5.30
4910,6869,Parubai Yashavant Jadhav,Shirala,17/16,Yeslewadi,0.11,6.62,0.15,0.68,175.62,20.06,235.2,10.29,0.64,1.35,7.28,18.58,2.18
4911,6870,Pandurang Ramu Yesale,Shirala,18/36/?,Yeslewadi,1.01,6.51,0.14,0.71,213.25,19.17,201.6,9.20,0.78,1.07,7.68,20.82,5.56
4912,6871,Pandurang Yashawant Yesale,Shirala,"18/36/? , 18/12",Yeslewadi,0.13,6.51,0.11,0.46,188.16,17.83,246.4,9.81,0.64,1.00,10.44,30.38,3.94
4913,6872,Pandurang ganapati yesale,Shirala,9/1/?,Yeslewadi,0.23,6.54,0.15,0.40,188.16,16.49,190.4,8.81,0.68,0.82,10.22,10.52,7.14
4914,6873,Prakash Ganapati Yesale,Shirala,5/3,Yeslewadi,0.04,6.52,0.19,0.61,213.25,17.38,347.2,9.33,0.98,1.22,7.66,18.84,5.92
4915,6874,Rajaram Kisan Yesale,Shirala,13/7/?,Yeslewadi,0.12,6.54,0.16,0.64,213.25,14.71,392.0,7.90,0.78,1.12,7.72,16.94,7.08
4916,6875,Ramchandra Shrirang Gundage,Shirala,13/8,Yeslewadi,0.52,6.58,0.21,0.53,188.16,16.05,425.6,8.38,0.88,1.15,7.62,11.50,4.64
4917,6876,Rajaram Bhau Yesale,Shirala,"18/36/? ,18/35",Yeslewadi,0.91,6.52,0.20,0.44,188.16,16.49,280.0,7.76,0.86,1.50,8.96,20.98,5.44
4918,6877,Rangarao Dnyanu Yesale,Shirala,"16/4,16/6",Yeslewadi,0.24,6.53,0.14,0.50,213.25,23.18,179.2,6.80,0.52,1.11,9.14,20.02,2.86
4919,6878,Rupali Ramchandra Yesale,Shirala,18/24,Yeslewadi,0.09,7.15,0.14,0.57,213.25,24.52,201.6,7.37,0.40,1.03,7.92,14.58,4.06
4920,6879,Rajaram Pandurang Jadhav,Shirala,"18/9 ,18/8 ,18/34",Yeslewadi,0.13,6.59,0.12,0.60,200.70,18.72,235.2,9.33,0.66,1.23,8.26,11.90,6.88
4921,6880,Ramchandra Bapu Yesale,Shirala,"5/3 ,5/25",Yeslewadi,0.06,6.66,0.11,0.82,188.16,16.49,212.8,10.03,0.96,0.89,7.96,28.30,4.82
4922,6881,Ramchandra Baburao Tavare,Shirala,5/25,Yeslewadi,0.57,6.53,0.15,0.72,213.25,15.60,358.4,9.68,0.82,1.04,8.42,3.42,6.78
4923,6882,Rohit namdev Yesale,Shirala,1/16/8,Yeslewadi,0.05,6.54,0.13,0.69,225.79,16.49,201.6,9.07,0.62,1.09,9.38,24.90,4.70
4924,6883,Ranjit Akaram Yesale,Shirala,6/1,Yeslewadi,0.21,6.60,0.10,0.67,163.07,20.95,380.8,9.51,0.48,1.16,7.94,20.04,5.66
4925,6884,Raju Bandu Yesale,Shirala,17/54/10,Yeslewadi,0.85,6.52,0.10,0.65,363.78,11.14,224.0,10.25,0.98,1.22,9.62,14.16,5.98
4926,6885,Sitamra Kisan Yesale,Shirala,16/7,Yeslewadi,0.57,6.65,0.13,0.47,213.25,15.60,291.2,9.38,0.82,1.09,9.30,12.98,4.28
4927,6886,Shamarao Dnyanu Yesale,Shirala,18/36/?,Yeslewadi,0.64,6.53,0.12,0.50,213.25,15.60,235.2,9.51,0.76,1.35,9.28,11.60,3.82
4928,6887,Shivaji Shankar Sawant,Shirala,18/37,Yeslewadi,0.44,6.52,0.10,0.44,213.25,14.26,257.6,8.99,1.04,1.37,9.08,13.40,4.66
4929,6888,Shivaji Raghu Yesale,Shirala,17/2,Yeslewadi,0.67,6.54,0.15,0.53,213.25,15.60,403.2,9.33,0.84,1.35,12.66,9.04,5.04
4930,6889,Shamrao Ramchandra Yesale,Shirala,18/36/?,Yeslewadi,0.33,6.58,0.16,0.71,225.79,15.60,246.4,8.64,0.48,1.23,21.48,18.06,8.32
4931,6890,Shivaji Shamarao Yesale,Shirala,3/12,Yeslewadi,0.04,6.52,0.10,0.46,213.25,11.14,336.0,7.85,0.86,1.03,7.94,9.30,4.88
4932,6891,Sudam Dnyanu Yesale,Shirala,9/1/?,Yeslewadi,0.08,6.55,0.12,0.69,238.34,20.95,414.4,7.15,1.14,1.04,5.98,19.80,5.36
4933,6892,Shamrao Namdev Yesale,Shirala,9/1/?,Yeslewadi,0.16,6.53,0.14,0.36,175.62,23.18,324.8,7.76,1.10,1.14,6.38,17.48,0.68
4934,6893,Shankar Ananda Yesale,Shirala,9/1/?,Yeslewadi,0.5,6.51,0.16,0.51,200.70,19.17,302.4,6.76,0.66,1.24,3.22,18.72,3.10
4935,6894,Shankar Tukaram Yesale,Shirala,18/36/?,Yeslewadi,1.1,6.52,0.12,0.63,163.07,11.14,280.0,8.81,0.44,1.39,7.12,22.84,5.94
4936,6895,Shankar Balu Yesale,Shirala,"5/3 ,5/25 ,6/2",Yeslewadi,1.35,6.52,0.10,0.47,200.70,15.60,257.6,9.29,1.04,1.35,5.86,31.88,5.20
4937,6896,Shantabai Rajaram Yesle.,Shirala,6/2,Yeslewadi,3.33,6.54,0.10,0.76,225.79,13.37,313.6,8.99,0.88,0.94,4.70,17.78,6.66
4938,6897,Shamrao Bapu Yesle,Shirala,9/1/?,Yeslewadi,0.07,6.56,0.11,0.43,213.25,15.60,268.8,9.42,0.92,0.89,1.00,20.80,7.44
4939,6898,Sandip Akaram Yesale,Shirala,8/1/? 8/1/?,Yeslewadi,2.1,6.59,0.10,0.74,225.79,14.71,224.0,10.12,1.08,0.93,7.66,23.90,4.58
4940,6899,Sunil ganapati Yesale,Shirala,17/2,Yeslewadi,0.04,6.55,0.13,0.61,213.25,22.73,347.2,9.47,0.86,0.98,6.02,4.40,4.60
4941,6900,Kisan Pandurang Jadhav,Shirala,18/8,Yeslewadi,0.29,6.51,0.10,0.46,200.70,23.63,212.8,8.94,0.82,1.34,3.44,13.44,0.54
4942,6901,Tukaram Kisan Yesale,Shirala,18/7/?,Yeslewadi,0.19,6.52,0.12,0.64,225.79,18.28,190.4,10.60,0.56,1.24,5.40,20.04,5.82
4943,6902,Tukaram Raghunath Savant,Shirala,18/37,Yeslewadi,0.15,6.61,0.10,0.56,250.88,15.60,291.2,9.29,0.76,0.90,7.60,24.76,0.60
4944,6903,Tukaram Nana Yesale,Shirala,10/5,Yeslewadi,0.09,6.55,0.10,0.69,225.79,12.04,358.4,9.07,0.98,1.10,5.42,17.16,0.22
4945,6904,Tukaram Balu Yesale,Shirala,18/36/?,Yeslewadi,1.3,6.53,0.10,0.74,213.25,17.83,224.0,10.16,0.78,1.20,3.32,7.80,4.60
4946,6905,Ushatai Shamrao Badade.,Shirala,9/1/?,Yeslewadi,1.26,6.58,0.12,0.69,238.34,27.19,235.2,8.46,0.54,1.47,7.18,16.22,6.84
4947,6906,Vasnat Dnyanu Bebale,Shirala,16/6,Yeslewadi,0.22,6.53,0.11,0.82,188.16,18.72,201.6,8.07,0.82,1.52,7.96,12.82,7.64
4948,6907,Vasant Dnyanu Bhashte,Shirala,16/3,Yeslewadi,0.03,6.56,0.10,0.67,213.25,14.71,268.8,7.85,0.46,0.97,3.22,20.10,4.90
4949,6908,Vasant Rajaram Yesale,Shirala,6/2,Yeslewadi,0.87,6.62,0.14,0.71,225.79,16.49,369.6,6.85,0.84,0.88,5.54,12.28,5.10
4950,6909,Vasantrao Ramchandra Yesale,Shirala,"5/3 , 5/25",Yeslewadi,0.05,6.52,0.12,0.53,175.62,16.05,436.8,9.20,0.90,1.30,3.80,22.62,3.54
4951,6910,Yashwant Nivritti Yesle,Shirala,6/2,Yeslewadi,0.04,6.53,0.10,0.57,238.34,14.71,302.4,9.77,0.90,1.09,2.34,22.98,3.62
4952,6911,Ratnprabha Tanaji Desai,Shirala,63/2,Pavalewadi,0.48,7.29,0.18,0.71,238.34,20.06,212.80,10.73,0.32,1.46,0.30,6.38,2.26
4953,6912,Bharti Shiwaji Desai,Shirala,58/2,Pavalewadi,1.61,7.36,0.16,0.65,188.16,21.84,190.40,8.64,0.50,1.32,0.24,3.62,2.78
4954,6913,Ganpti Aananda Pavle,Shirala,60/2,Pavalewadi,0.87,7.30,0.18,0.82,200.70,17.83,201.60,10.60,0.62,1.43,0.36,8.24,3.62
4955,6914,Seematai Vikas Patil,Shirala,60/9,Pavalewadi,0.34,6.75,0.19,0.60,175.62,16.49,246.40,9.55,3.06,1.52,0.34,1.78,6.24
4956,6915,Ramchandra Dattu Pavle,Shirala,64/1,Pavalewadi,0.18,7.15,0.21,0.57,200.70,22.73,336.00,8.99,1.08,1.49,0.24,11.78,3.70
4957,6916,Narayan Dattu Pavle,Shirala,53/1,Pavalewadi,0.21,7.10,0.17,0.54,250.88,18.72,291.20,9.60,3.66,1.45,0.22,3.84,3.98
4958,6917,Babasaheb Eshvra Patil,Shirala,60/2,Pavalewadi,0.80,7.00,0.20,0.57,225.79,15.16,235.20,8.42,1.44,1.18,0.28,3.74,4.52
4959,6918,Krushna Narayan Pavle,Shirala,60/7,Pavalewadi,1.72,7.41,0.17,0.54,213.25,22.73,179.20,8.11,1.78,1.25,0.22,5.46,2.40
4960,6919,Sangita Sambhaji Patil,Shirala,59/4,Pavalewadi,0.37,7.18,0.20,0.74,188.16,18.72,190.40,9.73,2.38,1.34,0.20,2.32,3.58
4961,6920,Lakshman Dyanu Pavle,Shirala,60/8,Pavalewadi,1.79,7.20,0.20,0.85,225.79,15.16,268.80,9.16,2.00,1.54,0.32,3.16,2.72
4962,6921,???? Kesu Pavle,Shirala,64/4,Pavalewadi,0.40,7.17,0.19,0.74,238.34,21.84,313.60,10.03,0.28,1.48,0.20,11.20,2.76
4963,6922,Suresh Keshv Pavle,Shirala,64/4,Pavalewadi,0.40,7.33,0.19,0.67,200.70,20.50,280.00,7.20,0.58,1.29,0.34,9.64,3.58
4964,6923,Sakharam Balku Pavle,Shirala,63/1,Pavalewadi,0.30,7.05,0.14,0.76,238.34,13.82,224.00,8.29,1.36,1.38,0.38,2.26,3.38
4965,6924,Viswas Sakharam,Shirala,61/2,Pavalewadi,0.36,6.99,0.16,0.54,225.79,28.08,313.60,9.81,0.50,1.49,0.26,5.22,4.98
4966,6925,Gorakh Yashvant Pavle,Shirala,61/2,Pavalewadi,0.33,7.27,0.19,0.68,200.70,25.41,347.20,9.16,0.76,1.18,0.28,3.18,6.30
4967,6926,Aakatai Pandurang Pavle,Shirala,59/5,Pavalewadi,0.30,7.20,0.20,0.57,238.34,26.30,380.80,9.03,0.84,1.09,0.36,3.80,3.64
4968,6927,Krishna Aananda Pavle,Shirala,63/1,Pavalewadi,0.31,6.99,0.10,0.54,200.70,29.87,302.40,9.07,2.88,1.32,0.38,6.80,6.32
4969,6928,Sarjerao Bandu Pavle,Shirala,60/10,Pavalewadi,0.39,7.05,0.13,0.57,250.88,26.75,224.00,9.16,2.36,1.41,0.32,20.38,5.12
4970,6929,Narayan Dyanu Pavle,Shirala,56/2,Pavalewadi,0.18,7.11,0.15,0.60,225.79,19.17,257.60,10.25,4.90,1.58,0.26,13.86,5.12
4971,6930,Sambhaji Tukaram,Shirala,57/10,Pavalewadi,0.59,7.18,0.20,0.82,200.70,18.72,235.20,8.38,1.00,1.53,0.32,3.36,4.06
4972,6931,Sanjay Dadu Pavle,Shirala,70/12,Pavalewadi,0.15,6.97,0.11,0.65,238.34,21.40,403.20,8.51,0.48,1.35,0.20,8.68,3.30
4973,6932,Rangrav Dattu Pavle,Shirala,71/19,Pavalewadi,0.79,6.99,0.10,0.71,225.79,19.61,425.60,8.29,4.34,1.20,0.20,4.56,3.72
4974,6933,Sadhu Rama Pavle,Shirala,71/19,Pavalewadi,0.38,7.14,0.19,0.96,200.70,23.18,347.20,8.85,2.78,1.31,0.32,0.32,2.92
4975,6934,Ananda Mahadev pavle,Shirala,63/2,Pavalewadi,0.70,7.15,0.23,0.72,250.88,30.31,336.00,8.90,1.14,1.47,0.26,0.60,3.04
4976,6935,Rohit Kumar Dinkar Patil,Shirala,52/4,Pavalewadi,0.55,7.33,0.20,0.60,225.79,28.97,302.40,8.64,3.26,1.22,0.20,0.52,3.30
4977,6936,Ramchandra Mahadev pavle,Shirala,63/2,Pavalewadi,0.40,7.20,0.21,0.72,213.25,34.77,246.40,7.63,0.40,1.39,0.28,19.30,3.42
4978,6937,Nanda Kumar pavle,Shirala,73/8,Pavalewadi,0.25,6.88,0.10,0.72,238.34,31.20,224.00,8.24,0.26,1.56,0.30,0.70,2.66
4979,6938,Arvind Kumar Pavale,Shirala,70/10,Pavalewadi,0.25,7.17,0.16,0.58,225.79,30.76,190.40,7.33,1.36,1.16,0.28,9.54,4.08
4980,6939,Kiran Kumar Patil,Shirala,66/2,Pavalewadi,0.20,7.42,0.15,0.61,188.16,28.53,212.80,10.16,0.52,1.17,0.36,1.40,3.60
4981,6940,Balkrushn Dhondi pavle,Shirala,57/9,Pavalewadi,0.29,7.57,0.15,0.57,250.88,23.18,347.20,9.51,0.54,1.45,0.32,1.50,2.52
4982,6941,Viswas Bali Pavle,Shirala,8/3,Pavalewadi,0.39,7.43,0.18,0.51,200.70,24.07,403.20,9.25,1.20,1.18,0.30,0.50,3.92
4983,6942,Kumar Shankar Pavle,Shirala,13/1,Pavalewadi,0.20,7.00,0.10,0.53,200.70,28.53,358.40,7.20,0.24,1.22,3.32,8.10,4.30
4984,6943,Namdev Keshv Pavle,Shirala,8/23,Pavalewadi,0.20,7.15,0.15,0.44,238.34,20.95,392.00,8.20,0.80,1.51,0.36,0.70,3.18
4985,6944,Vikas Jayshigh Desai,Shirala,13/2,Pavalewadi,1.10,7.55,0.16,0.58,250.88,18.28,369.60,8.38,1.24,1.60,0.32,6.24,2.08
4986,6945,Gorakh Balu Pavle,Shirala,22/5,Pavalewadi,1.23,7.08,0.11,0.60,213.25,27.19,392.00,7.46,0.94,1.37,0.26,0.32,4.50
4987,6946,Bhagwan Balu Pavle,Shirala,22/2,Pavalewadi,0.29,7.11,0.10,0.72,225.79,28.08,425.60,9.60,0.28,1.42,0.34,0.82,2.74
4988,6947,Vandna Sanjay Pavle,Shirala,4/2,Pavalewadi,0.06,6.99,0.13,0.76,250.88,25.41,324.80,10.21,1.22,1.29,0.32,9.26,2.08
4989,6948,Sadashiv Yashvant Gaykwad,Shirala,24/3,Pavalewadi,0.02,7.44,0.12,0.74,225.79,26.30,246.40,10.56,1.20,1.69,0.32,6.44,3.50
4990,6949,Yashvant Gunga Pavle,Shirala,22/2,Pavalewadi,0.44,7.30,0.20,0.58,238.34,26.75,280.00,9.95,0.28,1.08,0.22,18.68,2.92
4991,6950,Balabai Vasudev Pavle,Shirala,21/1,Pavalewadi,0.40,7.05,0.13,0.57,213.25,19.17,201.60,9.55,0.24,1.14,0.34,0.96,6.54
4992,6951,Hindu Dyanu Pavle,Shirala,72/1,Pavalewadi,0.27,7.54,0.14,0.72,250.88,28.53,179.20,9.29,1.04,1.20,0.76,3.02,6.68
4993,6952,Daji Balu Pavle,Shirala,14/6,Pavalewadi,0.40,7.72,0.18,0.65,188.16,24.52,212.80,9.20,0.86,1.10,0.24,1.36,2.60
4994,6953,Narayan Keshv Pavle,Shirala,14/6,Pavalewadi,1.57,7.08,0.10,0.65,225.79,31.65,358.40,8.55,0.60,1.35,0.26,7.00,1.88
4995,6954,Tanaji Shamrao Pavle,Shirala,22/5,Pavalewadi,0.07,7.45,0.14,0.71,238.34,13.82,280.00,8.24,0.56,1.38,0.82,41.50,3.86
4996,6955,Bajrang Babu Pavle,Shirala,22/5,Pavalewadi,1.30,7.04,0.10,0.54,238.34,20.50,313.60,9.25,0.86,1.08,0.30,41.34,2.96
4997,6956,Seema Shiwaji Pawle,Shirala,14/11,Pavalewadi,0.08,7.45,0.17,0.60,213.25,15.60,201.60,9.51,0.72,1.17,0.26,3.94,3.08
4998,6957,Kisabai Dadu Pavle,Shirala,14/11,Pavalewadi,0.08,7.40,0.19,0.56,250.88,16.94,190.40,7.42,0.50,1.30,0.36,3.12,2.78
4999,6958,Babaji Pandunrang Pavle,Shirala,69/1,Pavalewadi,0.21,7.44,0.14,0.58,213.25,21.84,257.60,6.89,0.82,1.41,0.20,10.62,5.50
5000,6959,Babaji Pandurang Gaykwad,Shirala,24/3,Pavalewadi,0.25,7.39,0.17,0.46,238.34,15.16,212.80,7.37,0.64,1.48,0.26,1.18,3.48
5001,6960,Sarjerao Bapu Pavle,Shirala,37/11,Pavalewadi,0.11,7.56,0.18,0.43,250.88,18.72,313.60,6.19,0.54,1.57,0.26,2.12,3.84
5002,6961,Jayshree Uvraj Patil,Shirala,49,Pavalewadi,0.11,7.26,0.12,0.50,225.79,22.73,358.40,9.77,0.70,1.73,0.40,6.78,3.80
5003,6962,????? Shamraw Upalne,Shirala,21/1,Pavalewadi,1.33,7.71,0.18,0.42,188.16,16.49,380.80,9.95,0.50,1.79,0.52,40.04,6.66
5004,6963,Umesh Shankar Patil,Shirala,11/2,Pavalewadi,0.79,7.26,0.16,0.49,238.34,17.83,291.20,10.08,1.02,1.62,0.60,8.62,2.88
5005,6964,Rghunath Bali Pavle,Shirala,25/1,Pavalewadi,0.36,7.34,0.17,0.60,225.79,21.84,224.00,9.20,0.82,1.37,0.26,5.60,5.42
5006,6965,Lakshmi Tukaram Gaikwad,Shirala,24/3,Pavalewadi,0.04,7.41,0.15,0.68,250.88,20.06,347.20,8.51,0.60,1.16,0.58,12.46,5.56
5007,6966,Vishnu Yashvant Gaikwad,Shirala,5/1,Pavalewadi,0.04,7.52,0.15,0.61,213.25,11.14,291.20,9.51,2.08,1.35,0.70,3.58,5.80
5008,6967,Sahdev pandurang Gaikwad,Shirala,24/3,Pavalewadi,0.10,7.62,0.17,0.47,238.34,24.52,268.80,9.03,0.48,1.50,0.26,7.70,5.10
5009,6968,Ananda Balu Pavle,Shirala,20/1,Pavalewadi,0.12,7.58,0.13,0.53,250.88,28.08,246.40,9.55,0.86,1.55,0.68,5.96,5.02
5010,6969,Dagdu Balu Pavle,Shirala,63/2,Pavalewadi,0.36,7.61,0.15,0.47,213.25,24.52,201.60,12.87,0.56,1.48,0.64,5.14,4.58
5011,6970,Rajaram Balvant Pavle,Shirala,22/2,Pavalewadi,0.21,7.05,0.14,0.53,238.34,28.53,168.00,9.29,0.44,1.29,0.68,2.14,4.82
5012,6971,Parvti Shankar Pavle,Shirala,57/10,Pavalewadi,0.59,7.62,0.14,0.46,213.25,25.41,212.80,8.51,0.82,1.05,0.68,3.70,2.88
5013,6972,Tanaji Shiwaji Pavle,Shirala,70/1,Pavalewadi,0.59,6.96,0.10,0.49,188.16,15.60,257.60,7.76,0.74,1.15,0.40,11.00,7.90
5014,6973,Vikram Narayan Pavle,Shirala,40/2,Pavalewadi,0.33,7.29,0.12,0.44,238.34,15.60,224.00,8.42,0.88,1.34,0.60,4.64,3.02
5015,6974,Arjun Mahadev Pavle,Shirala,11/9,Pavalewadi,0.25,7.41,0.15,0.51,213.25,28.97,313.60,8.38,0.58,1.32,0.76,8.44,5.10
5016,6975,Suman Murlidhr Ghode,Shirala,64/2,Pavalewadi,1.99,7.73,0.17,0.57,225.79,26.30,280.00,8.90,0.40,1.19,0.66,9.30,3.10
5017,6976,Bhimrao Ganu Pavle,Shirala,15/2,Pavalewadi,0.42,7.34,0.12,0.65,238.34,22.73,302.40,9.12,0.82,1.20,0.68,21.94,2.68
5018,6977,Viswas Ganpti Pavle,Shirala,15/2,Pavalewadi,0.40,7.68,0.16,0.61,188.16,16.49,291.20,9.55,0.40,1.10,0.56,12.44,3.64
5019,6978,Tukaram Ganu Pavle,Shirala,15/11,Pavalewadi,0.42,7.06,0.10,0.74,200.70,18.72,313.60,9.16,1.48,1.23,0.58,9.34,3.44
5020,6979,Shalan Balu Pavle,Shirala,22/5,Pavalewadi,1.18,7.02,0.15,0.54,188.16,14.26,224.00,6.89,1.00,1.48,1.22,10.30,5.24
5021,6980,Balu Yashvant Pavle,Shirala,417,Pavalewadi,0.40,7.45,0.14,0.57,213.25,15.60,246.40,8.46,0.52,1.57,0.56,6.42,6.16
5022,6981,Rahul Bhimrao Pavle,Shirala,22/5,Pavalewadi,1.34,7.11,0.12,0.51,238.34,25.41,336.00,10.12,0.56,1.62,0.70,4.94,4.34
5023,6982,Sushil Raghunath Pavle,Shirala,16/4,Pavalewadi,0.34,7.36,0.15,0.44,200.70,27.19,280.00,10.16,0.66,1.74,0.68,6.92,6.16
5024,6983,Anusya Bandu Pavle,Shirala,69/1,Pavalewadi,0.21,7.78,0.14,0.49,238.34,22.73,324.80,10.69,0.72,1.47,0.54,7.86,5.76
5025,6984,Tukaram Keshv Pavle,Shirala,69/1,Pavalewadi,0.21,7.82,0.13,0.46,200.70,11.14,257.60,8.46,0.78,1.38,0.56,7.14,3.26
5026,6985,Gorakhnath Dhondi Lavte,Shirala,17/2,Pavalewadi,0.29,7.18,0.15,0.53,238.34,22.29,302.40,8.55,0.92,1.28,0.62,15.42,3.46
5027,6986,Jayshig Dhondi Lavte,Shirala,17/2b,Pavalewadi,0.29,7.80,0.12,0.47,200.70,22.73,224.00,8.46,0.44,1.40,0.64,7.10,5.98
5028,6987,Sarjerav Dhondi Lavte,Shirala,17/2,Pavalewadi,0.30,7.55,0.16,0.61,188.16,20.06,212.80,8.68,0.60,1.27,0.68,3.78,3.64
5029,6988,Bajirav Aanaa Pavle,Shirala,25/3,Pavalewadi,0.18,7.56,0.12,0.68,200.70,23.18,257.60,9.38,0.76,1.14,0.60,2.26,5.00
5030,6989,Bhgwan Namdev  Desai,Shirala,20/3,Pavalewadi,0.50,7.67,0.12,0.60,238.34,26.75,179.20,10.03,1.48,1.20,0.64,5.96,2.80
5031,6990,Shantaram Bapu Pawle,Shirala,76/1,Pavalewadi,0.73,7.82,0.12,0.49,263.42,22.29,190.40,10.12,0.78,1.48,0.54,8.48,3.16
5032,6991,Popat Tukaram Pavle,Shirala,70/9,Pavalewadi,0.28,7.54,0.16,0.42,225.79,25.41,246.40,8.46,0.78,1.58,0.56,4.46,6.20
5033,6992,Shiwaji Dhondi Pavle,Shirala,17/2b,Pavalewadi,0.38,7.57,0.20,0.50,238.34,24.52,313.60,8.77,0.74,1.43,0.32,0.98,4.96
5034,6993,Tanaji Dhondi Pavle,Shirala,3/20,Pavalewadi,1.90,7.81,0.13,0.43,200.70,12.04,224.00,10.03,0.48,1.37,0.52,5.06,2.94
5035,6994,Dilip Vasudev Pavle,Shirala,22/2,Pavalewadi,0.89,7.66,0.14,0.46,238.34,11.14,235.20,7.20,0.62,1.29,0.46,5.48,4.60
5036,6995,Vishnu Chandru Pavle,Shirala,17/2,Pavalewadi,0.70,7.61,0.18,0.58,188.16,22.73,291.20,7.63,0.38,1.15,0.48,5.24,2.54
5037,6996,Aabaji  Balu Pavle,Shirala,4/2,Pavalewadi,0.20,7.71,0.15,0.56,225.79,11.14,324.80,8.51,0.98,1.18,0.54,2.42,2.44
5038,6997,Shalan Aaba Pavle,Shirala,68/9,Pavalewadi,0.12,7.15,0.10,0.54,263.42,11.59,380.80,9.95,0.62,1.07,0.46,5.12,2.98
5039,6998,Javant Tukaram Sankpal,Shirala,47/2,Pavalewadi,0.15,7.96,0.18,0.72,225.79,16.49,246.40,10.25,0.46,1.00,0.42,13.98,2.78
5040,6999,Mandati Vishnu Lavte,Shirala,17/2 b,Pavalewadi,0.34,7.60,0.14,0.53,225.79,20.06,224.00,10.64,0.42,1.25,0.36,2.10,2.70
5041,7000,Bhagwan Vishnu Lavte,Shirala,17/2a,Pavalewadi,0.34,7.60,0.14,0.44,250.88,20.06,201.60,8.59,0.76,1.30,0.34,1.60,3.88
5042,7001,?????? ?????? Lavte,Shirala,17/2,Pavalewadi,0.36,7.31,0.11,0.71,225.79,15.16,257.60,10.03,0.46,1.40,0.36,9.32,1.94
5043,7002,?????? ??????? ?????,Shirala,8/1,Pavalewadi,0.07,7.03,0.14,0.60,263.42,18.28,302.40,10.21,1.06,1.27,0.22,1.82,2.92
5044,7003,Machindra Shankar Salunke,Shirala,259,Nigadi,1.00,6.77,0.10,0.49,238.34,14.26,201.60,8.38,0.60,1.53,0.28,5.26,3.24
5045,7004,Ashok Yashwant Salunkhe,Shirala,426,Nigadi,1.20,6.65,0.10,0.47,188.16,15.60,257.60,8.55,0.52,1.34,0.28,4.16,3.58
5046,7005,Ganpati Pandurang Bhalekar,Shirala,325,Nigadi,0.30,7.50,0.31,0.47,238.34,11.14,336.00,10.25,0.70,1.49,1.70,9.14,4.24
5047,7006,Maruti Pandorang Bhalekar,Shirala,112,Nigadi,0.20,7.41,0.31,0.51,288.51,25.85,313.60,10.03,1.06,1.43,2.24,33.90,4.86
5048,7007,Maruti Tukaram Salunkhe,Shirala,276,Nigadi,0.70,7.03,0.10,0.90,489.22,27.19,280.00,10.38,2.44,1.32,0.42,8.20,5.60
5049,7008,Subhash Yashwant Salunke,Shirala,2320,Nigadi,0.20,6.99,0.13,0.53,200.70,23.63,268.80,8.64,1.20,1.29,0.42,11.38,5.56
5050,7009,Dattatrey Yashwant Salunke,Shirala,976,Nigadi,0.68,7.02,0.10,0.51,200.70,22.73,212.80,8.81,2.28,1.46,0.84,3.60,4.94
5051,7010,Popat Nevaruti Bhalekar,Shirala,1071,Nigadi,1.00,7.06,0.14,0.50,137.98,22.29,190.40,8.46,1.02,1.21,0.62,8.48,2.74
5052,7011,Vishwas Yashwant Salunkhe,Shirala,790,Nigadi,0.69,7.32,0.13,0.53,188.16,22.73,246.40,8.38,1.04,1.49,0.22,8.24,3.94
5053,7012,Mansing Pandurang Balekar,Shirala,852,Nigadi,0.67,6.99,0.10,0.76,250.88,27.64,291.20,7.20,1.66,1.45,0.28,5.80,4.26
5054,7013,Gunvant Nivritti Salunkhe,Shirala,1916,Nigadi,0.60,6.68,0.10,0.43,200.70,20.06,257.60,6.28,3.38,1.39,0.58,8.42,5.08
5055,7014,Sitaram Tukaram Salunkhe,Shirala,1916,Nigadi,0.50,6.43,0.10,0.46,238.34,15.60,336.00,6.46,2.22,1.48,0.92,14.84,4.40
5056,7015,Namdev Hindurao Salunkhe,Shirala,1355,Nigadi,0.60,6.95,0.12,0.75,175.62,22.73,380.80,7.20,0.56,1.47,1.00,9.04,4.70
5057,7016,Sunanda Dnyandev Salunkhe,Shirala,1359,Nigadi,0.50,7.20,0.10,0.49,188.16,22.29,280.00,8.94,0.60,1.58,0.22,10.94,3.88
5058,7017,Hanumant Shivaji Salunkhe,Shirala,1299,Nigadi,0.80,7.11,0.10,0.89,225.79,26.75,246.40,6.80,0.72,1.69,0.80,9.02,3.36
5059,7018,Ramchandra Yashwant Salunke,Shirala,1281,Nigadi,0.20,6.91,0.11,0.49,250.88,22.73,224.00,8.72,0.60,1.48,2.16,15.76,5.52
5060,7019,Shankar Bapu Salunke,Shirala,929,Nigadi,0.26,7.33,0.14,0.35,188.16,28.97,347.20,9.64,0.84,1.39,0.90,10.68,5.04
5061,7020,Vishwanath Bandhu Patil,Shirala,812,Nigadi,0.20,6.94,0.10,0.71,200.70,15.60,291.20,8.24,0.78,1.43,1.14,14.34,5.14
5062,7021,Mahipati Kedari Salunkhe,Shirala,833,Nigadi,0.20,7.61,0.18,0.51,188.16,26.30,257.60,8.38,0.86,1.17,1.38,8.88,4.30
5063,7022,Shankar Shivaji Bhalekar,Shirala,2209,Nigadi,0.10,7.48,0.10,0.47,225.79,22.73,358.40,9.77,2.18,1.28,0.60,6.50,5.52
5064,7023,Sushila Abaji Bhalekar,Shirala,2210,Nigadi,0.10,7.34,0.18,0.49,250.88,22.29,268.80,8.03,5.16,1.35,0.66,6.68,4.64
5065,7024,Ramchandra Sakharam Galgule,Shirala,2207,Nigadi,0.10,7.43,0.10,0.53,188.16,27.19,336.00,9.81,1.30,1.40,0.38,17.42,3.92
5066,7025,Appa Dhondi Salunke,Shirala,424,Nigadi,0.20,7.25,0.10,0.38,238.34,11.14,291.20,10.16,0.58,1.49,2.84,18.90,3.30
5067,7026,Sagar Shamrav Salunke,Shirala,411,Nigadi,0.21,7.35,0.10,0.42,275.97,18.28,268.80,8.55,3.24,1.55,7.18,24.20,4.26
5068,7027,Ramchandra Tatoba  Salunkhe,Shirala,249,Nigadi,0.52,6.99,0.10,0.38,263.42,16.05,257.60,7.33,3.18,1.61,6.70,15.12,4.16
5069,7028,Namdev Krishna Gallugade,Shirala,1593,Nigadi,0.21,7.18,0.10,0.35,288.51,19.61,224.00,6.35,1.24,1.66,9.80,7.60,3.38
5070,7029,Shivaji Yeshwant Galugade,Shirala,1793,Nigadi,0.25,7.14,0.10,0.49,225.79,15.16,291.20,6.89,1.02,1.48,1.90,10.98,2.80
5071,7030,Anil Baburao Galugade,Shirala,1735,Nigadi,0.24,6.89,0.10,0.53,263.42,13.82,280.00,8.46,1.64,1.44,3.40,14.50,4.44
5072,7031,Gunga Antu Galugade,Shirala,1756,Nigadi,0.13,6.99,0.10,0.50,288.51,14.71,257.60,6.94,4.16,1.33,5.36,17.36,5.54
5073,7032,Dattatrey Pandurang Bhalekar,Shirala,89,Nigadi,0.24,7.58,0.12,0.28,163.07,20.06,313.60,6.50,0.42,1.21,9.60,12.02,3.80
5074,7033,Hindu Rao Maruti Bhalekar,Shirala,87,Nigadi,0.15,7.26,0.11,0.71,200.70,16.49,302.40,6.28,0.62,1.36,10.02,7.24,3.46
5075,7034,Vijay Dattatrey Bhalekar,Shirala,2270,Nigadi,0.15,7.13,0.10,0.49,188.16,22.73,336.00,6.02,0.92,1.18,3.92,13.52,4.12
5076,7035,Ram Ram Namdev Salunke,Shirala,2272,Nigadi,0.20,7.08,0.12,0.46,225.79,16.49,358.40,6.89,1.04,1.14,7.76,15.44,4.42
5077,7036,Dilip Dattatrey Bhalekar,Shirala,2278,Nigadi,0.07,7.15,0.10,0.57,175.62,11.14,347.20,12.60,0.96,1.25,8.24,13.16,2.50
5078,7037,Sarika Prakash Bhalekar,Shirala,64,Nigadi,0.10,7.67,0.10,0.57,188.16,15.60,224.00,11.69,0.52,1.34,8.78,12.44,4.50
5079,7038,Panduranga Mahadev Salunke,Shirala,1280,Nigadi,0.25,7.25,0.10,0.54,225.79,18.28,268.80,6.19,0.94,1.42,4.76,13.50,4.06
5080,7039,Ashok( Nakesh)Yashwant Salunke,Shirala,439,Nigadi,0.40,7.28,0.11,0.51,125.44,15.60,235.20,0.63,2.20,1.27,6.74,13.28,4.72
5081,7040,Shamrav Raghunath Gallugade,Shirala,1297,Nigadi,0.80,6.93,0.10,0.58,188.16,20.06,201.60,8.94,1.14,1.38,6.52,20.96,3.76
5082,7041,Sampat Ananda Golugade,Shirala,1566,Nigadi,0.40,7.11,0.10,0.53,326.14,23.18,324.80,9.07,0.74,1.49,3.40,10.52,2.80
5083,7042,Shyamrav Antu Golugade,Shirala,1566,Nigadi,0.30,7.00,0.10,0.43,225.79,26.30,224.00,6.19,1.28,1.21,1.08,6.02,4.30
5084,7043,Usha Bhimrao Galugade,Shirala,1566,Nigadi,0.30,7.35,0.10,0.58,263.42,27.19,201.60,5.80,1.02,1.34,7.36,16.82,4.42
5085,7044,Gunga Antu Galgure,Shirala,1566,Nigadi,0.40,7.25,0.27,0.44,225.79,20.06,179.20,8.64,0.44,1.43,5.36,8.14,3.56
5086,7045,Vinod Vishwas Salunke,Shirala,1567,Nigadi,0.20,7.07,0.10,0.50,137.98,20.50,302.40,8.51,0.40,1.11,11.56,17.08,3.70
5087,7046,Kalabai Vishwas Salunke,Shirala,1552,Nigadi,0.10,7.08,0.10,0.65,238.34,11.14,324.80,9.95,1.30,1.16,4.58,13.26,4.52
5088,7047,Ramchandra Shankar Salunkhe,Shirala,1582,Nigadi,0.20,7.13,0.12,0.60,263.42,20.06,358.40,9.99,0.98,1.48,4.34,8.16,4.46
5089,7048,Krishna Mahadev Galugade,Shirala,1590,Nigadi,0.20,7.14,0.15,0.67,313.60,19.61,403.20,8.38,0.66,1.14,5.66,7.00,3.08
5090,7049,Shankar Dhula Galugade,Shirala,1786,Nigadi,0.20,6.80,0.10,0.58,238.34,27.19,425.60,8.24,1.06,1.59,5.28,10.52,4.46
5091,7050,Sitaram Raghunath Galgade,Shirala,1576,Nigadi,0.10,6.73,0.14,0.57,225.79,11.14,224.00,8.51,1.08,1.73,2.98,4.72,4.48
5092,7051,Maruti Lakshman Salunke,Shirala,1527,Nigadi,0.10,7.09,0.11,0.42,263.42,12.48,190.40,8.11,1.18,1.57,1.08,0.68,3.46
5093,7052,Ramchandra Dadu Bhalekar,Shirala,1380,Nigadi,0.37,6.88,0.11,0.54,288.51,14.26,201.60,9.55,0.44,1.50,1.42,5.12,2.90
5094,7053,Raghunath Natha Salunke,Shirala,1381,Nigadi,0.36,6.99,0.11,0.57,225.79,20.06,257.60,10.03,0.54,1.28,0.28,0.78,3.24
5095,7054,Akram Natha Salunke,Shirala,1459,Nigadi,0.60,6.33,0.10,0.51,250.88,14.26,324.80,10.69,0.36,1.57,0.24,5.88,2.66
5096,7055,Sanjay Gunga Salunke,Shirala,865,Nigadi,0.10,7.00,0.10,0.58,225.79,20.06,369.60,9.03,0.24,1.42,0.34,0.62,1.86
5097,7056,Shankar Rakhaji Salunke,Shirala,864,Nigadi,0.22,7.01,0.11,0.53,163.07,20.95,392.00,9.12,1.56,1.28,0.34,0.84,1.86
5098,7057,Bhaskar Yuvraj Solanki,Shirala,785,Nigadi,0.24,7.00,0.10,0.54,100.35,19.17,448.00,8.55,1.86,1.39,4.20,1.66,1.76
5099,7058,Ashok Yuvraj Salunkhe,Shirala,839,Nigadi,0.20,6.82,0.10,0.57,150.53,16.94,347.20,8.46,0.98,1.46,0.34,1.82,1.88
5100,7059,Yuvraj Ishwara Salunke,Shirala,786,Nigadi,1.20,6.96,0.13,0.46,188.16,20.06,302.40,8.68,1.06,1.48,0.40,0.86,2.02
5101,7060,Ranjana Ramesh Salunkhe,Shirala,832,Nigadi,0.28,7.11,0.11,0.49,188.16,23.18,280.00,9.38,1.28,1.16,0.32,0.76,1.82
5102,7061,Dinkar Kishan Mulik,Shirala,1009,Nigadi,0.13,7.05,0.10,0.51,175.62,15.60,257.60,9.07,0.70,1.43,0.32,1.20,1.70
5103,7062,Bhauso Pandurang Galugade,Shirala,1515,Nigadi,0.20,7.11,0.10,0.71,188.16,18.72,268.80,8.46,0.30,1.46,0.34,1.04,1.64
5104,7063,Ananda Bandu Patil,Shirala,815,Nigadi,0.25,7.29,0.12,0.53,175.62,16.49,224.00,6.72,0.20,1.35,0.38,0.56,1.14
5105,7064,Pushpatai Nyaandev Patil,Shirala,810,Nigadi,0.11,6.99,0.10,0.58,163.07,20.95,212.80,7.24,0.28,1.50,0.24,0.32,2.16
5106,7065,Dhanaaji Dagdu Patil,Shirala,808,Nigadi,0.09,7.12,0.01,0.28,263.42,23.63,179.20,7.76,0.28,1.62,0.42,0.50,1.64
5107,7066,Babaso Dagdu Patil,Shirala,313,Nigadi,0.08,7.10,0.10,0.39,213.25,24.52,257.60,9.12,0.46,1.74,0.32,0.60,1.30
5108,7067,Vasant Pandurang Patil,Shirala,817,Nigadi,0.42,7.30,0.10,0.42,150.53,26.30,224.00,9.73,0.34,1.56,0.36,4.62,1.20
5109,7068,Rajaram Dhundi Patil,Shirala,129,Nigadi,0.08,7.35,0.13,0.47,238.34,21.40,313.60,8.46,2.08,1.77,0.30,1.10,1.24
5110,7069,Shankar Hari Patil,Shirala,116,Nigadi,0.32,7.21,0.11,0.53,188.16,20.50,224.00,9.68,1.78,1.69,0.24,0.62,2.12
5111,7070,Namdev Dnyanu Salunkhe,Shirala,537,Nigadi,0.18,7.73,0.10,0.50,175.62,18.72,201.60,10.51,0.28,1.68,0.30,1.42,0.98
5112,7071,Vishwas Dnyanu Salunke,Shirala,839,Nigadi,0.60,7.56,0.13,0.57,213.25,21.40,291.20,8.46,1.68,1.38,0.34,0.48,1.08
5113,7072,Sushant Prakash Salunke,Shirala,831,Nigadi,0.19,6.73,0.10,0.54,213.25,21.40,347.20,5.80,1.92,1.23,0.26,1.92,1.38
5114,7073,Subhash Sadhu Salunke,Shirala,832,Nigadi,0.13,7.25,0.26,0.51,188.16,25.41,369.60,6.41,0.28,1.33,0.28,5.04,1.00
5115,7074,Uttam Khandu Salunkhe,Shirala,1047,Nigadi,0.09,7.28,0.13,0.58,175.62,25.85,392.00,95.75,1.48,1.42,0.88,0.42,2.46
5116,7075,Bhartiya Prakash Salunke,Shirala,1025,Nigadi,0.19,7.34,0.10,0.53,238.34,19.17,380.80,10.03,0.36,1.38,0.28,1.24,1.40
5117,7076,Shankar Krishna Salunke,Shirala,763,Nigadi,0.40,7.38,0.18,0.43,175.62,24.07,324.80,12.13,1.04,1.33,0.26,0.68,2.76
5118,7077,Avinash Babajii Salunkhe,Shirala,763,Nigadi,0.40,7.49,0.11,0.58,188.16,18.72,280.00,9.55,0.36,1.27,0.24,0.38,1.38
5119,7078,Abaji Sakaram Salunkhe,Shirala,1147,Nigadi,0.29,7.06,0.10,0.44,188.16,23.63,257.60,10.64,0.36,1.40,0.26,0.26,3.12
5120,7079,Baliram Savla Patil,Shirala,1148,Nigadi,0.16,7.13,0.10,0.53,238.34,22.73,313.60,10.73,0.38,1.26,0.46,0.34,2.14
5121,7080,Yashwant Vitova Salunkhe,Shirala,1124,Nigadi,0.14,6.95,0.10,0.71,188.16,18.72,358.40,8.55,0.42,1.23,0.26,0.52,1.42
5122,7081,Sanjay Hindurao Bhalekar,Shirala,1126,Nigadi,0.10,7.01,0.10,0.65,188.16,18.72,212.80,8.38,1.30,1.12,0.30,0.76,2.48
5123,7082,Ravindra Bapu Galugade,Shirala,931,Nigadi,0.14,7.46,0.10,0.50,238.34,19.17,280.00,8.03,0.32,1.10,0.38,1.80,1.60
5124,7083,Anil Akram Salunkhe,Shirala,2328,Nigadi,0.12,7.22,0.12,0.63,175.62,22.73,224.00,8.68,0.26,1.16,0.36,0.40,1.54
5125,7084,Bajrang Raghu Salunkhe,Shirala,2298,Nigadi,0.10,7.21,0.17,0.42,238.34,24.07,313.60,8.90,0.34,1.18,0.20,1.10,1.64
5126,7085,Yuvraj Bhadu Salunkhe,Shirala,1989,Nigadi,0.28,7.25,0.15,0.47,175.62,24.07,190.40,10.12,0.98,1.30,0.22,0.92,2.14
5127,7086,Prakash Naganath Salunkhe,Shirala,1988,Nigadi,0.20,7.29,0.18,0.51,213.25,24.52,212.80,11.25,0.34,1.48,0.20,1.42,3.00
5128,7087,Satish Rajaram Salunkhe,Shirala,1978,Nigadi,0.20,7.30,0.13,0.60,163.07,22.29,235.20,12.78,0.86,1.28,0.32,1.36,1.44
5129,7088,Vilas Vitthal Salunkhe,Shirala,2268,Nigadi,0.15,7.28,0.15,0.67,200.70,19.17,336.00,12.91,1.62,1.41,0.34,1.50,3.56
5130,7089,Pandurang Akram Salunkhe,Shirala,2325,Nigadi,0.55,7.21,0.13,0.58,213.25,18.72,358.40,8.42,1.50,1.16,0.38,3.16,2.50
5131,7090,Shrirang Akram Salunke,Shirala,2019,Nigadi,0.60,7.26,0.15,0.57,225.79,18.28,280.00,8.51,1.52,1.27,0.28,6.06,2.30
5132,7091,Bajrang Ganpati Kumbhar,Shirala,2027,Nigadi,0.27,7.14,0.12,0.44,163.07,17.83,302.40,10.03,1.82,1.34,0.32,0.38,2.50
5133,7092,Gangaram Shivram Kumbhar,Shirala,2031,Nigadi,0.25,6.82,0.20,0.42,213.25,21.84,212.80,6.06,0.26,1.23,1.14,2.02,2.46
5134,7093,Suryakant Raghunath Kumbhar,Shirala,2030,Nigadi,0.07,7.16,0.13,0.63,188.16,17.83,291.20,6.32,1.26,1.11,0.76,0.80,2.52
5135,7094,Shrirang Maruti Kumbara,Shirala,2031,Nigadi,0.13,6.96,0.10,0.67,225.79,23.18,302.40,10.21,1.22,1.19,0.34,0.96,2.94
5136,7095,Kuber Krishna Labade,Shirala,86/1,Ladewadi,0.45,7.98,0.13,0.38,163.07,13.37,224.00,13.74,0.26,1.02,0.26,1.02,1.64
5137,7096,Sneha Rajaram Jadhav,Shirala,83/2/8,Ladewadi,0.40,7.84,0.13,0.35,188.16,15.60,257.60,11.69,0.28,1.20,0.24,0.20,1.88
5138,7097,Prakash Bhau Khot,Shirala,116,Ladewadi,0.26,7.87,0.12,0.46,163.07,24.07,201.60,12.78,0.30,1.07,0.40,1.32,1.64
5139,7098,Nilesh Ramchandra Nangare,Shirala,73/1,Ladewadi,0.13,7.86,0.10,0.76,137.98,18.45,268.80,12.96,0.32,1.51,0.28,0.84,1.70
5140,7099,Mangal Sadashiv Labade,Shirala,71,Ladewadi,0.40,7.87,0.12,0.49,200.70,12.04,190.40,12.52,0.34,1.53,0.44,0.38,1.86
5141,7100,Hindurao Mahadev Shendge,Shirala,74/3a,Ladewadi,0.33,7.85,0.10,0.49,150.53,13.82,168.00,10.64,0.34,1.03,0.36,1.22,1.58
5142,7101,Jaysing Dinkar Gharge,Shirala,121/4b,Ladewadi,0.20,7.84,0.12,0.47,175.62,15.60,179.20,11.65,0.20,1.96,0.30,0.92,1.84
5143,7102,Suryakant Vishnu Khot,Shirala,111/3,Ladewadi,0.30,7.84,0.10,0.90,163.07,15.60,246.40,11.78,0.22,1.05,0.28,0.88,1.86
5144,7103,Maruti Tatoba Patil,Shirala,49/3,Ladewadi,0.22,7.80,0.10,0.71,200.70,11.14,313.60,12.39,0.22,1.18,0.32,0.20,1.78
5145,7104,Aba Vishram Gawade,Shirala,103/6,Ladewadi,0.32,7.78,0.10,0.51,238.34,12.04,235.20,10.69,0.36,1.23,0.36,0.76,1.66
5146,7105,Tanaji Balu Gawade,Shirala,101,Ladewadi,0.42,7.82,0.12,0.76,200.70,11.14,336.00,10.38,0.20,1.25,0.28,0.74,1.60
5147,7106,Sanjay Baburao Shevde,Shirala,18,Ladewadi,0.35,7.86,0.10,0.51,213.25,28.97,358.40,12.17,0.20,1.35,0.38,0.48,1.50
5148,7107,Bhimrao Baburao Shevde,Shirala,17,Ladewadi,35.00,7.80,0.09,0.72,188.16,16.49,291.20,11.82,0.22,1.43,0.36,0.56,1.54
5149,7108,Arjun Shankar Kamble,Shirala,17,Ladewadi,0.06,7.73,0.10,0.71,188.16,24.52,224.00,12.56,0.22,1.51,0.42,0.58,1.46
5150,7109,Dattatray Yashwant Khamkar,Shirala,13,Ladewadi,0.31,7.75,0.12,0.90,163.07,22.29,212.80,10.12,0.22,1.46,0.40,1.42,1.80
5151,7110,Dhondiram Mahadev Patil,Shirala,22/1,Ladewadi,0.48,7.82,0.10,0.51,188.16,14.26,257.60,12.74,0.24,1.57,0.46,0.30,1.74
5152,7111,Popat Janardan Shevde,Shirala,18,Ladewadi,0.34,8.08,0.10,0.51,200.70,15.60,369.60,14.09,0.24,1.62,0.68,0.34,2.04
5153,7112,Ashok Pandurang Khot,Shirala,24/5,Ladewadi,0.18,8.26,0.10,0.46,175.62,16.49,336.00,11.52,0.24,1.52,0.86,0.62,1.90
5154,7113,Pandurang Vishwas Sing,Shirala,45,Ladewadi,0.23,8.20,0.11,0.51,213.25,10.25,380.80,12.61,0.26,1.28,0.80,0.90,1.68
5155,7114,Manik Shivaji Patil,Shirala,87,Ladewadi,0.20,8.14,0.12,0.49,213.25,11.14,448.00,10.99,0.24,1.25,0.96,0.24,1.40
5156,7115,Datta Jaysing Patil,Shirala,88/10,Ladewadi,0.15,8.09,0.10,0.51,188.16,17.38,425.60,9.86,0.24,1.00,0.88,1.06,1.40
5157,7116,Alka Raghunath Sawant,Shirala,71,Ladewadi,0.45,7.85,0.10,0.43,213.25,15.16,324.80,8.55,0.26,1.06,1.00,1.94,1.84
5158,7117,Pandit Namdev Khot,Shirala,31/1,Ladewadi,0.12,7.84,0.10,0.46,238.34,13.37,347.20,9.12,0.24,1.12,0.92,0.24,1.70
5159,7118,Ananda Namdev Labade,Shirala,26,Ladewadi,0.23,7.86,0.11,0.35,200.70,18.28,280.00,8.33,0.26,0.98,1.12,1.68,0.84
5160,7119,Narsing Ananda Mane,Shirala,60/5,Ladewadi,0.15,7.78,0.10,0.46,188.16,21.40,224.00,7.76,0.28,1.46,0.90,0.80,1.36
5161,7120,Sarjerao Pandurang Khot,Shirala,119,Ladewadi,0.27,7.81,0.10,0.71,213.25,19.17,190.40,10.47,0.26,1.23,0.88,1.26,2.02
5162,7121,Krishnat Vitthal Khot,Shirala,1001,Ladewadi,0.29,7.99,0.16,0.51,200.70,18.28,257.60,11.21,0.24,1.60,0.86,0.26,3.46
5163,7122,Ashok Ramchandra Khot,Shirala,22/1,Ladewadi,1.19,7.91,0.11,0.51,225.79,20.95,280.00,11.43,0.28,0.97,0.88,0.24,1.10
5164,7123,Dagadu Tatoba Khot,Shirala,64/3,Ladewadi,0.22,7.99,0.13,0.47,200.70,14.26,358.40,13.04,0.30,0.96,0.84,0.30,1.68
5165,7124,Sharad Shivaji Khot,Shirala,4/4,Ladewadi,0.30,8.07,0.10,0.83,163.07,16.05,347.20,13.74,0.30,1.05,0.76,0.36,2.08
5166,7125,Amar Eknath Khot,Shirala,77/5,Ladewadi,0.45,7.35,0.24,0.72,163.07,13.82,470.40,14.96,0.28,1.06,0.88,0.42,2.70
5167,7126,Sunita Eknath Khot,Shirala,70/14,Ladewadi,0.24,7.72,0.34,0.50,213.25,15.60,436.80,8.24,0.30,1.11,1.00,1.60,2.56
5168,7127,Ananda Mahadev Khamkar,Shirala,64,Ladewadi,0.22,7.85,0.22,0.72,175.62,13.37,392.00,10.16,0.24,1.60,1.16,0.58,1.74
5169,7128,Tanaji Baburao Khot,Shirala,27/1,Ladewadi,0.23,7.66,0.10,0.53,213.25,13.82,358.40,8.38,0.32,1.03,1.28,0.56,2.28
5170,7129,Mansing Bapu Khamkar,Shirala,57,Ladewadi,0.10,7.94,0.13,0.51,163.07,17.83,313.60,10.64,0.32,1.28,1.20,1.24,2.28
5171,7130,Krishnaji Dadaso Mane,Shirala,50/6,Ladewadi,0.38,7.98,0.10,0.72,213.25,17.38,246.40,11.95,0.26,1.52,1.60,0.50,1.38
5172,7131,Dadaso Namdev Mane,Shirala,66/5/8,Ladewadi,0.20,8.12,0.11,0.85,163.07,15.16,280.00,11.08,0.30,1.60,1.32,5.72,2.56
5173,7132,Krishnat Rajaram Patil,Shirala,50/2,Ladewadi,0.16,7.95,0.18,0.53,225.79,16.94,347.20,7.68,0.36,1.45,1.26,0.90,1.60
5174,7133,Sarjerao Bali Gharge,Shirala,21 ?,Ladewadi,0.36,7.85,0.11,0.51,150.53,20.95,369.60,14.57,0.30,1.65,1.32,0.52,1.86
5175,7134,Akkatai Bajirao Bilaskar,Shirala,43/3,Ladewadi,0.22,7.60,0.19,0.71,188.16,19.17,392.00,9.77,0.30,1.13,1.24,0.68,1.64
5176,7135,Bhimrao Shiva Gharge,Shirala,43/1,Ladewadi,0.32,7.94,0.12,0.46,238.34,16.05,336.00,11.34,0.30,1.18,1.42,0.52,1.40
5177,7136,Vilas Balu Shenekar,Shirala,74,Ladewadi,0.40,8.06,0.14,0.38,213.25,15.60,212.80,12.26,0.32,1.20,1.46,0.92,1.62
5178,7137,Mahadev Jyoti Khot,Shirala,122,Ladewadi,0.20,7.56,0.14,0.46,213.25,18.72,257.60,10.99,0.30,1.30,1.50,0.56,1.50
5179,7138,Bhaskar Adhikrao Patil,Shirala,129/1,Ladewadi,0.20,7.89,0.27,0.51,250.88,21.40,358.40,12.61,0.34,1.46,1.66,0.46,1.24
5180,7139,Manohar Rajaram Patil,Shirala,66/5,Ladewadi,0.12,8.03,0.12,0.49,150.53,22.73,414.40,10.77,0.32,1.41,1.48,0.50,1.44
5181,7140,Tanaji Shamrao Khot,Shirala,38/1,Ladewadi,0.25,7.95,0.42,0.51,137.98,26.75,280.00,11.25,0.30,0.98,2.14,0.54,8.36
5182,7141,Brahmadev Bapuso Khot,Shirala,30,Ladewadi,0.40,7.93,0.16,0.46,188.16,21.40,257.60,12.34,0.30,1.52,1.56,0.56,2.54
5183,7142,Shivaji Balu Mane,Shirala,50/1,Ladewadi,0.39,7.84,0.10,0.43,225.79,13.82,235.20,13.61,0.28,1.62,1.70,0.56,2.98
5184,7143,Suresh Baburao Labade,Shirala,51,Ladewadi,0.21,7.83,0.11,0.51,125.44,14.71,212.80,13.91,0.26,1.67,1.74,0.54,3.44
5185,7144,Amar Baban Pokhlekar,Shirala,46/1,Ladewadi,0.14,7.86,0.13,0.53,137.98,20.95,246.40,14.18,0.28,0.97,1.80,1.16,3.04
5186,7145,Raghunath Yashwant Pokhlekar,Shirala,47,Ladewadi,0.10,7.76,0.10,0.82,275.97,18.72,201.60,16.58,0.22,1.00,1.68,0.94,2.98
5187,7146,Vasant Vitthu Pokhlekar,Shirala,26,Ladewadi,0.33,7.70,0.11,0.72,213.25,16.05,179.20,14.57,0.32,1.56,1.82,2.26,2.08
5188,7147,Sunita Pandurang Pokhlekar,Shirala,25,Ladewadi,0.19,7.39,0.11,0.51,175.62,14.71,212.80,10.56,0.34,1.60,1.72,0.92,2.54
5189,7148,Manik Akaram Patil,Shirala,35,Ladewadi,0.26,7.50,0.12,0.69,213.25,15.60,190.40,12.00,0.36,1.65,1.68,0.72,2.36
5190,7149,Bhanudas Vitthu Gaikwad,Shirala,31/4,Ladewadi,0.15,7.56,0.10,0.51,150.53,18.72,246.40,12.78,0.36,1.57,1.80,0.68,2.82
5191,7150,Dhanaji Bharat Khot,Shirala,28,Ladewadi,0.29,7.50,0.18,0.71,137.98,19.61,280.00,12.48,0.36,1.07,2.00,0.74,2.44
5192,7151,Tanaji Baburao Khot,Shirala,27/1,Ladewadi,0.23,7.59,0.19,0.83,175.62,18.28,224.00,15.40,0.32,1.60,1.92,1.30,2.76
5193,7152,Haibati Laxman Labade,Shirala,26,Ladewadi,0.19,7.64,0.21,0.47,163.07,14.71,291.20,8.46,0.32,1.15,1.78,1.30,4.18
5194,7153,Shilpa Sanjay Gharge,Shirala,43/1,Ladewadi,0.23,7.85,0.15,0.49,188.16,15.16,313.60,7.24,0.36,1.13,1.98,1.72,1.62
5195,7154,Ramesh Kundalik Khot,Shirala,48,Ladewadi,0.35,7.87,0.16,0.50,150.53,14.26,257.60,13.26,0.38,1.10,1.98,0.66,1.36
5196,7155,Gajanan Kashinath Khot,Shirala,42/3,Ladewadi,0.20,7.43,0.23,0.69,188.16,18.28,235.20,12.69,0.36,1.22,2.16,0.70,4.44
5197,7156,Prakash Madhukar Khamkar,Shirala,40/6,Ladewadi,0.30,7.64,0.21,0.43,137.98,17.38,380.80,11.12,0.30,1.43,2.18,0.78,3.18
5198,7157,Ramesh Rajaram Pokhlekar,Shirala,47/3,Ladewadi,0.20,7.83,0.16,0.44,175.62,17.83,425.60,12.08,0.38,1.46,1.94,2.10,1.26
5199,7158,Shobha Baban Pokhlekar,Shirala,47/1,Ladewadi,0.20,7.89,0.13,0.46,163.07,21.84,302.40,14.92,0.36,1.47,1.96,0.62,1.50
5200,7159,Dattatray Keru Khot,Shirala,39/14,Ladewadi,0.20,7.90,0.16,0.50,175.62,17.38,224.00,13.17,0.36,1.46,2.08,0.64,1.58
5201,7160,Mahadev Yashwant Pokhlekar,Shirala,47/1,Ladewadi,0.20,7.93,0.14,0.51,200.70,15.16,257.60,8.51,0.36,1.51,2.04,0.60,1.56
5202,7161,Baburao Yashwant Pokhlekar,Shirala,46/1,Ladewadi,0.20,7.86,0.15,0.39,163.07,15.16,324.80,10.73,0.34,0.98,2.20,0.66,2.18
5203,7162,Dhanaji Yashwant Khot,Shirala,47/9,Ladewadi,0.20,7.57,0.30,0.47,200.70,16.94,459.20,12.08,0.32,0.98,2.22,1.02,2.92
5204,7163,Sangeeta Tanaji Jadhav,Shirala,39,Ladewadi,0.40,7.67,0.17,0.72,163.07,18.72,358.40,14.70,0.32,1.05,2.76,0.86,3.44
5205,7164,Ananda Sambhaji Patil,Shirala,23/1,Ladewadi,1.00,7.89,0.15,0.58,213.25,15.60,212.80,15.75,0.30,1.52,2.28,0.88,2.52
5206,7165,Krishnat Yashwant Khot,Shirala,116,Ladewadi,0.18,7.64,0.20,0.74,150.53,16.05,235.20,14.39,0.24,1.55,2.48,0.72,1.44
5207,7166,Prakash Dhondiram Khot,Shirala,115,Ladewadi,0.08,7.09,0.32,0.57,200.70,21.40,280.00,12.65,0.26,1.52,3.02,3.40,5.68
5208,7167,Shrirang Pandurang Khamkar,Shirala,70/5,Ladewadi,0.30,7.69,0.20,0.75,163.07,17.83,201.60,11.65,0.28,1.51,2.42,3.52,5.96
5209,7168,Mahadev Dilip Khot,Shirala,115/1/6,Ladewadi,0.15,7.30,0.32,0.65,163.07,14.26,212.80,11.86,1.18,1.44,2.64,4.00,3.44
5210,7169,Shivaji Sambhaji Khot,Shirala,116,Ladewadi,0.29,7.44,0.38,0.79,175.62,12.04,224.00,13.74,0.26,0.98,2.68,20.56,3.52
5211,7170,Tanaji Sambhaji Khot,Shirala,116,Ladewadi,0.29,7.42,0.23,0.64,150.53,16.49,347.20,15.18,1.00,1.47,2.72,5.04,4.40
5212,7171,Dhanaji Dadu Khamkar,Shirala,118,Ladewadi,0.20,7.68,0.28,0.64,125.44,10.25,280.00,13.52,0.86,0.96,2.64,0.82,4.06
5213,7172,Ashok Akaram Shenekar,Shirala,82/1,Ladewadi,0.20,7.74,0.18,0.79,163.07,11.14,313.60,12.74,0.98,1.13,2.60,6.40,2.82
5214,7173,Pandurang Hari Khot,Shirala,112,Ladewadi,0.30,7.75,0.25,0.63,200.70,17.38,257.60,12.87,0.78,1.07,2.74,2.52,1.98
5215,7174,Ramesh Ananda Mane,Shirala,146/1,Ladewadi,0.40,7.58,0.28,0.75,150.53,19.17,235.20,14.22,0.40,0.91,2.94,0.52,2.42
5216,7175,Ananda Mahipati Khamkar,Shirala,110/2,Ladewadi,0.28,7.97,0.18,0.67,200.70,18.28,190.40,10.82,1.24,0.96,2.64,12.20,1.74
5217,7176,Shrikant Babu Khot,Shirala,119/9,Ladewadi,0.40,7.13,0.24,0.69,200.70,21.40,179.20,11.08,0.30,1.46,3.60,1.06,2.40
5218,7177,Suresh Rajaram Pokhlekar,Shirala,39,Ladewadi,1.00,7.83,0.17,0.68,175.62,19.17,257.60,12.17,0.86,1.57,2.82,3.76,3.80
5219,7178,Shivaji Gunda Basare,Shirala,18/1,Belewadi,0.12,6.57,0.16,0.50,163.07,22.73,212.80,6.80,0.26,1.11,15.10,26.77,1.84
5220,7179,Tukaram Chandru Chavan,Shirala,19/9,Belewadi,0.20,6.59,0.16,0.63,137.98,22.73,268.80,6.94,0.26,1.06,12.42,26.54,2.58
5221,7180,Bajirav Bandu Chorage,Shirala,30/2,Belewadi,0.15,6.87,0.13,0.42,175.62,24.52,224.00,6.98,0.38,1.00,14.36,27.06,2.80
5222,7181,Ankush Vishwas Jadhav,Shirala,35/6,Belewadi,0.15,6.54,0.17,0.47,137.98,18.72,168.00,7.50,0.26,0.97,8.62,27.64,2.24
5223,7182,Aananda Bapu Adhav,Shirala,31/2,Belewadi,0.20,6.56,0.14,0.51,163.07,16.49,246.40,8.11,0.38,0.82,13.10,22.88,1.64
5224,7183,Anil Vasant Jadhav,Shirala,14,Belewadi,0.25,6.55,0.15,0.60,188.16,13.82,280.00,9.16,0.38,1.09,9.88,22.18,3.18
5225,7184,Akaram Dnyandev Jadhav,Shirala,30/1,Belewadi,0.20,6.87,0.14,0.42,175.62,16.49,179.20,10.12,0.24,1.02,19.58,26.00,6.28
5226,7185,Akaram Dnyanu Maske,Shirala,31/5,Belewadi,0.15,6.56,0.15,0.54,150.53,18.72,235.20,10.73,0.26,0.99,15.82,29.56,3.58
5227,7186,Gajanan Rangrav Jadhav,Shirala,32/23,Belewadi,0.20,6.86,0.16,0.57,263.42,24.52,257.60,10.03,0.22,1.08,14.02,25.78,2.56
5228,7187,Ashok Bandu Satale,Shirala,289/18,Bhatshirgaon,0.10,6.62,0.19,0.90,188.16,30.31,302.40,10.60,1.12,1.52,0.64,26.30,9.40
5229,7188,Baburao Dattu Aalugade,Shirala,197/8,Bhatshirgaon,0.92,7.19,0.30,0.76,163.07,31.20,201.60,8.51,0.88,1.51,1.92,7.32,4.78
5230,7189,Vilas Aananda Dhumal,Shirala,93/9,Bhatshirgaon,0.19,6.65,0.14,0.85,213.25,28.97,280.00,13.83,1.22,1.46,1.32,23.06,4.42
5231,7190,Banda Viswas Dhumal,Shirala,100/10/3,Bhatshirgaon,0.42,6.70,0.12,0.51,163.07,30.31,224.00,9.12,1.02,0.98,1.60,44.20,9.04
5232,7191,Mohan Pandurang Powar,Shirala,204/16,Bhatshirgaon,0.24,6.64,0.11,0.90,188.16,27.64,201.60,11.65,1.68,1.60,0.66,32.70,13.98
5233,7192,Arun Bhimrao Desai,Shirala,148/3/?,Bhatshirgaon,0.09,6.91,0.16,0.47,137.98,27.64,257.60,12.39,0.34,1.61,0.88,18.22,0.56
5234,7193,Vimal Shamrao Aalugade,Shirala,239(4,Bhatshirgaon,0.24,6.80,0.25,0.49,175.62,28.08,324.80,10.51,1.48,1.47,1.40,13.80,1.04
5235,7194,Shashikant Pandurang Aalugade,Shirala,271/2,Bhatshirgaon,0.21,6.90,0.12,0.85,200.70,28.08,358.40,9.16,0.46,1.46,1.28,18.66,0.48
5236,7195,Ajit Dnyandev Aalugade,Shirala,269/1/8,Bhatshirgaon,0.80,6.84,0.26,0.90,163.07,24.07,392.00,12.30,0.86,1.39,0.88,41.98,1.00
5237,7196,Pandurang Ganu Desai,Shirala,39,Bhatshirgaon,0.25,6.74,0.10,0.49,213.25,24.07,212.80,12.96,0.50,1.36,0.28,41.34,0.78
5238,7197,Dilip Ananda Sangule,Shirala,266/1/1,Bhatshirgaon,0.08,6.74,0.10,0.49,175.62,24.52,403.20,9.77,0.68,0.98,1.18,3.00,4.52
5239,7198,Samadhan Gopal Desai,Shirala,46/6,Bhatshirgaon,0.11,6.92,0.25,0.90,137.98,13.37,268.80,12.00,1.00,1.03,0.68,10.88,3.64
5240,7199,Ganapati Jayshing More,Shirala,140,Bhatshirgaon,0.07,7.20,0.23,0.92,188.16,15.60,224.00,12.34,1.22,1.47,0.40,5.98,5.88
5241,7200,Gopal Dadu Desai,Shirala,73,Bhatshirgaon,0.09,6.99,0.28,0.97,225.79,11.14,201.60,13.04,0.38,0.96,1.40,20.12,12.56
5242,7201,Sampat Ganapati Desai,Shirala,46/6,Bhatshirgaon,0.14,6.94,0.18,0.90,175.62,23.18,246.40,14.87,1.44,1.46,0.50,24.70,10.46
5243,7202,Savita Sampat Desai,Shirala,74,Bhatshirgaon,0.20,7.12,0.10,0.46,137.98,23.63,380.80,9.25,0.98,1.31,0.50,43.38,5.80
5244,7203,Sandip Ananda Sangul,Shirala,46/11,Bhatshirgaon,0.14,6.82,0.10,0.90,163.07,30.31,358.40,12.52,0.52,1.38,0.70,42.42,9.82
5245,7204,Ajay Maruti Dhumal,Shirala,94/2,Bhatshirgaon,0.11,6.61,0.20,0.83,125.44,25.41,324.80,11.12,0.32,1.52,0.70,17.86,10.18
5246,7205,Bhagwan Krishna Dhumal,Shirala,92,Bhatshirgaon,0.15,6.89,0.15,0.90,175.62,24.96,336.00,12.65,1.86,1.84,0.76,10.40,9.90
5247,7206,Krishnath Mahadev Jagtap,Shirala,115/5,Bhatshirgaon,0.06,6.61,0.17,0.88,213.25,24.52,201.60,14.79,0.86,1.41,0.54,10.86,3.54
5248,7207,Shivaji Keshav Jagtap,Shirala,115/1,Bhatshirgaon,0.07,6.67,0.10,0.69,188.16,19.61,235.20,14.00,1.94,1.52,1.08,0.76,5.14
5249,7208,Shobha Bajirao Desai,Shirala,556/2,Bhatshirgaon,0.10,7.08,0.12,0.85,163.07,19.17,190.40,9.90,0.68,1.21,1.44,14.44,3.98
5250,7209,Manisha Sadashiv Desai,Shirala,79/2,Bhatshirgaon,0.11,6.73,0.10,0.85,213.25,27.64,179.20,12.78,0.22,1.29,0.46,1.66,11.90
5251,7210,Dattatray Maruti Padalkar,Shirala,78,Bhatshirgaon,0.11,6.78,0.10,0.83,175.62,22.73,246.40,10.69,0.64,1.53,1.44,49.70,5.82
5252,7211,Bajirao Tukaram Desai,Shirala,42/2,Bhatshirgaon,0.10,6.96,0.16,0.76,150.53,21.40,392.00,11.95,0.26,1.48,0.44,18.08,5.74
5253,7212,Bajirao Jagannath Patil,Shirala,63,Bhatshirgaon,0.08,6.82,0.15,0.85,150.53,29.87,347.20,12.56,0.52,1.24,0.84,4.80,5.36
5254,7213,Ravindra Shamrao Desai,Shirala,86,Bhatshirgaon,0.12,6.87,0.14,0.53,188.16,24.96,414.40,13.00,0.56,1.33,1.34,20.08,4.50
5255,7214,Bhagwan Shamrao Desai,Shirala,46,Bhatshirgaon,0.06,7.01,0.20,0.83,150.53,20.06,436.80,10.95,1.78,1.44,1.74,7.52,3.56
5256,7215,Dilip Ramchandra Desai,Shirala,79,Bhatshirgaon,0.25,6.90,0.18,0.49,213.25,28.53,336.00,10.16,1.12,1.13,1.46,5.10,4.82
5257,7216,Aanubai Bapu Bhandare,Shirala,137,Bhatshirgaon,0.09,7.13,0.14,0.51,213.25,28.08,358.40,11.52,0.52,1.10,1.98,7.08,5.06
5258,7217,Suresh Dattu Bhandare,Shirala,138,Bhatshirgaon,0.09,7.35,0.14,0.83,175.62,23.18,302.40,12.48,0.30,1.27,1.24,10.36,4.96
5259,7218,Dipak Ganapati Bhandare,Shirala,138,Bhatshirgaon,0.13,7.16,0.11,0.51,188.16,18.28,280.00,15.05,1.82,1.47,0.82,5.62,4.88
5260,7219,Bhagwan Ganapati Bhandare,Shirala,138,Bhatshirgaon,0.13,6.87,0.10,0.44,163.07,17.83,224.00,15.96,1.54,1.43,1.30,10.50,5.78
5261,7220,Vikas Babu Bhandare,Shirala,138/?,Bhatshirgaon,0.05,6.97,0.12,0.42,188.16,21.84,201.60,8.59,0.32,1.50,0.20,0.98,6.22
5262,7221,Bajirao Rangrao Gholap,Shirala,137,Bhatshirgaon,0.08,7.46,0.20,0.53,163.07,25.85,257.60,10.29,0.62,1.42,0.20,7.24,2.52
5263,7222,Rajendra Baban Bhandare,Shirala,137,Bhatshirgaon,0.10,6.85,0.13,0.67,200.70,22.29,280.00,9.51,1.40,1.47,1.22,5.34,5.18
5264,7223,Baburao Pandurang Patil,Shirala,44/5,Bhatshirgaon,0.07,7.05,0.21,0.56,175.62,20.95,268.80,10.51,1.30,1.00,0.26,35.52,5.90
5265,7224,Gungaram Ananda Desai,Shirala,441,Bhatshirgaon,0.15,6.66,0.10,0.75,150.53,20.50,313.60,11.04,1.34,1.46,0.54,41.72,11.20
5266,7225,Vasant Mahadev Sangule,Shirala,266/7/?,Bhatshirgaon,0.20,6.75,0.11,0.81,188.16,23.18,358.40,13.48,1.04,1.47,1.02,40.18,14.22
5267,7226,Ananda Lakhu Aalugade,Shirala,16/4,Bhatshirgaon,0.12,6.42,0.17,0.64,225.79,20.06,336.00,14.92,1.10,0.96,0.54,14.82,12.06
5268,7227,Babaso Mahadev Sangule,Shirala,221/8/5,Bhatshirgaon,0.15,6.69,0.11,0.49,163.07,24.07,380.80,13.57,2.26,1.06,0.22,47.96,11.90
5269,7228,Sangita Vitthal Gholap,Shirala,138/3,Bhatshirgaon,0.15,6.80,0.14,0.47,125.44,19.17,291.20,11.95,2.78,1.55,0.80,23.00,9.32
5270,7229,Namdev Balwant Aalugade,Shirala,194/1,Bhatshirgaon,0.20,6.55,0.12,0.60,175.62,23.18,324.80,11.08,1.10,1.57,1.16,48.72,9.40
5271,7230,Babaso Pandurang Aalugade,Shirala,204/21,Bhatshirgaon,0.28,6.70,0.10,0.58,150.53,22.73,235.20,11.82,0.32,0.16,1.16,55.74,16.60
5272,7231,Prakash baban Kurne,Shirala,116,Bhatshirgaon,0.37,6.66,0.10,0.65,200.70,19.17,268.80,12.56,1.30,1.69,0.32,19.38,18.64
5273,7232,Balu Laxman Aakulkar,Shirala,196/9,Bhatshirgaon,0.76,6.61,0.18,0.57,150.53,24.52,336.00,13.35,1.28,1.49,1.12,11.44,6.00
5274,7233,Bhimrao Vasant Desai,Shirala,46/9,Bhatshirgaon,0.35,6.66,0.16,0.81,200.70,25.41,291.20,9.64,0.78,1.46,0.26,3.66,7.20
5275,7234,Bhimrao Balawant Aalugade,Shirala,194/3,Bhatshirgaon,0.35,6.86,0.14,0.65,175.62,21.84,257.60,8.38,1.10,1.45,4.16,34.84,3.88
5276,7235,Balu Keshav Jagtap,Shirala,133/12,Bhatshirgaon,0.48,6.57,0.20,0.76,150.53,22.29,212.80,8.03,3.28,1.46,0.26,50.44,24.06
5277,7236,Babaso Sripati Sangule,Shirala,239/4,Bhatshirgaon,0.64,7.04,0.15,0.81,225.79,23.18,268.80,7.28,1.62,1.47,0.54,16.54,17.84
5278,7237,Dinkar Shankar Aalugade,Shirala,205/2,Bhatshirgaon,0.14,7.07,0.13,0.61,163.07,24.07,246.40,6.89,2.16,0.96,0.30,20.58,25.64
5279,7238,Krishna Mahadev Pandhre,Shirala,14/1,Bhatshirgaon,0.85,7.67,0.21,0.65,137.98,20.50,313.60,9.51,2.70,1.46,1.34,18.98,9.86
5280,7239,Shivaji Subhana Patil,Shirala,162/13,Bhatshirgaon,0.90,6.58,0.11,0.78,200.70,25.85,347.20,7.63,4.18,0.98,0.92,5.56,30.70
5281,7240,Babaso Mahipati Satale,Shirala,250,Bhatshirgaon,0.13,6.94,0.15,0.69,175.62,17.83,380.80,8.24,2.96,1.47,0.22,54.44,14.86
5282,7241,Sarjerao Dattatray Sangule,Shirala,239/4,Bhatshirgaon,0.04,7.17,0.17,0.76,150.53,23.63,257.60,11.56,1.32,0.96,1.56,61.44,7.78
5283,7242,Mangesh Tukaram Aakulkar,Shirala,239/4,Bhatshirgaon,0.32,6.92,0.19,0.61,188.16,24.07,224.00,9.68,0.76,0.98,0.92,43.12,9.02
5284,7243,Prakash Pandurang Kurane,Shirala,116,Bhatshirgaon,0.37,7.14,0.12,0.60,150.53,24.07,201.60,12.21,2.04,1.00,0.78,22.40,32.54
5285,7244,Pandurang Chilu Desai,Shirala,123/1/3,Bhatshirgaon,0.16,6.75,0.23,0.60,200.70,19.17,302.40,10.60,0.90,1.03,0.78,28.06,9.48
5286,7245,Pramila Sharad Nalawade,Shirala,92,Bhatshirgaon,0.56,7.24,0.24,0.44,150.53,24.52,291.20,10.25,2.58,1.74,0.28,0.86,10.34
5287,7246,Dilip Bhagwan Gurav,Shirala,6/1,Bhatshirgaon,0.12,6.68,0.19,0.43,200.70,27.64,212.80,9.55,1.94,1.52,1.68,66.72,13.76
5288,7247,Ashok Ramchandra Jagatap,Shirala,148/1/?,Bhatshirgaon,0.21,6.63,0.25,0.58,200.70,24.96,190.40,11.25,3.38,1.01,7.52,35.08,24.30
5289,7248,Dinkar Namdev Desai,Shirala,271/2,Bhatshirgaon,1.09,7.01,0.19,0.71,188.16,22.73,246.40,12.39,1.20,1.47,1.52,46.94,7.50
5290,7249,Balwant Krishna Aalugade,Shirala,197/4,Bhatshirgaon,0.26,6.93,0.27,0.82,150.53,25.41,313.60,12.78,2.16,1.51,0.54,48.02,13.90
5291,7250,Sarjerao Maruti Padalkar,Shirala,159/8/?,Bhatshirgaon,1.09,6.88,0.20,0.58,188.16,21.40,302.40,14.13,2.70,1.54,1.00,19.72,16.08
5292,7251,Dhananjay Dnyandev Satale,Shirala,254/1/4,Bhatshirgaon,0.19,6.84,0.28,0.81,137.98,18.28,280.00,10.69,1.64,0.96,0.20,47.14,18.56
5293,7252,Tukaram Rama Gholap,Shirala,137/12,Bhatshirgaon,0.04,6.73,0.15,0.71,175.62,18.72,224.00,10.86,0.68,0.95,0.20,36.88,8.56
5294,7253,Dnyandev Vitthal Sangule,Shirala,274,Bhatshirgaon,0.33,7.22,0.11,0.56,163.07,21.84,347.20,9.29,3.58,1.12,4.32,36.80,17.94
5295,7254,Jalindhar Krishna Aalugade,Shirala,245,Bhatshirgaon,0.23,6.73,0.13,0.58,213.25,22.29,380.80,7.90,3.34,1.25,1.46,29.84,5.96
5296,7255,Jayshing Ganu Desai,Shirala,182/8,Bhatshirgaon,0.19,6.96,0.17,0.74,175.62,25.85,425.60,7.72,1.12,1.25,0.82,14.80,24.90
5297,7256,Dhanaji Jagannath Desai,Shirala,126/2,Bhatshirgaon,0.32,6.64,0.10,0.89,150.53,18.28,268.80,8.55,2.76,1.62,0.84,20.48,12.94
5298,7257,Gorakh Bhimrao Sangule,Shirala,239/4,Bhatshirgaon,0.64,6.62,0.10,0.72,213.25,25.41,280.00,9.47,1.22,1.01,21.12,19.38,9.32
5299,7258,Vijay Vitthal Desai,Shirala,185/2,Bhatshirgaon,0.52,6.99,0.10,0.81,163.07,18.72,179.20,10.16,4.00,1.06,0.52,61.92,16.78
5300,7259,Ganesh Ganapati Aalugade,Shirala,273/1,Bhatshirgaon,0.21,6.70,0.20,0.71,200.70,24.96,313.60,11.52,2.38,1.12,13.86,28.56,7.98
5301,7260,Maruti Nana Aalugade,Shirala,245,Bhatshirgaon,0.45,6.97,0.11,0.60,163.07,19.17,190.40,12.30,1.40,1.52,0.54,58.60,23.72
5302,7261,Sampat Bandu Desai,Shirala,141/7,Bhatshirgaon,0.01,6.72,0.12,0.79,163.07,24.07,224.00,10.51,1.82,1.55,1.14,41.36,13.20
5303,7262,Uttam Jayshing More,Shirala,143,Bhatshirgaon,0.07,7.70,0.17,0.75,213.25,19.61,246.40,9.38,1.90,1.43,18.62,30.28,8.90
5304,7263,Gorakh Jagannath Satale,Shirala,254/4,Bhatshirgaon,0.52,7.27,0.13,0.67,150.53,23.63,291.20,7.50,1.34,1.44,0.84,40.40,18.32
5305,7264,Sampat Shamrao Jagtap,Shirala,133/25,Bhatshirgaon,0.67,6.83,0.10,0.76,225.79,24.52,347.20,13.70,2.46,1.51,0.56,11.52,8.60
5306,7265,Sachin Rangrao Gurav,Shirala,203/7,Bhatshirgaon,0.44,6.62,0.17,0.58,163.07,18.72,246.40,14.61,2.44,1.47,9.62,25.16,11.98
5307,7266,Sampat Yashwant Desai,Shirala,126/5,Bhatshirgaon,0.53,6.59,0.10,0.47,238.34,22.73,369.60,8.64,3.24,1.53,6.52,41.46,17.10
5308,7267,Sambhaji Balaso Jagatap,Shirala,129/17,Bhatshirgaon,0.47,6.62,0.10,0.46,200.70,19.61,212.80,7.98,4.80,1.47,0.56,46.12,13.74
5309,7268,Baburav Dattu Desai,Shirala,74,Bhatshirgaon,0.44,6.63,0.22,0.60,137.98,23.63,201.60,7.20,1.84,1.52,0.22,45.70,13.06
5310,7269,Maruti Bandu Shinghate,Shirala,183/3,Bhatshirgaon,0.21,6.99,0.12,0.61,213.25,22.29,179.20,12.91,1.78,1.47,2.38,52.70,13.56
5311,7270,Mahadev Pandurang Aalugade,Shirala,194/3,Bhatshirgaon,0.14,6.49,0.21,0.63,175.62,18.72,224.00,10.64,0.56,0.98,0.42,31.90,14.70
5312,7271,Gungaram Bhiva Aalugade,Shirala,194/3,Bhatshirgaon,0.35,6.84,0.23,0.67,125.44,22.73,280.00,10.25,2.42,0.93,1.16,40.76,10.30
5313,7272,Ananda Shripati Sangule,Shirala,239/4,Bhatshirgaon,0.26,7.36,0.16,0.75,163.07,25.85,414.40,10.43,0.90,1.00,1.30,8.90,15.00
5314,7273,Dinkar Ananda Aalugade,Shirala,248/4,Bhatshirgaon,12.00,7.50,0.18,0.79,225.79,20.95,336.00,10.77,0.54,1.49,0.52,9.58,8.66
5315,7274,Ananda Maruti Satale,Shirala,242,Bhatshirgaon,0.10,6.92,0.10,0.78,150.53,24.96,212.80,11.30,1.72,1.29,1.46,24.02,15.90
5316,7275,Raghunath Ramchandra Desai,Shirala,79/6,Bhatshirgaon,0.24,7.00,0.22,0.74,175.62,24.52,190.40,12.82,0.48,1.47,0.20,13.96,7.36
5317,7276,Kundlik Yashwant Desai,Shirala,140/3,Bhatshirgaon,0.23,7.10,0.10,0.78,200.70,24.07,224.00,13.78,0.62,1.17,1.18,13.32,6.00
5318,7277,Surekha Jagannath Desai,Shirala,185/3,Bhatshirgaon,0.65,6.78,0.10,0.72,175.62,19.17,347.20,13.30,0.90,1.47,0.48,45.32,4.18
5319,7278,Ashok Bhiva Mane,Shirala,116,Bhatshirgaon,0.52,7.13,0.13,0.56,213.25,22.73,280.00,11.91,0.82,1.53,0.88,18.26,6.42
5320,,Mansing Vitthal Kadam,Shirala,271,Upavale,0.1,7.35,0.17,0.90,213.25,15.60,201.6,5.89,0.84,0.83,0.20,10.64,0.98
5321,,Arun RamRao Patil,Shirala,832,Upavale,0.36,7.09,0.18,0.47,263.42,13.37,291.2,8.07,0.82,1.30,0.36,14.20,3.06
5322,,Yuvraj Anna Gaikwad,Shirala,72,Upavale,0.2,6.78,0.22,0.49,250.88,15.60,246.4,8.64,1.52,1.29,0.20,1.54,4.44
5323,,Ashok ShriRam Gurav,Shirala,621,Upavale,0.3,7.84,0.14,0.49,263.42,22.29,224.0,4.80,0.24,1.18,0.38,0.66,1.52
5324,,Lalasahib Dadu Kamble,Shirala,332,Upavale,0.1,6.89,0.22,0.92,263.42,25.41,347.2,5.45,0.32,1.19,0.38,8.48,0.22
5325,,Jaysing Namdev Kadam,Shirala,260,Upavale,0.3,6.68,0.23,0.90,263.42,11.14,369.6,5.67,0.72,1.18,0.36,5.42,3.54
5326,,Maruti Vitthal Ingavlee,Shirala,281,Upavale,0.354,7.28,0.14,0.42,175.62,26.75,403.2,6.02,0.96,0.93,0.36,4.80,0.76
5327,,Maruti Sadashiv Kadam,Shirala,382,Upavale,0.15,6.96,0.30,0.49,163.07,10.25,280.0,14.92,0.34,0.78,0.62,7.12,2.12
5328,,Maruti Adhikrao Sawant,Shirala,304,Upavale,0.1,7.06,0.17,0.43,188.16,22.29,235.2,15.92,0.36,1.16,0.30,7.42,4.20
5329,,Shivaji Shripati Kadam,Shirala,397,Upavale,0.4,7.10,0.25,0.51,250.88,13.82,246.4,5.67,0.36,1.33,0.28,19.52,0.98
5330,,Jaysing Maruti Kadam,Shirala,398,Upavale,0.2,7.12,0.29,0.76,213.25,15.60,190.4,6.46,0.34,0.86,0.30,2.74,1.06
5331,,Manik Dnynu Patil,Shirala,667,Upavale,0.4,6.76,0.12,0.83,163.07,28.53,224.0,7.20,0.70,1.18,0.34,2.70,2.98
5332,,Dhananjay Popat Kadam,Shirala,647,Upavale,0.2,6.95,0.28,0.88,288.51,22.29,313.6,4.58,0.72,0.68,0.36,0.96,3.80
5333,,Vinayak Shankar Pawar,Shirala,779,Upavale,0.2,6.93,0.18,0.88,163.07,26.75,336.0,8.03,0.68,1.32,0.32,3.44,2.62
5334,,Chaya Dattatreya Kadam,Shirala,528,Upavale,0.2,7.05,0.62,0.90,238.34,25.85,380.8,8.64,0.58,1.18,0.38,3.08,2.84
5335,,Sharad Dattatrey Kadam,Shirala,525,Upavale,0.15,7.16,0.32,0.46,263.42,24.52,358.4,9.16,0.76,1.18,0.32,20.10,1.62
5336,,Shrikant Ashok Kadam,Shirala,532,Upavale,0.2,6.94,0.24,0.90,200.70,23.18,403.2,6.24,1.48,0.63,0.24,2.62,3.72
5337,,Babaso Shankar Patil,Shirala,623,Upavale,0.2,6.85,0.43,0.76,150.53,21.84,425.6,7.33,0.32,0.93,0.28,5.22,3.90
5338,,Sambhaji Shripati Kadam,Shirala,521,Upavale,0.1,6.77,0.10,0.46,150.53,26.75,324.8,5.41,0.32,0.66,0.66,1.96,2.62
5339,,Arjun Shripati Kadam,Shirala,672,Upavale,0.3,6.89,0.17,0.71,200.70,28.53,246.4,6.63,0.62,1.11,0.34,0.56,2.16
5340,,Rajaram Sampat Kadam,Shirala,525,Upavale,0.1,7.22,0.16,0.90,188.16,28.53,280.0,7.76,0.46,1.03,0.24,2.88,4.00
5341,,Mandakini Ramchandra Kadam,Shirala,434,Upavale,0.3,6.27,0.60,0.71,225.79,27.64,212.8,7.24,0.58,0.92,0.54,3.72,2.76
5342,,Udaysingh Maruti Karm,Shirala,484,Upavale,0.2,6.71,0.49,0.69,275.97,31.20,190.4,8.46,0.20,1.18,0.36,0.68,1.24
5343,,Deepak Balu Kadam,Shirala,380,Upavale,0.2,6.75,0.16,0.88,137.98,16.49,201.6,8.24,1.56,0.82,0.28,2.94,2.74
5344,,Jaysing Balu Kadam,Shirala,401,Upavale,0.18,6.70,0.33,0.83,263.42,15.60,336.0,8.55,1.20,0.69,0.26,0.46,2.12
5345,,Babso Maruti Kadam,Shirala,530,Upavale,0.5,7.50,0.32,0.96,263.42,28.08,369.6,7.76,1.36,1.34,0.34,28.24,2.56
5346,,Seema Prakash Shinde,Shirala,563,Upavale,0.1,6.61,0.23,0.99,275.97,28.97,302.4,7.98,1.14,1.06,0.34,3.16,3.14
5347,,Brahmadev Shriram Gurav,Shirala,585,Upavale,0.2,7.59,0.15,0.28,200.70,27.64,212.8,9.20,0.38,1.19,0.32,5.18,3.28
5348,,Pramod Bajirao Patil,Shirala,644,Upavale,0.2,6.96,0.18,0.89,301.06,26.75,190.4,8.90,0.26,1.37,0.50,5.54,3.26
5349,,Virendra Ramrao Patil,Shirala,666,Upavale,0.4,7.14,0.18,0.75,163.07,24.52,235.2,8.51,0.32,0.81,0.30,9.58,3.66
5350,,Udaysingh Mansingh Patil,Shirala,825,Upavale,0.15,7.12,0.15,0.49,137.98,28.97,179.2,7.94,0.20,0.69,0.30,1.02,3.44
5351,,Eknath Gunda Kadam,Shirala,831,Upavale,0.2,6.94,0.23,0.71,75.26,22.73,201.6,9.16,0.56,0.68,0.34,4.28,2.68
5352,,Pradeep Mehipati Patil,Shirala,820,Upavale,0.15,7.11,0.15,0.89,125.44,26.75,168.0,9.73,0.38,0.81,0.36,1.40,2.46
5353,,Mohan Shamrao Patil,Shirala,727,Upavale,0.15,7.64,0.17,0.47,250.88,23.18,190.4,9.42,0.30,1.28,0.30,1.00,0.92
5354,,Suhas Shivaji Kadam,Shirala,282,Upavale,0.2,7.04,0.22,0.90,150.53,19.17,257.6,10.03,0.26,0.88,0.38,1.10,3.30
5355,,Rishikesh Subhash Kadam,Shirala,282,Upavale,0.1,6.97,0.23,0.88,238.34,13.82,224.0,9.77,0.68,1.16,0.26,5.00,2.56
5356,,Subhash Namdev Kadam,Shirala,96,Upavale,0.2,7.58,0.39,0.74,200.70,24.07,268.8,9.07,0.34,0.66,0.30,2.42,4.70
5357,,Abhijeet Baburao Patil,Shirala,628,Upavale,0.2,6.92,0.26,0.75,213.25,24.52,201.6,9.25,0.20,0.93,0.30,7.20,1.20
5358,,Pandurang Maruti Gaikwad,Shirala,663,Upavale,0.3,6.97,0.29,0.69,188.16,28.97,313.6,8.29,0.26,0.84,0.24,2.94,2.16
5359,,Ashok Shamrao Patil,Shirala,787,Upavale,0.1,6.73,0.63,0.51,200.70,22.29,268.8,8.11,0.24,0.67,0.28,2.94,0.46
5360,,PatangRao Babosa Patil,Shirala,773,Upavale,0.2,6.72,0.37,0.74,225.79,23.18,280.0,8.16,0.48,0.52,0.28,1.04,4.08
5361,,Subhash Ganpati Kamble,Shirala,71,Upavale,0.4,7.00,0.36,0.51,213.25,21.84,190.4,8.81,0.48,0.67,0.32,0.92,1.98
5362,,Ajit BabaSo Patil,Shirala,843,Upavale,0.28,7.20,0.37,1.00,250.88,19.17,224.0,9.42,0.28,0.78,0.28,6.10,3.62
5363,,Sunil Gyanu Patil,Shirala,667,Upavale,0.2,6.63,0.10,0.44,225.79,22.29,268.8,9.12,0.24,0.53,0.36,7.02,2.54
5364,,Balaso Ganpati Patil,Shirala,827,Upavale,0.2,6.89,0.41,0.47,188.16,23.18,212.8,9.95,0.36,0.83,0.20,7.14,3.50
5365,,Jhamrao Chandru Kadam,Shirala,32,Upavale,0.35,7.24,0.33,0.69,188.16,21.84,201.6,8.64,0.52,1.34,0.28,0.80,3.34
5366,,Vitthal Dhondi Ingavle ,Shirala,278,Upavale,0.2,6.95,0.39,0.44,188.16,19.17,224.0,7.72,0.64,0.52,0.36,4.50,3.80
5367,,Kailas Vittal Engavale,Shirala,281,Upavale,281,6.91,0.22,0.53,163.07,20.95,257.6,9.42,0.38,0.82,0.30,1.18,2.90
5368,,Sanjay ZamRaoKadam,Shirala,282,Upavale,0.2,6.83,0.16,0.71,188.16,25.85,246.4,7.98,0.36,0.93,0.34,0.82,3.02
5369,,Mahadev Ramchandra Kadam,Shirala,248,Upavale,0.1,6.80,0.10,0.82,225.79,24.96,235.2,9.20,0.20,1.19,0.24,0.46,4.26
5370,,Shubham Babaso Kadam,Shirala,455,Upavale,0.7,6.96,0.14,0.85,225.79,20.95,291.2,9.90,0.36,1.32,0.30,9.58,4.90
5371,,Subhash Shripati Kadam,Shirala,398,Upavale,0.4,6.92,0.15,0.86,200.70,24.96,313.6,7.20,0.62,1.20,0.28,8.64,5.90
5372,,Vitthal Ddhondi Kadam,Shirala,410,Upavale,0.18,6.89,0.18,0.88,200.70,24.52,212.8,10.12,0.52,1.18,0.22,12.18,4.00
5373,,Bajirao Shankar Kadam,Shirala,565,Upavale,0.37,7.21,0.16,0.47,238.34,24.07,246.4,10.73,0.20,1.14,0.34,6.32,3.58
5374,,Jaywant Shripati Kadam,Shirala,516,Upavale,0.2,6.94,0.28,0.85,188.16,18.28,190.4,9.25,0.34,1.44,0.32,4.34,2.56
5375,,Shivaji Dinkar Gaikwad,Shirala,560,Upavale,0.3,6.98,0.14,0.69,263.42,19.61,235.2,8.81,0.32,1.16,0.38,3.48,3.52
5376,,Pandurang Maruti Gaikwad,Shirala,563,Upavale,0.25,6.93,0.26,0.46,150.53,17.83,324.8,7.90,0.24,1.11,0.28,0.20,2.20
5377,,Ashok Dinkar Gaikwad,Shirala,563,Upavale,0.15,7.01,0.10,0.71,238.34,21.40,302.4,8.38,0.32,1.03,0.22,6.60,3.26
5378,,Shivaji Kundlik Patil,Shirala,638,Upavale,0.35,6.90,0.20,0.85,200.70,21.84,224.0,7.76,0.20,0.93,0.32,2.46,5.26
5379,,Sunil Rangrav Kadam,Shirala,821,Upavale,0.1,6.91,0.21,0.72,213.25,20.06,201.6,6.80,0.40,0.83,0.22,3.50,4.08
5380,,Akshay Vasant Kadam,Shirala,672,Upavale,0.15,6.98,0.24,0.72,175.62,27.19,235.2,7.37,0.20,1.26,0.38,4.82,4.02
5381,,Shankar Ananda Kadam,Shirala,658,Upavale,0.15,6.91,0.32,0.88,200.70,31.20,212.8,9.33,0.30,1.29,0.32,10.80,3.88
5382,,Ujjwala Satish Gaikwad,Shirala,655,Upavale,0.2,6.83,0.21,0.83,238.34,29.87,179.2,10.03,0.34,1.18,0.32,6.14,4.90
5383,,Chandar Shripathi Kadam,Shirala,672,Upavale,0.4,7.20,0.17,0.96,213.25,28.97,246.4,9.12,0.32,1.19,0.32,7.38,3.74
5384,,Hanmant Namdev Kadam,Shirala,647,Upavale,0.25,6.88,0.25,0.86,250.88,23.63,280.0,9.38,0.38,0.93,0.36,0.92,4.24
5385,,Nilesh Subhash Kadam,Shirala,848,Upavale,0.2,6.65,0.12,0.28,238.34,15.60,347.2,5.19,0.92,0.78,0.30,4.24,3.28
5386,,Jambaji Krishna Gaikwad,Shirala,519,Upavale,0.2,6.58,0.55,0.85,175.62,28.53,291.2,8.81,0.62,1.16,0.42,7.64,3.14
5387,,Rajesh Vinayak Joshi,Shirala,531,Upavale,0.25,6.97,0.25,0.75,200.70,28.97,224.0,8.51,0.26,1.33,0.36,21.54,4.06
5388,,Manda Chandar Kadam,Shirala,510,Upavale,0.32,6.84,0.26,0.49,200.70,15.60,302.4,7.33,0.22,1.19,0.24,16.60,3.28
5389,,Raysing Mansingh Patil,Shirala,523,Upavale,0.2,6.88,0.22,0.63,163.07,23.63,380.8,7.24,0.66,0.86,0.22,7.70,3.36
5390,,Aniket Khanderav Rashi Wadekar,Shirala,540,Upavale,0.29,7.16,0.15,0.51,213.25,16.49,212.8,9.25,0.30,0.69,0.20,5.26,4.20
5391,,Khanderav Tukaram Rashi Wadekar,Shirala,544,Upavale,0.24,6.94,0.20,0.79,213.25,29.87,347.2,10.03,0.34,1.23,0.24,14.54,3.36
5392,,Gorakh Sakharam Kadam,Shirala,399,Upavale,0.2,6.93,0.25,0.76,200.70,21.84,313.6,9.77,0.36,1.08,0.34,5.62,3.30
5393,,Anandrao Shankar Kadam,Shirala,254,Upavale,0.22,7.76,0.14,0.85,213.25,20.06,280.0,9.07,0.36,0.95,0.20,5.72,4.70
5394,,Sanjay Krishna Kadam,Shirala,427,Upavale,0.2,7.69,0.15,0.88,163.07,23.18,403.2,8.64,0.56,1.34,0.20,0.90,4.06
5395,,Shankar Ramchandra Pawar,Shirala,553,Upavale,0.4,7.51,0.11,0.46,175.62,19.61,369.6,7.07,0.28,0.53,0.36,0.88,0.64
5396,,Srikanth Shankar Pawar,Shirala,811,Upavale,0.3,6.72,0.49,0.85,200.70,22.29,235.2,7.76,0.40,0.78,0.20,0.94,0.86
5397,,Vinayak Shankar Pawar,Shirala,811,Upavale,811,6.80,0.57,0.46,150.53,23.18,268.8,8.38,0.20,1.17,0.22,8.08,0.78
5398,,Ajith Chander Kadam,Shirala,139,Upavale,0.2,6.85,0.12,0.71,213.25,21.84,358.4,9.33,0.36,0.53,0.28,6.56,3.76
5399,,Chander JaySingh Kadam,Shirala,231,Upavale,0.2,6.82,0.12,0.69,213.25,19.17,280.0,9.03,0.52,1.17,0.26,4.72,3.62
5400,,Amar Bhimrao Patil,Shirala,842,Upavale,2,7.08,0.28,0.88,238.34,25.85,224.0,8.46,0.48,1.35,0.36,2.22,2.24
5401,,Vinita DilipRao Patil,Shirala,677,Upavale,0.8,7.28,0.24,0.35,150.53,18.72,246.4,7.85,0.30,1.44,0.34,4.32,2.84
5402,,DilipRao Namdev Patil,Shirala,608,Upavale,0.8,6.86,0.20,0.75,188.16,20.95,291.2,10.08,0.20,0.66,0.38,0.32,1.78
5403,,Pandurang Bapu Shevade,Shirala,616,Upavale,0.3,7.55,0.24,0.49,163.07,25.85,336.0,10.47,0.38,1.16,0.36,8.58,2.00
5404,,Machhindra Keshav Patil,Shirala,818,Upavale,0.1,6.80,0.24,0.75,200.70,24.96,201.6,10.29,0.80,0.88,0.38,0.24,4.10
5405,,Vilas Dalu Patil,Shirala,710,Upavale,0.27,6.92,0.26,0.83,301.06,20.95,257.6,9.12,0.32,0.77,0.38,11.22,2.98
5406,,Neelkanth Sadashiv Patil,Shirala,831,Upavale,0.42,7.17,0.23,0.64,50.18,28.97,347.2,9.38,0.46,0.68,0.48,5.96,2.14
5407,,Vishwajeet Nilkanth Patil,Shirala,836,Upavale,0.25,6.91,0.13,0.53,200.70,24.52,369.6,8.20,0.70,0.69,0.38,5.92,2.56
5408,,Pandurang Bapu Patil,Shirala,702,Upavale,0.18,7.00,0.24,0.47,200.70,13.82,212.8,13.17,0.48,1.31,0.40,1.00,3.48
5409,,Ananda Bapu Patil,Shirala,529,Upavale,0.32,7.01,0.14,0.42,188.16,21.84,190.4,8.68,0.20,0.86,0.32,7.04,2.86
5410,,Vikram Mahadev Patil,Shirala,831,Upavale,0.32,7.09,0.18,0.47,175.62,23.18,246.4,9.42,0.20,0.69,0.34,1.12,3.52
5411,,Praveen Arun Patil,Shirala,832,Upavale,0.36,6.84,0.30,0.51,200.70,22.29,336.0,10.43,0.34,0.56,0.42,3.16,1.62
5412,7371,Amol Tanaji Kharade,Tasgaon,515,Gaurgaon,0.30,8.31,0.28,0.83,200.70,22.73,257.60,7.33,0.24,0.53,1.70,1.58,3.82
5413,7372,Anil Dattu Kharade,Tasgaon,201,Gaurgaon,0.20,7.70,0.22,0.79,175.62,27.64,201.60,7.94,0.50,1.04,2.80,1.60,4.94
5414,7373,Anil Shivaji Jadhav,Tasgaon,767,Gaurgaon,0.30,7.72,0.26,0.90,238.34,31.20,212.80,13.61,0.22,0.77,3.60,4.60,2.96
5415,7374,Anil Visvnath Kharade,Tasgaon,257,Gaurgaon,0.30,8.07,0.16,0.71,150.53,23.63,235.20,14.83,1.08,0.93,1.44,7.08,2.56
5416,7375,Annaso Tatyaso Zambre,Tasgaon,580,Gaurgaon,0.70,7.86,0.23,0.90,213.25,25.41,291.20,7.98,0.64,1.18,1.58,2.58,1.50
5417,7376,Arun Ragunath Suruywashi,Tasgaon,421,Gaurgaon,0.20,7.57,0.26,0.47,225.79,14.71,268.80,6.06,0.22,1.01,2.58,0.38,2.94
5418,7377,Ashok dandev Kharade,Tasgaon,573,Gaurgaon,0.15,7.50,0.22,0.89,188.16,29.42,224.00,5.41,1.24,1.34,1.60,2.30,2.86
5419,7378,Ashok Dhondiram Kadam,Tasgaon,345,Gaurgaon,0.20,7.94,0.22,0.74,200.70,15.60,347.20,6.21,0.80,1.34,1.62,1.64,2.30
5420,7379,Ashok Shivaji Kadam,Tasgaon,228,Gaurgaon,0.40,7.95,0.18,0.76,213.25,28.97,313.60,6.89,1.06,0.91,1.34,0.32,1.94
5421,7380,Ashok Subrav Chavan,Tasgaon,744,Gaurgaon,0.15,7.77,0.23,0.76,225.79,29.42,369.60,7.07,0.22,1.06,1.30,0.70,2.24
5422,7381,Baban Pandurang More,Tasgaon,558,Gaurgaon,0.30,8.01,0.21,0.90,213.25,30.76,336.00,8.20,0.22,0.56,1.48,0.36,1.98
5423,7382,Bajrang Dhondi Shinde,Tasgaon,125,Gaurgaon,0.30,8.02,0.21,0.90,188.16,28.08,358.40,13.52,1.38,1.16,1.50,2.40,1.20
5424,7383,Bajrang Shayarao Kharade,Tasgaon,594,Gaurgaon,0.20,7.59,0.22,0.89,137.98,24.96,302.40,14.87,1.76,0.68,1.28,0.98,2.10
5425,7384,Balasheb Namdev Kharade,Tasgaon,592,Gaurgaon,0.30,7.52,0.25,0.88,163.07,24.07,212.80,6.63,1.50,0.63,0.78,1.64,1.86
5426,7385,Balaso Dattu Kharade,Tasgaon,203,Gaurgaon,0.10,7.81,0.21,0.71,175.62,22.29,257.60,7.46,1.38,0.82,1.26,2.10,2.24
5427,7386,Balaso Tulshiram Kadam,Tasgaon,75,Gaurgaon,0.20,7.85,0.21,0.89,163.07,30.76,280.00,6.54,1.76,0.68,1.22,1.48,1.68
5428,7387,Balso Ananda Kharade,Tasgaon,722,Gaurgaon,0.30,7.60,0.22,0.86,213.25,23.18,291.20,6.94,1.50,0.67,1.14,1.96,2.32
5429,7388,Balwant Bagwan Kadam,Tasgaon,350,Gaurgaon,0.50,7.74,0.17,0.83,188.16,27.19,358.40,7.33,1.18,0.63,1.54,5.60,1.46
5430,7389,Balwant Dattu Kadam,Tasgaon,710,Gaurgaon,0.35,7.80,0.22,0.85,188.16,23.18,235.20,6.76,0.28,1.13,1.08,0.90,1.98
5431,7390,Bhimrao Ragunath Chavan,Tasgaon,579,Gaurgaon,0.40,8.00,0.17,0.89,188.16,24.07,268.80,7.94,0.84,1.20,1.12,0.78,1.76
5432,7391,Dasrath Vasantrao Nimbalkar,Tasgaon,369,Gaurgaon,0.20,8.01,0.17,0.83,200.70,15.60,212.80,8.59,0.66,0.97,1.74,1.98,1.44
5433,7392,Dattajirao Shrirang Kharade,Tasgaon,493,Gaurgaon,0.25,7.98,0.18,0.85,150.53,13.82,291.20,12.13,0.92,0.91,1.10,1.36,1.54
5434,7393,Dattatrya Shankar Sagre,Tasgaon,691,Gaurgaon,0.35,8.06,0.18,0.86,163.07,15.60,257.60,9.55,1.08,0.95,0.68,1.88,1.78
5435,7394,Dattu Dadu Suryawanshi,Tasgaon,441,Gaurgaon,0.20,7.89,0.20,0.90,451.58,21.40,201.60,10.12,1.00,1.01,0.80,3.66,1.50
5436,7395,Dattu Rama Kharaede,Tasgaon,",202",Gaurgaon,0.15,7.81,0.19,0.88,150.53,28.97,168.00,9.16,0.30,1.06,0.84,1.84,1.74
5437,7396,Deepak Mahadev Jadhav,Tasgaon,542,Gaurgaon,0.25,7.93,0.18,0.88,213.25,8.92,179.20,8.94,0.40,1.14,0.70,1.38,2.18
5438,7397,Dhondiram Jagannath Bhosle,Tasgaon,468,Gaurgaon,0.20,7.83,0.19,0.51,200.70,28.08,235.20,8.38,0.54,0.70,1.12,1.34,2.12
5439,7398,Dilip Bhimrao Kharade,Tasgaon,126,Gaurgaon,0.25,8.00,0.20,0.49,200.70,28.08,257.60,7.85,0.52,0.72,1.08,1.72,1.72
5440,7399,Dilip Shayamrao Bhuikar,Tasgaon,15,Gaurgaon,0.10,7.81,0.21,0.51,200.70,28.97,302.40,7.63,0.66,0.82,1.12,2.02,1.68
5441,7400,Dinkar Ragunath Chavan,Tasgaon,581,Gaurgaon,0.25,7.77,0.40,0.97,137.98,26.75,280.00,9.25,0.30,1.17,0.82,3.66,1.94
5442,7401,Hanmat Ganpati Kadam,Tasgaon,74,Gaurgaon,0.30,7.71,0.29,0.89,225.79,27.19,235.20,9.81,0.34,0.68,1.02,0.86,2.06
5443,7402,Haribhu Pandurang More,Tasgaon,95,Gaurgaon,0.28,7.81,0.41,0.86,301.06,24.52,268.80,8.51,0.42,1.28,1.16,1.36,1.84
5444,7403,Haridas Namdev Bhuikar,Tasgaon,445,Gaurgaon,0.15,7.74,0.25,0.89,163.07,25.41,212.80,8.81,0.36,1.22,1.08,0.46,1.58
5445,7404,Janardhan Krusnrao Kharade,Tasgaon,335,Gaurgaon,0.40,7.71,0.26,0.89,200.70,26.30,291.20,7.07,0.30,0.73,1.22,2.92,2.36
5446,7405,Jayant Janardhan Kharade,Tasgaon,335,Gaurgaon,0.50,8.05,0.23,0.83,213.25,29.87,246.40,8.46,0.34,0.75,1.00,1.28,1.68
5447,7406,Kisan Shrirang Kharade,Tasgaon,718,Gaurgaon,0.25,7.88,0.31,0.89,163.07,25.85,201.60,5.58,0.32,0.97,1.26,1.74,1.82
5448,7407,Lata Ramesh Adhate,Tasgaon,760,Gaurgaon,0.25,8.10,0.24,0.90,238.34,22.29,347.20,10.56,0.52,1.17,0.78,1.78,1.02
5449,7408,Laxman Anna Patil,Tasgaon,569,Gaurgaon,0.40,7.89,0.21,0.49,175.62,20.95,280.00,6.06,0.52,1.16,0.86,1.94,1.60
5450,7409,Laxman Bhanudas Dagade,Tasgaon,33,Gaurgaon,0.02,7.62,0.22,0.88,200.70,20.50,179.20,8.94,0.30,0.96,0.90,1.70,2.20
5451,7410,Laxman Vitthal Kulkarni,Tasgaon,556,Gaurgaon,0.20,8.02,0.27,0.74,225.79,20.06,246.40,7.24,0.24,0.93,1.56,2.02,1.86
5452,7411,Laxman Vitthoba Dagde,Tasgaon,471,Gaurgaon,0.15,7.65,0.24,0.90,163.07,19.17,313.60,7.50,0.34,1.15,1.22,4.24,3.30
5453,7412,Lilavati Ramchandra Kadam,Tasgaon,222,Gaurgaon,0.50,8.10,0.21,0.51,250.88,22.29,291.20,8.55,0.32,1.18,0.82,1.72,2.20
5454,7413,Maruti Ganpati Palskar,Tasgaon,15,Gaurgaon,0.04,7.97,0.23,0.93,175.62,23.18,347.20,8.85,0.24,0.98,0.96,3.64,2.66
5455,7414,Matabai Pandurang Suryawanshi,Tasgaon,244,Gaurgaon,0.30,7.70,0.22,0.97,225.79,24.07,403.20,9.55,0.34,0.95,1.06,2.50,1.56
5456,7415,Mohan Vitthoba Jadhav,Tasgaon,153,Gaurgaon,0.35,8.11,0.26,0.85,225.79,20.50,358.40,9.73,0.28,0.97,1.08,4.02,2.80
5457,7416,Mukanda Lala Mane,Tasgaon,290,Gaurgaon,0.01,8.04,0.24,0.90,213.25,25.85,302.40,9.07,0.38,1.17,0.60,2.56,2.68
5458,7417,Nagesh Rajaram Kadam,Tasgaon,58,Gaurgaon,0.20,7.73,0.23,0.74,200.70,17.83,246.40,9.25,0.32,1.22,1.28,3.74,3.38
5459,7418,Namdev Jagannath Kharade,Tasgaon,218,Gaurgaon,0.30,7.60,0.25,0.85,213.25,24.52,268.80,7.68,0.28,1.32,0.88,3.20,2.08
5460,7419,NamdevNaryan Chavan,Tasgaon,577,Gaurgaon,0.30,7.65,0.23,0.63,238.34,22.29,212.80,9.29,0.34,1.43,1.22,8.22,2.26
5461,7420,Nanaso Dattu Kadam,Tasgaon,710,Gaurgaon,0.30,8.05,0.25,0.68,338.69,23.18,257.60,7.90,0.48,0.95,0.64,7.20,4.02
5462,7421,Navnat Baba Surywanshi,Tasgaon,445,Gaurgaon,0.20,7.99,0.32,0.67,150.53,27.64,235.20,7.72,0.36,1.00,0.60,4.12,4.04
5463,7422,Navnath Vilas Kharade,Tasgaon,567,Gaurgaon,0.40,7.70,0.24,0.65,351.23,24.96,224.00,10.16,0.24,0.73,0.70,10.26,4.14
5464,7423,Pandurang Bhagwatrzo Nimbalkar,Tasgaon,371,Gaurgaon,0.20,7.99,0.24,0.67,238.34,18.28,280.00,10.99,0.56,0.55,0.56,13.74,2.70
5465,7424,Pandurang Rangrao Kharade,Tasgaon,515,Gaurgaon,0.10,7.66,0.22,0.78,238.34,21.40,324.80,9.38,0.88,0.55,0.70,6.40,4.52
5466,7425,Pandurg Dattu Kharade,Tasgaon,200,Gaurgaon,0.20,8.01,0.23,0.79,238.34,19.17,302.40,7.98,0.50,0.96,0.68,15.62,3.24
5467,7426,Prakash Gulabrao Kharade,Tasgaon,718,Gaurgaon,0.30,7.60,0.20,0.76,213.25,18.28,224.00,7.15,1.22,0.98,0.76,5.40,4.12
5468,7427,Prasad Narayan Kharade,Tasgaon,587,Gaurgaon,0.30,7.70,0.24,0.64,175.62,14.26,280.00,9.90,0.72,1.17,0.60,1.26,6.04
5469,7428,Rahul Bapuso Kadam,Tasgaon,29,Gaurgaon,0.20,7.85,0.25,0.75,163.07,16.31,358.40,9.42,0.28,1.15,0.88,0.32,3.96
5470,7429,Ramchandra Ganpati Palskar,Tasgaon,15,Gaurgaon,0.80,8.08,0.24,0.60,200.70,15.60,336.00,8.94,0.28,1.22,0.58,0.76,2.06
5471,7430,???????? ????? ????,Tasgaon,704,Gaurgaon,0.40,8.04,0.27,0.63,163.07,13.37,246.40,9.51,0.36,1.11,0.68,0.52,2.44
5472,7431,Ramesh Gopinath Sagre,Tasgaon,697,Gaurgaon,0.25,8.07,0.26,0.72,225.79,20.95,302.40,9.77,0.34,1.16,0.68,1.28,2.30
5473,7432,Ramesh Vitthal Chavan,Tasgaon,542,Gaurgaon,0.10,8.02,0.21,0.61,175.62,19.17,235.20,9.42,0.22,1.05,0.70,2.42,2.74
5474,7433,Ramkrushna Shivaji Kadam,Tasgaon,228,Gaurgaon,0.20,7.64,0.22,0.71,213.25,21.40,190.40,9.03,0.40,0.96,0.58,1.20,2.12
5475,7434,Rohan Asshok Chavan,Tasgaon,448,Gaurgaon,50.00,8.15,0.24,0.60,213.25,18.72,212.80,9.25,0.50,0.98,0.58,1.42,3.50
5476,7435,Ruturaj Sunil Zambre,Tasgaon,579,Gaurgaon,0.60,8.07,0.20,0.56,225.79,16.05,358.40,9.86,0.48,0.88,0.62,1.30,1.84
5477,7436,Sachin Laxman Chavan,Tasgaon,458,Gaurgaon,0.60,8.09,0.20,0.74,250.88,15.60,313.60,7.37,0.56,0.87,0.56,1.16,1.34
5478,7437,Sadashiv Pandurang Kadam,Tasgaon,35,Gaurgaon,0.35,7.95,0.20,0.61,250.88,17.38,246.40,9.38,0.22,0.77,0.62,0.72,1.72
5479,7438,Sambhaji Jayshing Chavan,Tasgaon,577,Gaurgaon,0.40,8.15,0.21,0.68,225.79,15.16,201.60,9.07,0.30,0.75,0.58,1.56,2.76
5480,7439,Sambhaji Ramchandra Dagade,Tasgaon,198,Gaurgaon,0.15,7.85,0.22,0.58,175.62,16.94,179.20,10.73,0.28,1.09,0.62,1.40,2.18
5481,7440,Sambhji Dhondiram Kharade,Tasgaon,747,Gaurgaon,0.20,7.64,0.23,0.57,188.16,19.61,235.20,9.47,0.28,1.02,0.76,2.16,1.50
5482,7441,Sandeep Namdev Kharade,Tasgaon,558,Gaurgaon,0.30,8.01,0.20,0.69,213.25,21.40,168.00,8.20,0.48,0.72,0.60,2.82,1.60
5483,7442,Sandeep Shivaji Chavan,Tasgaon,580,Gaurgaon,0.20,7.65,0.23,0.72,213.25,22.73,257.60,7.07,0.74,0.73,0.64,7.20,5.30
5484,7443,Sangita Ashok Bhuikar,Tasgaon,12,Gaurgaon,0.25,7.53,0.24,0.68,188.16,26.75,212.80,7.42,0.22,0.77,0.64,1.44,3.26
5485,7444,Sanjay Pandurang Kharade,Tasgaon,227,Gaurgaon,0.40,7.79,0.25,0.60,137.98,21.40,201.60,9.38,0.26,0.70,0.60,2.38,2.16
5486,7445,Sanjay Shankar Kharade,Tasgaon,200,Gaurgaon,0.20,7.98,0.24,0.81,175.62,13.82,224.00,9.16,0.32,0.73,0.66,0.64,1.70
5487,7446,Sarjarao Jagannath Patil,Tasgaon,335,Gaurgaon,0.30,7.86,0.19,0.58,200.70,14.71,280.00,8.38,0.30,1.00,0.60,1.74,1.32
5488,7447,Shankar Shayamrao Bhuikar,Tasgaon,704,Gaurgaon,0.40,7.91,0.23,0.65,150.53,20.95,190.40,7.24,0.26,0.97,0.58,2.30,2.44
5489,7448,Shivaji Babu Gule,Tasgaon,735,Gaurgaon,0.20,7.95,0.27,0.81,213.25,18.72,313.60,10.12,0.32,1.05,0.60,0.94,1.94
5490,7449,Shivaji Babu Sagre,Tasgaon,698,Gaurgaon,0.45,7.58,0.22,0.78,163.07,16.05,212.80,10.73,0.32,0.72,0.56,1.64,1.26
5491,7450,Suraykant Bajirao Kharade,Tasgaon,445,Gaurgaon,0.15,7.77,0.26,0.65,175.62,14.71,268.80,8.38,0.28,0.54,0.64,2.28,2.42
5492,7451,Tukaram Sambhaji Jadhav,Tasgaon,32,Gaurgaon,0.30,7.92,0.24,0.78,163.07,15.60,224.00,8.64,0.32,0.61,0.54,1.56,1.96
5493,7452,Umaji ?????? Mandle,Tasgaon,159,Gaurgaon,0.15,7.83,0.35,0.90,213.25,18.72,179.20,9.29,0.32,0.67,0.56,2.04,3.44
5494,7453,Vasant Shankar Jadhav,Tasgaon,16,Gaurgaon,0.20,8.10,0.26,0.76,200.70,19.61,246.40,8.81,0.22,0.54,0.60,0.20,3.52
5495,7454,Vijay Laxman Dagade,Tasgaon,96,Gaurgaon,0.15,7.86,0.22,0.75,150.53,14.71,201.60,7.37,0.24,0.76,0.60,0.20,3.54
5496,7455,Vikas Jayshing Chavan,Tasgaon,77,Gaurgaon,0.15,7.95,0.23,0.72,125.44,15.16,190.40,6.46,0.58,1.16,0.62,0.90,4.04
5497,7456,Vilas Krishna Kumbhar,Tasgaon,776,Gaurgaon,0.50,8.12,0.24,0.74,163.07,14.26,179.20,6.98,0.36,1.18,0.64,7.10,3.18
5498,7457,Vilas Pandurang Kharade,Tasgaon,606,Gaurgaon,0.15,8.15,0.25,0.61,175.62,19.61,257.60,9.07,0.32,0.72,0.64,0.52,3.16
5499,7458,Vilas Yadvrao Nimbalkar,Tasgaon,723,Gaurgaon,0.20,7.98,0.25,0.44,250.88,26.30,280.00,8.68,0.20,0.55,0.66,1.22,2.48
5500,7459,Vinayak Subhash Kadam,Tasgaon,710,Gaurgaon,0.40,7.55,0.24,0.40,200.70,23.18,336.00,10.12,0.38,0.52,0.68,0.62,1.88
5501,7460,Vishnu Dhondiramkadam,Tasgaon,76,Gaurgaon,0.15,7.78,0.25,0.43,225.79,20.50,224.00,8.24,0.24,1.00,0.62,1.22,2.26
5502,7461,Vitthal Akaram Kadam,Tasgaon,551,Gaurgaon,0.50,8.17,0.28,0.60,238.34,22.73,201.60,8.81,0.82,1.04,0.62,8.12,6.90
5503,7462,Vitthal Namdev Jadhav,Tasgaon,127,Gaurgaon,0.20,8.07,0.19,0.72,238.34,24.96,257.60,8.29,0.26,1.02,0.60,3.10,3.32
5504,7462,Abaso Actutrav Suryavanshi,Tasgaon,84,Kacharewadi,0.80,7.83,0.35,0.49,200.70,16.49,156.80,15.01,0.32,1.11,0.30,0.68,2.62
5505,7464,Ananda Akaram Suryavanshi,Tasgaon,877,Kacharewadi,0.50,7.18,0.10,0.71,200.70,28.08,100.80,11.34,0.28,1.23,0.24,1.94,2.12
5506,7466,Anil Hindurao Suryavanshi,Tasgaon,873,Kacharewadi,0.40,7.74,0.12,0.42,175.62,31.20,235.20,16.36,0.66,1.57,0.28,0.60,3.18
5507,7468,Arjun Krushnadev Pawar,Tasgaon,544,Kacharewadi,0.40,7.37,0.15,0.75,188.16,13.37,145.60,15.92,0.22,1.00,0.38,4.78,4.22
5508,7470,Ashok Bhimrao Suryavanshi,Tasgaon,694,Kacharewadi,0.50,7.48,0.14,0.74,163.07,33.43,212.80,18.54,1.30,0.98,0.38,4.60,4.38
5509,7472,Baban Kashiram Suryavanshi,Tasgaon,871,Kacharewadi,0.55,7.81,0.11,0.90,175.62,16.49,123.20,14.13,0.92,1.00,0.36,0.32,2.12
5510,7474,Babanrav Dnyanu Suryavanshi,Tasgaon,87,Kacharewadi,0.40,7.46,0.18,0.47,200.70,27.19,179.20,16.71,0.54,1.07,0.30,3.68,3.36
5511,7476,Baburav Bapurav Suryavanshi,Tasgaon,567,Kacharewadi,0.40,7.23,0.16,0.51,163.07,15.60,168.00,18.36,1.56,1.65,0.22,0.96,3.62
5512,7478,Balkrishna Namdev Suryavanshi,Tasgaon,669,Kacharewadi,0.50,7.18,0.10,0.28,150.53,11.14,112.00,9.81,0.72,1.66,0.24,0.66,1.64
5513,7480,Balwant Bhiva Bhokare,Tasgaon,883,Kacharewadi,0.50,7.86,0.11,0.76,163.07,15.60,156.80,13.30,0.74,1.98,0.30,0.56,1.84
5514,7482,Bharat Bapu Kachare,Tasgaon,737/38,Kacharewadi,0.39,7.15,0.18,0.69,275.97,27.19,78.40,13.13,0.26,0.60,0.36,1.68,3.80
5515,7484,Bhaskar Venkatrav Jagdale,Tasgaon,550/2,Kacharewadi,0.33,7.46,0.25,0.47,112.90,32.54,89.60,13.57,0.70,0.73,0.24,1.32,3.04
5516,7486,Bhimrao Gunda Suryavanshi,Tasgaon,570,Kacharewadi,0.52,7.38,0.13,0.88,175.62,16.49,201.60,12.43,0.28,0.96,0.20,4.82,3.90
5517,7488,Dadaso Sampat Sathe,Tasgaon,91,Kacharewadi,0.30,7.42,0.12,0.79,175.62,15.60,134.40,11.12,2.50,1.12,0.26,2.52,2.84
5518,7490,Dagadu Krushna Gurav,Tasgaon,11/2,Kacharewadi,0.40,7.38,0.18,0.47,163.07,15.16,212.80,11.56,0.36,1.26,0.36,4.34,3.88
5519,7492,Dagadu Subrao Suryavanshi,Tasgaon,867,Kacharewadi,0.45,7.81,0.13,0.49,137.98,11.14,89.60,15.27,0.30,1.45,0.22,0.42,3.66
5520,7494,Dattatraya Mahadev Suryavanshi,Tasgaon,106,Kacharewadi,1.00,7.50,0.18,0.88,175.62,24.52,212.80,14.26,0.46,1.48,0.38,3.82,3.96
5521,7496,Devdas Bhimrao Suryavanshi,Tasgaon,568,Kacharewadi,0.40,7.58,0.16,0.79,163.07,33.43,168.00,21.16,1.26,1.81,0.20,3.26,3.58
5522,7498,Dhanaji Jotiram Suryavanshi,Tasgaon,662,Kacharewadi,0.40,7.61,0.17,0.49,200.70,28.97,100.80,13.30,0.20,1.57,0.28,0.78,1.68
5523,7500,Dhanaji Tukaram Suryavanshi,Tasgaon,640,Kacharewadi,0.46,7.28,0.12,0.76,112.90,15.60,112.00,13.22,0.34,1.73,0.36,7.52,4.78
5524,7502,Dhondiram Eknath Suryavanshi,Tasgaon,616,Kacharewadi,0.42,7.37,0.18,0.76,213.25,29.42,190.40,13.09,0.46,0.59,0.32,8.02,3.68
5525,7504,Digambar Shivaji Mane,Tasgaon,678,Kacharewadi,0.50,7.30,0.17,0.69,225.79,33.43,201.60,10.08,0.30,0.96,0.34,4.22,3.04
5526,7506,Dilip Bhimrao Patil,Tasgaon,634,Kacharewadi,0.40,7.21,0.20,0.28,363.78,34.32,89.60,5.02,0.38,0.97,0.26,1.58,1.68
5527,7508,Dilip Bhimrav Patil,Tasgaon,549,Kacharewadi,0.40,7.71,0.23,0.47,200.70,12.04,78.40,5.54,4.08,1.00,0.26,1.20,3.98
5528,7510,Dilip Tukaram Suryavanshi,Tasgaon,697,Kacharewadi,0.45,7.36,0.19,0.69,238.34,29.87,112.00,9.25,3.30,1.01,0.22,1.88,2.56
5529,7512,Dinkar Tayappa Suryawanshi,Tasgaon,138,Kacharewadi,0.45,7.14,0.14,0.49,213.25,31.65,89.60,8.99,0.74,1.02,0.30,1.14,3.28
5530,7514,Dinkar Tayyappa Suryavanshi,Tasgaon,552,Kacharewadi,0.50,7.26,0.12,0.51,188.16,11.14,89.60,8.64,0.30,1.08,0.26,0.52,2.92
5531,7516,Dwarkabai Kisan Suryavanshi,Tasgaon,896,Kacharewadi,0.38,7.45,0.15,0.76,225.79,28.97,112.00,9.47,0.46,1.61,0.22,3.10,2.84
5532,7518,Gorakh Sampat Sathe,Tasgaon,93,Kacharewadi,0.35,7.30,0.14,0.76,213.25,22.29,112.00,10.21,0.32,0.97,0.28,4.66,3.72
5533,7520,Govind Kaka Suryavanshi,Tasgaon,143,Kacharewadi,0.56,7.27,0.16,0.89,225.79,22.29,112.00,9.51,0.34,1.00,0.20,3.58,2.72
5534,7522,Hanmant Sopan Suryavanshi,Tasgaon,123,Kacharewadi,0.40,7.64,0.18,0.76,200.70,11.14,168.00,10.43,0.74,0.56,0.26,0.62,2.18
5535,7524,Himmatrav Namdev Suryavanshi,Tasgaon,148,Kacharewadi,0.40,7.52,0.22,0.90,225.79,13.82,145.60,10.73,0.32,0.65,0.38,6.58,3.40
5536,7526,Hindurao Bajirav Shinde,Tasgaon,173,Kacharewadi,0.40,7.64,0.20,0.46,250.88,23.18,145.60,10.12,0.26,0.68,0.34,2.46,2.78
5537,7528,Janardhan Vyankatrao Jagadale,Tasgaon,663,Kacharewadi,0.40,7.38,0.18,0.90,213.25,16.94,168.00,9.81,0.38,1.56,0.26,6.98,3.52
5538,7530,Jaydip Bajirav Suryvanshi,Tasgaon,561,Kacharewadi,0.45,7.46,0.17,0.76,188.16,30.76,123.20,12.74,0.38,0.65,0.38,3.16,4.10
5539,7532,Jaypal Akaram Suryavanshi,Tasgaon,869,Kacharewadi,0.65,8.11,0.13,0.43,238.34,26.75,100.80,11.82,0.64,0.73,0.20,0.48,1.56
5540,7534,Jotiram Dnyanu Suryavanshi,Tasgaon,659,Kacharewadi,0.30,7.54,0.19,0.51,213.25,17.38,100.80,9.60,0.24,0.75,0.20,2.28,2.18
5541,7536,Lata Bhaskar Jagadale,Tasgaon,178,Kacharewadi,0.40,7.43,0.15,0.88,175.62,13.37,145.60,10.21,0.64,0.98,0.36,2.54,2.82
5542,7538,Laxman Bapu Kachare,Tasgaon,655,Kacharewadi,0.39,7.39,0.14,0.83,213.25,25.85,134.40,10.56,0.78,1.08,0.34,5.64,3.28
5543,7540,Machindra Ramchandra Jadhav,Tasgaon,614,Kacharewadi,0.40,7.24,0.15,0.49,225.79,17.38,78.40,9.95,0.66,1.02,0.28,0.70,3.62
5544,7542,Mahadev Akaram Suryavanshi,Tasgaon,877,Kacharewadi,0.45,7.38,0.13,0.49,188.16,28.53,112.00,9.47,0.50,1.23,0.38,1.88,2.24
5545,7544,Mahadev Yashvant Suryavanshi,Tasgaon,645,Kacharewadi,0.42,7.30,0.12,0.46,175.62,16.49,78.40,9.42,0.32,1.60,0.24,6.10,2.54
5546,7546,Martand Vyankatrav Jagdale,Tasgaon,83,Kacharewadi,0.40,7.32,0.18,0.79,213.25,15.60,168.00,9.51,0.28,1.57,0.36,10.58,4.08
5547,7548,Maruti Shamrao Suryavanshi,Tasgaon,642,Kacharewadi,0.40,7.40,0.22,0.78,238.34,24.96,168.00,8.51,0.28,0.97,0.28,6.80,2.86
5548,7550,Nanaso Shamrao Suryavanshi,Tasgaon,536,Kacharewadi,0.55,7.26,0.16,0.49,175.62,25.85,100.80,8.29,0.60,1.08,0.26,2.74,2.52
5549,7552,Narayan Vishnu Patil,Tasgaon,631,Kacharewadi,0.38,7.19,0.13,0.47,213.25,21.84,78.40,9.33,0.24,1.30,0.34,5.74,1.98
5550,7554,Pandurang Ramchandra Sawant,Tasgaon,609,Kacharewadi,0.40,7.48,0.19,0.90,238.34,21.40,123.20,9.51,0.76,1.43,0.60,6.60,3.38
5551,7556,Patang Shamrao Suryavanshi,Tasgaon,687,Kacharewadi,0.45,7.36,0.21,0.51,188.16,25.41,168.00,7.42,0.26,1.46,0.38,4.24,2.74
5552,7558,Pitambar Parshuram Suryavanshi,Tasgaon,86,Kacharewadi,0.60,7.38,0.16,0.29,225.79,24.07,179.20,10.56,0.50,0.98,0.38,0.52,2.10
5553,7560,Pravin Ganpati Suryavanshi,Tasgaon,877,Kacharewadi,0.40,7.40,0.15,0.78,238.34,29.42,134.40,9.86,0.22,0.95,0.24,0.46,2.20
5554,7562,Rajaram Kaka Suryavanshi,Tasgaon,666,Kacharewadi,0.45,7.21,0.18,0.71,175.62,28.08,112.00,10.08,1.08,0.89,0.28,1.68,3.52
5555,7564,Ramchandra Bapu Patil,Tasgaon,556,Kacharewadi,0.45,7.34,0.15,0.49,213.25,20.06,168.00,9.55,1.92,0.96,0.36,3.76,3.58
5556,7566,Ramchandra Bhau Suryavanshi,Tasgaon,108,Kacharewadi,0.40,7.22,0.12,0.85,225.79,23.18,11.20,9.16,1.36,0.98,0.22,4.08,2.82
5557,7568,Ramchandra Bhimrao Suryavanshi,Tasgaon,568,Kacharewadi,0.51,7.30,0.14,0.81,188.16,19.61,123.20,11.25,0.40,0.65,0.24,2.84,1.96
5558,7570,Ramchandra Eshvar Suryavanshi,Tasgaon,550/3,Kacharewadi,0.45,7.71,0.16,0.47,225.79,22.73,89.60,12.74,0.22,1.56,0.36,0.42,3.16
5559,7572,Ramdas Shivaji Suryavanshi,Tasgaon,675,Kacharewadi,0.43,7.34,0.10,0.50,200.70,19.17,78.40,10.12,0.32,1.63,0.30,2.76,3.40
5560,7574,Ramesh Mahadev Savant,Tasgaon,609,Kacharewadi,0.40,7.72,0.19,0.85,213.25,21.40,123.20,10.43,0.66,0.97,0.26,1.00,1.26
5561,7576,Ranjana Manohar Suryvanshi,Tasgaon,94,Kacharewadi,0.56,7.18,0.16,0.78,238.34,18.72,145.60,10.69,0.26,1.00,0.36,0.58,8.30
5562,7578,Ravsaheb Bapurav Suryavashi,Tasgaon,562,Kacharewadi,0.60,7.10,0.11,0.49,200.70,23.18,257.60,8.99,1.54,1.05,0.26,2.90,2.10
5563,7580,Ravsaheb Pandharinath Suryavanshi,Tasgaon,874,Kacharewadi,0.40,7.91,0.18,0.51,225.79,29.87,156.80,10.03,0.36,1.02,0.20,1.00,3.20
5564,7582,Sadashiv Akaram Suryavanshi,Tasgaon,877,Kacharewadi,0.48,8.11,0.10,0.71,188.16,27.19,100.80,10.34,0.32,1.55,0.30,0.60,3.22
5565,7584,Sadashiv Dnyandev Sawant,Tasgaon,563,Kacharewadi,0.80,7.56,0.14,0.85,213.25,28.08,313.60,10.73,0.30,1.52,0.28,0.68,1.96
5566,7586,Sadashiv Dnyanu Suryavanshi,Tasgaon,629,Kacharewadi,0.38,8.10,0.11,0.47,175.62,24.96,100.80,10.43,0.38,1.65,0.36,0.76,3.76
5567,7588,Sadashiv Dnyanu Suryawanshi,Tasgaon,96,Kacharewadi,0.60,7.51,0.18,0.43,213.25,24.52,112.00,9.73,0.58,1.71,0.26,3.82,3.00
5568,7590,Santosh Ananda Pawar,Tasgaon,630,Kacharewadi,0.40,7.39,0.16,0.46,163.07,28.53,257.60,10.51,0.60,1.62,0.34,1.98,2.68
5569,7592,Santosh Jotiram Suryavanshi,Tasgaon,661,Kacharewadi,0.34,7.62,0.12,0.71,288.51,24.52,280.00,8.64,0.36,1.48,0.42,1.64,2.22
5570,7594,Sarjerao Pandharinath Suryavanshi,Tasgaon,633,Kacharewadi,0.45,7.66,0.11,0.49,163.07,27.19,89.60,10.43,0.66,1.53,0.36,1.80,1.72
5571,7596,Savita Dhanaji Suryavanshi,Tasgaon,661,Kacharewadi,0.22,7.70,0.16,0.35,213.25,28.08,268.80,10.16,0.64,1.01,0.36,1.12,1.22
5572,7598,Sayaji Bhiva Bhokare,Tasgaon,878,Kacharewadi,0.45,8.00,0.12,0.39,238.34,17.38,201.60,10.73,0.44,1.03,0.46,1.34,2.38
5573,7600,Shankar Bhau Sawant,Tasgaon,665,Kacharewadi,0.40,7.76,0.10,0.47,200.70,18.72,145.60,9.55,1.14,1.52,0.48,1.36,1.46
5574,7602,Shantaram Tukaram Suryavanshi,Tasgaon,555,Kacharewadi,0.60,7.13,0.10,0.71,213.25,24.96,112.00,13.17,1.20,1.65,0.48,2.54,2.52
5575,7604,Shivaji Dnyanu Suryavanshi,Tasgaon,668,Kacharewadi,0.50,7.19,0.11,0.49,238.34,27.64,112.00,13.09,1.26,0.96,0.30,1.54,4.50
5576,7606,Shivaji Hariba Suryavanshi,Tasgaon,675,Kacharewadi,0.40,7.36,0.14,0.72,175.62,26.30,123.20,10.51,0.76,1.01,0.56,2.28,4.02
5577,7608,Shivaji Sopan Suryavanshi,Tasgaon,691,Kacharewadi,0.55,7.25,0.10,0.42,150.53,24.07,336.00,8.51,0.50,1.02,0.64,1.90,2.64
5578,7610,Shivraj Kisan Suryavanshi,Tasgaon,80,Kacharewadi,0.80,7.24,0.16,0.75,200.70,20.50,145.60,9.12,0.40,1.73,0.56,9.60,3.74
5579,7612,Shrikant Shankar Suryawanshi,Tasgaon,103,Kacharewadi,0.40,7.16,0.12,0.47,238.34,21.40,112.00,11.56,0.56,1.47,0.70,3.00,2.58
5580,7614,Subrav Dnyanu Suryavanshi,Tasgaon,104,Kacharewadi,0.60,7.18,0.14,0.51,225.79,23.63,156.80,10.64,0.22,1.51,0.60,4.30,2.08
5581,7616,Suryaji Kisan Surywanashi,Tasgaon,105,Kacharewadi,0.30,7.38,0.10,0.29,263.42,22.29,212.80,8.29,0.74,0.94,0.62,1.36,1.82
5582,7618,Tukaram Nivrutti Suryavanshi,Tasgaon,637,Kacharewadi,0.40,7.98,0.20,0.71,250.88,29.87,190.40,7.94,0.44,0.79,0.72,0.34,2.76
5583,7620,Tukaram Nivrutti Suryavanshi,Tasgaon,550/2,Kacharewadi,0.40,7.49,0.16,0.47,250.88,24.52,112.00,7.72,0.92,0.76,0.82,1.98,3.18
5584,7622,Uttam Bapu Suryavanshi,Tasgaon,573,Kacharewadi,0.40,7.30,0.12,0.88,225.79,27.64,100.80,9.90,0.44,0.73,0.74,1.78,3.60
5585,7624,Uttam Bhimrao Patil,Tasgaon,634,Kacharewadi,0.55,7.12,0.10,0.79,238.34,24.96,134.40,10.43,0.34,0.65,0.96,3.44,2.46
5586,7626,Vatsala Laxman Suryavanshi,Tasgaon,107,Kacharewadi,0.40,7.08,0.10,0.71,188.16,22.73,112.00,10.73,0.64,0.97,0.98,0.58,2.80
5587,7628,Vijaya Shankar Suryavanshi,Tasgaon,550/3,Kacharewadi,0.40,7.40,0.14,0.82,225.79,20.06,78.40,9.25,0.30,0.96,1.06,3.66,2.28
5588,7630,Vikram Ananda Suryavanshi,Tasgaon,175,Kacharewadi,0.41,7.17,0.12,0.67,250.88,16.49,145.60,9.16,0.38,1.06,1.66,2.66,3.76
5589,7632,Vilas Dnyanu Suryvanshi,Tasgaon,561,Kacharewadi,0.40,7.38,0.10,0.51,263.42,24.07,89.60,11.43,0.90,1.23,1.38,4.24,1.74
5590,7634,Vilasrao Pandurang Sawant,Tasgaon,555,Kacharewadi,0.45,7.23,0.15,0.35,263.42,22.29,145.60,10.25,0.20,1.21,1.20,2.92,2.62
5591,7636,Vinayak Pradip Kachare,Tasgaon,654,Kacharewadi,0.50,7.46,0.12,0.78,213.25,19.17,235.20,9.07,0.66,0.92,1.20,6.50,2.50
5592,7638,Vishwas Bhimrao Suryavanashi,Tasgaon,139,Kacharewadi,0.35,7.12,0.14,0.71,225.79,21.40,179.20,9.42,0.68,0.96,1.26,0.50,2.54
5593,7640,Vithal Namdev Suryvanshi,Tasgaon,554,Kacharewadi,0.40,7.05,0.11,0.85,200.70,23.18,78.40,10.03,0.66,0.93,1.18,4.12,4.40
5594,7642,Vitthal Tukaram Suryavanshi,Tasgaon,640,Kacharewadi,0.47,7.04,0.12,0.46,238.34,23.18,123.20,10.95,0.34,0.93,1.30,1.78,4.34
5595,7644,Yashoda Machhindra Suryawanshi,Tasgaon,137,Kacharewadi,0.40,7.31,0.19,0.56,238.34,18.28,179.20,10.56,0.64,1.05,1.18,1.70,3.52
5596,7555,Amol Dattatray Gavade,Tasgaon,134/1,Kumathe,0.40,8.04,0.43,0.74,188.16,12.04,369.60,5.02,2.14,1.10,0.20,7.60,5.90
5597,7556,Anandrao Maruti Patil,Tasgaon,918,Kumathe,0.20,7.93,0.81,0.74,188.16,15.16,212.80,7.20,1.70,1.09,0.24,7.28,5.82
5598,7557,Anil Aappasaheb Ghatage,Tasgaon,226,Kumathe,0.30,7.85,0.57,0.46,188.16,13.37,280.00,5.15,0.24,1.47,0.36,8.04,1.82
5599,7558,Aappaso Rau Patil,Tasgaon,689,Kumathe,1.20,7.95,0.58,0.57,213.25,8.92,425.60,7.11,0.36,1.52,0.22,7.36,2.58
5600,7559,Arvind Kashinath Patil,Tasgaon,48,Kumathe,1.30,8.00,0.61,0.58,225.79,13.82,358.40,6.98,1.46,1.55,0.26,9.42,5.30
5601,7560,Baban Ganpati Gavadr,Tasgaon,794,Kumathe,0.30,8.35,0.26,0.51,213.25,28.97,268.80,6.65,0.74,0.62,0.36,3.14,2.32
5602,7561,Baburao Tukaram Hajare,Tasgaon,926/1,Kumathe,0.40,7.94,1.09,0.88,175.62,30.76,224.00,5.41,1.42,1.96,0.36,2.74,2.30
5603,7562,Bai Gunda Gade,Tasgaon,1126,Kumathe,0.20,8.01,1.20,0.49,188.16,17.83,201.60,7.46,2.52,1.63,0.22,6.90,3.30
5604,7563,Bajirao Tukaram Patil,Tasgaon,310,Kumathe,0.20,7.94,0.72,0.74,213.25,13.82,179.20,6.02,0.76,0.97,0.20,7.70,5.74
5605,7564,Balaso Krushna Mali,Tasgaon,316,Kumathe,0.30,7.89,0.83,0.60,225.79,17.83,235.20,6.32,0.74,0.93,0.32,11.10,6.24
5606,7565,Balaso Mahadev Jangam,Tasgaon,1169,Kumathe,0.40,7.90,0.63,0.46,188.16,24.07,302.40,8.77,1.68,0.75,0.22,7.76,3.04
5607,7566,Balkrushn Vasant Patil,Tasgaon,688,Kumathe,1.20,8.09,0.56,0.86,175.62,32.09,392.00,7.85,2.00,1.55,0.24,4.26,3.96
5608,7567,Bharat Shripati Ghatage,Tasgaon,197,Kumathe,0.40,7.80,1.21,0.93,225.79,29.87,347.20,7.72,1.02,1.52,0.36,5.36,4.04
5609,7568,Bhaugond Shivgond Patil,Tasgaon,711,Kumathe,0.49,8.03,0.57,0.72,188.16,26.30,291.20,12.43,1.44,0.98,0.36,7.40,6.38
5610,7569,Bhujinga Jagnnath Chandanshive,Tasgaon,22,Kumathe,1.20,8.18,0.27,0.71,213.25,21.40,246.40,7.72,1.28,0.92,0.22,2.96,2.54
5611,7570,Chandrakant Sadashiv Gade,Tasgaon,1131,Kumathe,1.09,8.03,0.50,0.90,175.62,21.84,179.20,6.59,0.46,0.94,0.38,4.84,4.62
5612,7571,Dashrath Krushna Mali,Tasgaon,1177,Kumathe,0.20,8.31,0.20,0.97,200.70,25.41,369.60,4.89,0.36,0.88,0.26,3.66,3.34
5613,7572,Digvijay Rajesh Patil,Tasgaon,748,Kumathe,0.80,8.07,0.39,0.47,213.25,18.28,324.80,7.42,1.50,1.00,0.36,7.54,3.08
5614,7573,Dnyandev Aakaram Patil,Tasgaon,314/1,Kumathe,0.40,7.89,0.67,0.46,175.62,20.50,425.60,5.45,2.36,1.61,0.34,8.78,2.20
5615,7574,Dnyandev Ramchandra Patil,Tasgaon,700,Kumathe,0.30,7.91,0.71,0.71,188.16,18.72,257.60,8.07,1.76,1.73,0.34,8.44,4.40
5616,7575,Dnyanu Keshav Patil,Tasgaon,786,Kumathe,0.50,7.32,1.47,0.69,213.25,21.40,380.80,6.54,1.60,1.56,0.24,22.32,5.82
5617,7576,Gulabraav Anandraav Ghatge,Tasgaon,1044,Kumathe,0.60,8.13,0.38,0.54,225.79,24.96,347.20,6.32,0.98,0.97,0.20,8.66,3.52
5618,7577,Gunda Pandu Mali,Tasgaon,319,Kumathe,0.30,7.83,0.35,0.58,200.70,16.49,324.80,4.62,0.70,1.01,0.36,5.02,5.40
5619,7578,Hari Rangrao Ghatage,Tasgaon,216,Kumathe,0.20,8.10,0.36,0.49,213.25,19.61,224.00,7.20,2.40,0.96,0.24,13.70,2.50
5620,7579,Ishwar Shankar Mali,Tasgaon,1124,Kumathe,0.83,7.91,0.77,0.49,200.70,16.05,201.60,7.94,3.76,1.07,0.32,10.16,4.64
5621,7580,Jawahar Vitthal Hajare,Tasgaon,1168,Kumathe,0.40,7.93,0.61,0.54,200.70,19.17,257.60,7.37,1.08,1.06,0.36,12.94,6.02
5622,7581,Kailas Vitthal Patil,Tasgaon,53/1,Kumathe,1.04,7.82,1.02,0.46,213.25,18.72,291.20,7.50,1.28,1.62,0.36,9.56,8.42
5623,7582,Kashinath Sawanta Mali,Tasgaon,317,Kumathe,0.30,8.13,0.32,0.79,200.70,22.73,313.60,6.98,0.44,1.72,0.28,9.58,5.64
5624,7583,Kashinath Vitthal Patil,Tasgaon,685,Kumathe,0.40,8.21,0.28,0.72,213.25,21.40,168.00,7.59,1.44,1.22,0.28,8.62,6.22
5625,7584,Keshav Dnyandev Gade,Tasgaon,1129,Kumathe,0.26,8.06,0.47,0.56,175.62,20.06,212.80,9.20,2.22,1.52,0.34,2.12,4.08
5626,7585,Kiran Vitthal Patil,Tasgaon,29,Kumathe,0.20,7.76,1.05,0.74,188.16,28.53,179.20,7.94,0.92,1.57,0.20,6.78,8.04
5627,7586,Kishor Dhanaji Ghatage,Tasgaon,144,Kumathe,0.68,8.16,0.42,0.71,213.25,23.63,201.60,7.37,1.08,0.75,0.80,17.02,4.44
5628,7587,Kumar Jagnnath Chandanshive,Tasgaon,1118,Kumathe,0.12,8.14,0.45,0.93,225.79,18.72,235.20,9.16,0.72,0.83,0.26,16.70,4.34
5629,7588,Laxman Keshav Patil,Tasgaon,780,Kumathe,0.40,8.25,0.25,0.54,175.62,31.65,302.40,9.38,0.46,0.93,0.34,2.20,2.70
5630,7589,Mahalig Aanna Patil,Tasgaon,706,Kumathe,0.65,8.09,0.37,0.86,188.16,18.28,246.40,8.64,1.10,0.88,0.36,10.04,2.44
5631,7590,Mahesh Rangrao Patil,Tasgaon,544,Kumathe,0.80,8.00,0.77,0.51,200.70,33.88,324.80,7.98,2.52,0.98,0.30,8.18,3.56
5632,7591,Manohar Hanmant Patil,Tasgaon,593,Kumathe,0.40,8.10,0.46,0.71,213.25,19.61,201.60,6.85,2.24,0.93,0.20,6.42,5.82
5633,7592,Manoj Raghunath Patil,Tasgaon,744,Kumathe,0.70,7.43,1.87,0.42,163.07,23.18,179.20,7.20,3.12,0.97,0.32,8.86,4.74
5634,7593,Maruti Krushna Patil,Tasgaon,732,Kumathe,0.20,7.88,1.37,0.76,200.70,31.65,268.80,9.68,0.82,0.73,0.30,15.70,4.12
5635,7594,Mukund Aappaso Ghatage,Tasgaon,93,Kumathe,0.30,7.89,1.43,0.74,213.25,34.32,302.40,6.32,4.86,1.58,0.30,8.88,3.92
5636,7595,Namdev Keshav Patil,Tasgaon,782,Kumathe,0.70,7.72,1.11,0.85,188.16,30.31,257.60,7.94,6.82,1.57,0.54,3.88,8.22
5637,7596,Namdev Vitthal Patil,Tasgaon,684,Kumathe,0.40,6.80,1.69,0.47,200.70,28.97,347.20,5.02,1.18,1.56,0.64,14.88,2.24
5638,7597,Nitin Pandurang Patil,Tasgaon,1187,Kumathe,0.20,7.87,0.51,0.51,175.62,20.95,369.60,6.46,0.64,1.63,0.34,5.48,4.76
5639,7598,Popat Nilkanth Ghatage,Tasgaon,185,Kumathe,0.80,8.01,0.29,0.40,163.07,25.85,392.00,6.80,1.18,1.48,0.30,14.98,3.80
5640,7599,Popat Tukaram Kambale,Tasgaon,1132/b,Kumathe,0.20,7.94,0.38,0.69,137.98,28.53,414.40,6.54,3.92,1.47,1.02,11.68,5.08
5641,7600,Prakash Sawanta Mali,Tasgaon,356,Kumathe,0.35,7.82,0.54,0.47,200.70,25.41,224.00,7.33,0.68,0.96,0.22,4.66,6.96
5642,7601,Pravin Dnyandev Patil,Tasgaon,786,Kumathe,0.60,7.91,0.15,0.88,188.16,24.52,313.60,7.90,0.88,0.98,0.24,5.18,2.34
5643,7602,Raghunath Yashwant Patil,Tasgaon,1199,Kumathe,1.00,7.93,0.42,0.79,163.07,20.06,358.40,6.41,3.14,0.98,0.24,4.44,5.24
5644,7603,Rahul Ankush Ghatage,Tasgaon,193,Kumathe,0.40,7.89,0.30,0.47,200.70,21.84,436.80,5.89,0.56,0.80,0.94,6.68,2.72
5645,7604,Rahul Dattatray Gavade,Tasgaon,927,Kumathe,0.40,8.01,0.39,0.49,175.62,25.41,235.20,6.63,0.62,0.73,0.50,5.48,6.42
5646,7605,Rajaram Govind Bhosale,Tasgaon,699,Kumathe,0.60,8.12,0.28,0.88,188.16,33.43,190.40,6.50,2.38,1.20,0.34,6.26,9.62
5647,7606,Rajaram Pandurang Patil,Tasgaon,690,Kumathe,0.30,8.03,0.25,0.79,163.07,18.72,212.80,7.20,5.88,1.21,0.86,6.60,8.84
5648,7607,Rajendra Bhupal Lohar,Tasgaon,1188,Kumathe,1.20,8.10,0.37,0.49,213.25,21.40,380.80,7.94,6.58,1.01,0.36,11.50,12.38
5649,7608,Rakesh Ashok Gade,Tasgaon,1127,Kumathe,0.20,7.94,0.46,0.76,175.62,27.19,358.40,7.42,5.10,1.71,0.28,17.78,10.74
5650,7609,Ramkrushn Ramesh Ghatage,Tasgaon,201,Kumathe,0.40,7.87,0.43,0.40,200.70,29.87,291.20,8.46,1.74,1.80,0.30,12.80,10.84
5651,7610,Ramling Parshram Mali,Tasgaon,312,Kumathe,0.40,8.12,0.51,0.49,200.70,30.31,268.80,7.85,4.76,1.72,0.34,9.54,6.38
5652,7611,Ratnabai Vitthal Patil,Tasgaon,707/1,Kumathe,0.70,7.98,0.48,0.71,250.88,20.95,224.00,7.72,1.54,1.62,0.26,16.64,8.78
5653,7612,Sadashiv Shyamrao Kadam,Tasgaon,919,Kumathe,0.40,8.11,0.81,0.49,200.70,18.28,190.40,6.89,0.82,1.98,0.34,12.36,5.78
5654,7613,Sadashiv Tamanna Umare,Tasgaon,1163,Kumathe,0.40,8.18,0.57,0.51,188.16,20.06,168.00,8.99,3.18,0.98,0.22,12.36,3.88
5655,7614,Sambhaji Yashwant Patil,Tasgaon,1159,Kumathe,0.27,7.86,0.62,0.71,175.62,21.84,257.60,6.37,3.08,0.93,0.22,11.68,7.64
5656,7615,Sampat Narayan Kadam,Tasgaon,787/2,Kumathe,0.30,7.94,0.50,0.90,150.53,26.75,336.00,7.07,5.02,0.88,0.24,14.28,4.62
5657,7616,Sangita Nanaso Patil,Tasgaon,630,Kumathe,0.40,7.98,0.67,0.46,150.53,19.17,313.60,8.24,8.58,0.82,0.22,5.60,12.90
5658,7617,Sanjay Parshram Bhuite,Tasgaon,915,Kumathe,0.40,8.10,0.44,0.90,175.62,25.41,358.40,6.76,4.16,0.96,0.22,13.48,12.36
5659,7618,Santosh Krushna Patil,Tasgaon,924,Kumathe,0.40,8.06,0.27,0.76,200.70,26.30,459.20,6.98,4.78,1.00,0.32,15.34,13.84
5660,7619,Shankarrao Aappasaheb Ghatage,Tasgaon,1172,Kumathe,0.40,8.02,0.82,0.43,213.25,19.61,436.80,9.29,2.02,1.01,0.24,13.92,11.58
5661,7620,Shivaji Aakaram Patil,Tasgaon,925,Kumathe,1.00,8.07,0.20,0.51,175.62,24.96,414.40,7.07,1.94,0.98,0.22,14.20,7.04
5662,7621,Shivaji Bhagwan Jamdade,Tasgaon,779,Kumathe,0.30,8.32,0.33,0.83,200.70,16.94,224.00,6.59,0.68,1.52,0.30,10.36,6.70
5663,7622,Shivaji Mahadev Mali,Tasgaon,1101,Kumathe,0.80,8.00,0.54,0.49,225.79,21.84,403.20,5.63,0.78,1.62,0.32,16.46,3.82
5664,7623,Shivaji Narsu Patil,Tasgaon,1186,Kumathe,0.20,8.13,0.26,0.47,188.16,21.84,481.60,6.24,4.36,1.11,0.32,16.00,4.30
5665,7624,Shobhatai Rajaram Patil,Tasgaon,702,Kumathe,0.20,7.96,0.22,0.90,175.62,15.16,347.20,5.02,3.90,1.62,0.24,9.84,12.80
5666,7625,Shrikant Vishnu Ghatage,Tasgaon,200,Kumathe,0.40,7.87,0.37,0.47,200.70,18.72,392.00,5.50,7.58,0.96,0.28,9.40,14.30
5667,7626,Shubhangi Rajaram Patil,Tasgaon,693,Kumathe,0.40,8.16,0.48,0.49,175.62,22.73,268.80,5.19,7.92,1.55,0.40,6.72,12.64
5668,7627,Subhash Rangrao Patil,Tasgaon,1148,Kumathe,0.40,8.01,0.62,0.43,213.25,16.49,257.60,8.81,6.12,1.66,0.38,9.36,6.18
5669,7628,Suhas Ramchandra Patil,Tasgaon,708,Kumathe,0.65,8.07,0.40,0.46,175.62,17.83,212.80,6.15,5.10,1.02,0.32,8.58,16.26
5670,7629,Sujata Suhas Patil,Tasgaon,635,Kumathe,0.40,8.13,0.72,0.69,150.53,21.84,190.40,5.54,1.84,1.47,0.28,14.02,14.46
5671,7630,Sunil Pandurang Patil,Tasgaon,305,Kumathe,0.60,7.90,0.74,0.79,188.16,20.06,313.60,6.28,4.38,1.48,0.26,2.36,13.78
5672,7631,Sunil Ramchandra Patil,Tasgaon,53/2,Kumathe,2.00,7.83,0.68,0.88,213.25,32.54,358.40,5.71,4.88,1.70,0.24,13.30,7.02
5673,7632,Suvarna Panditrao Patil,Tasgaon,1090,Kumathe,1.00,8.03,0.38,0.79,188.16,25.41,459.20,8.55,1.80,1.53,0.20,4.34,15.52
5674,7633,Tanaji Sidram Jadhav,Tasgaon,1351,Kumathe,0.36,8.01,0.55,0.47,175.62,26.30,291.20,8.07,0.42,1.47,0.38,8.18,7.82
5675,7634,Uday Vitthal Joshi,Tasgaon,928,Kumathe,0.40,8.12,0.37,0.76,213.25,28.08,246.40,7.07,0.74,0.98,0.36,13.44,8.40
5676,7635,Vaibhav Mohan Ghatage,Tasgaon,1125,Kumathe,0.60,8.06,0.28,0.83,175.62,29.42,403.20,5.67,0.60,0.97,0.28,13.26,4.66
5677,7636,Vaibhav Suhas Jamdadr,Tasgaon,920,Kumathe,0.34,8.24,0.63,0.51,150.53,26.75,358.40,7.37,3.58,0.85,0.28,12.42,2.52
5678,7637,Vasant Aappaso Ghatage,Tasgaon,214,Kumathe,0.40,8.17,0.41,0.83,188.16,19.17,280.00,5.02,1.24,0.79,0.24,7.72,3.64
5679,7638,Vasant Namdev Patil,Tasgaon,515,Kumathe,0.20,8.10,0.35,0.46,163.07,28.08,235.20,8.85,4.62,1.00,0.32,6.04,4.04
5680,7639,Vijaykumar Aappasaheb Ghatage,Tasgaon,184,Kumathe,0.80,8.04,0.24,0.79,188.16,25.41,403.20,5.58,2.62,1.05,0.20,7.92,7.34
5681,7640,Vilas Babaso Patil,Tasgaon,1087,Kumathe,0.80,8.00,0.30,0.47,150.53,30.76,392.00,8.38,1.54,1.04,0.32,13.90,4.08
5682,7641,Vilas Shivaji Patil,Tasgaon,78,Kumathe,0.40,7.99,0.54,0.79,225.79,25.85,481.60,7.24,0.34,1.23,0.74,13.38,7.22
5683,7642,Vinod Dnanu Patil,Tasgaon,910,Kumathe,0.30,7.86,0.36,0.47,188.16,19.17,336.00,7.63,1.24,1.21,0.34,9.50,7.46
5684,7643,Vishal Mohan Ghatage,Tasgaon,1170,Kumathe,0.80,7.74,0.28,0.53,125.44,16.94,280.00,6.98,0.82,1.07,0.28,2.74,4.06
5685,7644,Vitthal Ananda Patil,Tasgaon,368,Kumathe,0.20,7.91,0.42,0.69,188.16,22.29,257.60,6.15,0.84,0.99,0.82,17.28,2.38
5686,7645,Vitthal Dnyanu Gavade,Tasgaon,1193,Kumathe,0.40,7.98,0.68,0.63,163.07,25.85,224.00,5.15,0.42,0.98,0.24,4.34,4.10
5687,7646,Vitthal Yashwant Patil,Tasgaon,123,Kumathe,0.80,8.02,0.73,0.57,188.16,23.18,201.60,7.02,4.08,1.08,0.38,5.24,2.40
5688,93,Aakkatai Hanmant Patole,Khanapur(Vita),168,Devnagar,0.5,7.64,0.08,0.69,188.16,13.02,123.2,7.17,1.30,1.05,2.12,11.94,1.58
5689,94,Aananda Narayan Shende,Khanapur(Vita),110,Devnagar,0.6,8.43,0.21,0.37,213.25,21.25,145.6,12.32,1.22,1.11,2.54,5.50,2.46
5690,95,Abhimanu Baban Nigade,Khanapur(Vita),293,Devnagar,0.6,8.25,0.18,2.38,238.34,11.65,123.2,10.18,0.42,1.48,3.12,3.50,3.26
5691,96,Adhik Aappa Bhule,Khanapur(Vita),289,Devnagar,0.4,8.53,0.19,0.70,150.53,27.76,123.2,9.96,2.26,1.31,2.98,5.20,5.00
5692,97,Anil Raghunath Pawar,Khanapur(Vita),52,Devnagar,0.4,8.51,0.20,0.40,200.70,18.16,347.2,7.43,0.76,1.12,8.24,11.96,4.12
5693,98,Arjun Raghunath Mane,Khanapur(Vita),195,Devnagar,0.45,7.37,0.14,0.46,225.79,26.39,190.4,14.33,1.04,0.95,11.44,12.38,3.28
5694,99,Arvind Namdev Bhule,Khanapur(Vita),204,Devnagar,0.45,8.10,0.16,0.57,175.62,13.37,246.4,13.68,0.42,1.07,15.34,4.54,2.70
5695,100,Baban Jalindar Nigade,Khanapur(Vita),296,Devnagar,0.8,8.30,0.16,0.87,225.79,12.68,100.8,14.95,0.78,0.91,3.00,4.26,3.38
5696,101,Bajarang Jagannath Jadhav,Khanapur(Vita),323,Devnagar,0.45,8.64,0.21,0.51,225.79,15.08,134.4,7.91,0.38,0.92,2.52,4.80,2.06
5697,102,Baliram  Bapu Bhule,Khanapur(Vita),269,Devnagar,0.45,8.20,0.31,0.95,225.79,16.11,448.0,7.30,2.20,1.47,2.22,10.68,1.34
5698,103,Bharat Narayan Shende,Khanapur(Vita),884,Devnagar,0.65,8.18,0.24,0.88,225.79,21.59,268.8,10.58,6.24,1.16,2.96,7.02,2.94
5699,104,Bhgubai Nivaruti Shende,Khanapur(Vita),316,Devnagar,0.55,7.95,0.14,0.70,213.25,18.51,235.2,12.72,0.34,1.12,7.22,5.52,4.02
5700,105,Bhimrav Babu Patole,Khanapur(Vita),157,Devnagar,0.4,8.66,0.12,0.61,238.34,22.62,112.0,10.58,1.00,1.13,21.40,12.46,5.76
5701,106,chabutai Daji Pawar,Khanapur(Vita),280,Devnagar,0.45,8.34,0.10,0.57,238.34,19.19,526.4,5.38,0.70,1.31,4.92,11.22,5.34
5702,107,Daji Ramchandra pawar,Khanapur(Vita),285,Devnagar,0.4,8.20,0.20,0.30,200.70,16.11,302.4,12.45,1.10,1.25,8.24,4.58,5.56
5703,108,Dasharatha Prakash Mane,Khanapur(Vita),316,Devnagar,0.4,8.55,0.15,0.71,200.70,22.28,112.0,13.68,0.88,1.68,3.48,5.08,2.74
5704,109,Dhanaji Shahaji Pawar,Khanapur(Vita),283,Devnagar,0.45,7.72,0.18,0.42,200.70,22.96,224.0,5.90,0.56,1.48,13.20,5.78,3.08
5705,110,Dhareshvra Sadashiv Swami,Khanapur(Vita),108/5,Devnagar,0.5,8.09,0.19,0.73,175.62,26.73,145.6,7.87,0.92,0.81,3.14,5.92,2.52
5706,111,Dhondiram Gorakha Bhagat,Khanapur(Vita),156,Devnagar,0.6,8.29,0.16,0.46,238.34,14.74,448.0,12.02,0.88,1.52,2.60,5.12,1.52
5707,112,Dhyaneshwar Vilas Bhagat,Khanapur(Vita),209,Devnagar,0.45,8.40,0.10,0.55,200.70,14.05,100.8,5.99,0.34,0.88,3.94,7.62,2.32
5708,113,Dilip sakharam More,Khanapur(Vita),316,Devnagar,0.5,8.14,0.18,0.61,175.62,18.16,112.0,12.28,0.96,1.31,12.18,10.18,6.54
5709,114,Dilip Vasant Kadam,Khanapur(Vita),288,Devnagar,0.45,8.47,0.22,0.54,225.79,25.36,134.4,11.93,1.12,1.03,2.68,6.40,5.14
5710,115,Dropada Jagannath Jadhav,Khanapur(Vita),266,Devnagar,0.4,8.51,0.11,0.59,225.79,12.00,291.2,10.58,0.68,1.50,2.94,7.08,3.76
5711,116,Gajanan Ramchandra Pawar,Khanapur(Vita),89,Devnagar,0.45,8.44,0.24,0.94,200.70,23.30,324.8,9.79,1.82,1.42,1.96,3.64,5.34
5712,117,Ghansham Bramdev Bhule,Khanapur(Vita),205,Devnagar,0.65,8.33,0.15,0.70,238.34,14.05,168.0,9.48,0.64,0.88,3.48,6.02,2.88
5713,118,Gorakhnath  Maruti Bhagat,Khanapur(Vita),209,Devnagar,0.4,8.55,0.13,0.34,225.79,14.74,280.0,8.35,0.06,1.21,3.56,2.86,1.96
5714,119,Govind Bhau Shende,Khanapur(Vita),138,Devnagar,0.4,8.22,0.38,0.30,225.79,19.54,134.4,11.93,1.32,1.04,2.66,4.96,2.54
5715,120,Hanmant  Babu Patole,Khanapur(Vita),157/2,Devnagar,0.4,8.62,0.17,0.45,213.25,14.05,291.2,9.18,0.30,1.12,9.40,4.10,3.84
5716,121,Hanmant Ishwar Bhule,Khanapur(Vita),269,Devnagar,0.45,8.62,0.18,0.33,225.79,15.42,190.4,8.43,4.40,1.49,2.78,3.54,2.76
5717,122,Haridas Subarav Ingale,Khanapur(Vita),884,Devnagar,0.5,8.04,0.13,0.71,225.79,12.00,448.0,9.13,0.64,1.13,5.78,17.12,5.06
5718,123,Hirabai Raghunath Pawar,Khanapur(Vita),44,Devnagar,0.5,8.56,0.11,0.59,163.07,17.82,179.2,7.39,7.10,1.52,2.52,3.84,5.48
5719,124,Jagadish Subarav Ingale,Khanapur(Vita),884,Devnagar,0.4,7.95,0.11,0.29,163.07,16.45,302.4,8.22,1.02,1.55,2.40,17.98,4.26
5720,125,Jalindhar Mallu Nigade,Khanapur(Vita),209,Devnagar,0.25,7.79,0.17,1.10,175.62,18.16,560.0,14.51,1.34,1.20,3.46,5.18,1.42
5721,126,Kakaso Pandurang Pawar,Khanapur(Vita),383,Devnagar,0.4,8.54,0.20,0.40,238.34,17.82,145.6,11.54,0.60,1.11,6.68,3.70,2.58
5722,127,Kantinath Vishvambhar Swami,Khanapur(Vita),277/4,Devnagar,0.45,7.73,0.15,0.30,175.62,17.82,89.6,7.69,0.20,1.17,3.62,8.08,1.68
5723,128,Krushna Subarav Ingale,Khanapur(Vita),884,Devnagar,0.45,8.67,0.12,0.45,188.16,13.37,470.4,9.61,0.90,1.02,2.40,6.46,2.48
5724,129,Lalaso Ramchandra Jadhav,Khanapur(Vita),208,Devnagar,0.6,8.38,0.16,0.63,238.34,21.93,257.6,7.25,1.48,0.77,2.98,8.42,2.14
5725,130,Manohar Channapa Jangam,Khanapur(Vita),308,Devnagar,0.6,8.20,0.16,0.99,213.25,22.62,358.4,13.77,3.76,1.10,3.78,3.52,4.30
5726,131,Manohar Ramchandra pawar,Khanapur(Vita),278,Devnagar,0.4,8.53,0.10,0.32,250.88,22.62,89.6,11.01,0.40,1.05,2.52,2.46,0.92
5727,132,Omkar Arvind Bhule,Khanapur(Vita),204,Devnagar,0.45,8.30,0.16,0.46,163.07,11.65,336.0,14.16,1.72,1.67,3.64,6.98,2.92
5728,133,Pandurang Aappa Bhule,Khanapur(Vita),269,Devnagar,0.65,8.53,0.13,0.38,200.70,12.68,100.8,10.53,0.38,1.15,2.72,5.38,2.06
5729,134,Pandurang Kashinath Jangam,Khanapur(Vita),268,Devnagar,0.5,8.57,0.12,0.44,188.16,10.97,100.8,7.52,0.22,1.56,2.90,7.34,2.96
5730,135,pradip Manohar Jangam,Khanapur(Vita),322,Devnagar,0.4,8.46,0.11,0.57,200.70,25.70,112.0,9.18,0.54,1.39,3.38,8.88,3.84
5731,136,Prajval Sudhir Shende,Khanapur(Vita),167,Devnagar,0.45,8.07,0.14,0.34,188.16,15.08,571.2,12.41,0.48,1.02,7.42,5.94,2.86
5732,137,Pratikkumar Suresh Shende,Khanapur(Vita),167,Devnagar,0.6,7.83,0.16,0.54,188.16,19.54,358.4,13.81,0.32,1.49,3.00,6.92,3.46
5733,138,Prem Vaibhav Nigade,Khanapur(Vita),293,Devnagar,0.4,8.20,0.12,0.48,238.34,15.42,89.6,14.20,0.60,1.82,3.06,2.80,2.02
5734,139,Pruthviraj Vikaram shende,Khanapur(Vita),301,Devnagar,0.4,8.14,0.33,0.58,225.79,16.45,324.8,11.10,1.64,0.82,6.40,3.10,3.28
5735,140,Rajkumar Jayram pawar,Khanapur(Vita),58,Devnagar,0.6,8.62,0.12,0.79,238.34,23.65,134.4,10.71,1.14,1.21,2.42,6.12,3.56
5736,141,Rajkumar Prakash Pawar,Khanapur(Vita),54,Devnagar,0.5,8.62,0.12,0.40,188.16,18.16,190.4,8.78,0.98,1.15,3.44,4.88,3.68
5737,142,Ramesh Ramchandra Patole,Khanapur(Vita),179,Devnagar,0.6,8.24,0.15,0.40,225.79,17.14,145.6,6.82,0.20,0.96,5.06,9.52,4.14
5738,143,Ravindra Ramlinga Jangam,Khanapur(Vita),308,Devnagar,0.4,8.35,0.14,0.55,200.70,13.37,100.8,9.79,0.82,2.00,3.92,2.92,2.30
5739,144,Reshma Sarjerao Shende,Khanapur(Vita),112,Devnagar,0.45,8.39,0.29,0.37,150.53,20.22,179.2,9.26,0.34,1.52,3.44,5.72,4.38
5740,145,sachin Ishwar Bhule,Khanapur(Vita),269,Devnagar,0.4,8.55,0.15,0.40,175.62,16.11,123.2,7.21,1.14,1.17,3.02,4.84,5.84
5741,146,Sachin Narayan Shende,Khanapur(Vita),141,Devnagar,0.55,8.35,0.21,0.61,200.70,15.77,302.4,6.51,1.64,0.73,2.98,4.30,2.08
5742,147,sachin prakash Pawar,Khanapur(Vita),48,Devnagar,0.4,8.60,0.12,0.53,225.79,24.33,134.4,8.65,0.34,0.89,3.04,2.56,2.40
5743,148,Sadhashiv Babu swami,Khanapur(Vita),108/8,Devnagar,0.65,8.51,0.18,0.49,175.62,18.16,145.6,9.35,1.78,1.18,2.90,3.12,2.78
5744,149,Sadhashiv Balu Kadam,Khanapur(Vita),317,Devnagar,0.4,7.83,1.04,0.62,188.16,24.68,145.6,12.94,1.20,0.92,2.54,8.08,2.16
5745,150,Samabai Bramhdev Bhule,Khanapur(Vita),206,Devnagar,0.4,8.36,0.11,0.53,200.70,23.30,100.8,9.83,0.62,1.49,3.22,4.54,1.92
5746,151,Sangita Santosh Aambekar,Khanapur(Vita),854,Devnagar,0.4,8.59,0.20,0.91,150.53,24.68,134.4,10.75,1.44,1.38,1.90,7.48,4.34
5747,152,Santosh Aatmaram Bhagat,Khanapur(Vita),197,Devnagar,0.4,7.85,0.17,0.57,213.25,15.08,212.8,10.23,0.98,1.29,4.10,7.44,2.12
5748,153,Santosh Govind Shende,Khanapur(Vita),114,Devnagar,0.45,8.30,0.14,0.30,163.07,25.02,89.6,10.09,0.54,1.55,4.66,4.82,1.44
5749,154,Sarika Raviraj Shende,Khanapur(Vita),267,Devnagar,0.45,8.64,0.17,0.73,238.34,22.28,235.2,17.70,0.46,1.23,3.26,6.08,5.64
5750,155,Sarjerao Shivaji Shende,Khanapur(Vita),191,Devnagar,0.4,8.34,0.19,0.88,225.79,27.07,448.0,8.57,2.04,1.61,3.64,9.12,4.82
5751,156,Sarthak Sachin Shende,Khanapur(Vita),289,Devnagar,0.4,7.64,0.25,0.49,213.25,24.33,526.4,9.66,1.68,1.45,8.16,6.94,2.48
5752,157,Shantinath Vishvambhar Swami,Khanapur(Vita),108/13,Devnagar,0.85,8.65,0.16,0.63,238.34,23.99,134.4,11.84,0.50,0.82,2.84,5.62,2.52
5753,158,Shivaji Bapu Patole,Khanapur(Vita),153,Devnagar,0.45,8.52,0.20,0.67,188.16,22.96,201.6,11.67,1.02,1.02,5.08,5.86,4.12
5754,159,shubash Dadaso Pawar,Khanapur(Vita),852,Devnagar,0.45,8.60,0.17,0.66,175.62,18.51,89.6,11.10,0.78,0.90,2.18,5.76,5.22
5755,160,Sopan Bapu Bhule,Khanapur(Vita),289,Devnagar,0.4,8.62,0.14,0.77,225.79,19.54,190.4,10.49,0.56,0.97,2.80,5.50,5.48
5756,161,Subhash Babu Patole,Khanapur(Vita),175,Devnagar,0.4,7.43,0.18,0.65,175.62,24.68,156.8,13.20,0.48,0.96,2.78,7.46,2.14
5757,162,Sudhir Narayan Shende,Khanapur(Vita),884,Devnagar,0.6,7.89,0.22,0.41,200.70,24.68,145.6,8.39,0.96,1.12,6.18,5.04,2.50
5758,163,Sudhir Nivaruti shende,Khanapur(Vita),191,Devnagar,0.4,7.94,0.20,0.66,225.79,23.99,403.2,11.89,3.18,0.95,9.14,6.04,2.48
5759,164,Suhasini  prakash Pawar,Khanapur(Vita),286,Devnagar,0.45,8.58,0.11,0.45,163.07,11.65,168.0,7.73,0.24,0.84,3.50,5.02,2.82
5760,165,Sukhadev Pandurang Bhagat,Khanapur(Vita),305,Devnagar,0.45,8.39,0.21,0.36,175.62,23.30,257.6,10.44,0.48,1.20,6.34,8.88,6.14
5761,166,Sushant Manohar Pawar,Khanapur(Vita),70,Devnagar,0.45,8.32,0.24,0.74,200.70,18.85,134.4,11.54,0.60,1.58,2.82,1.92,1.10
5762,167,Suvarna Ashok Pawar,Khanapur(Vita),145,Devnagar,0.4,7.34,0.12,0.49,213.25,14.39,448.0,13.02,0.42,1.18,3.36,9.06,2.42
5763,168,Swapanali Sachin Shende,Khanapur(Vita),289,Devnagar,0.4,8.34,0.13,0.63,213.25,17.82,123.2,13.46,0.92,1.60,3.62,3.06,2.20
5764,169,Tanaji Shankar Bhule,Khanapur(Vita),205,Devnagar,0.4,8.50,0.08,0.40,225.79,14.05,280.0,12.45,0.98,0.89,3.10,3.62,1.58
5765,170,Tanishk Raviraj Shende,Khanapur(Vita),267,Devnagar,0.4,8.43,0.18,0.42,188.16,26.39,280.0,18.92,0.22,1.09,3.62,4.82,3.98
5766,171,Tulsa Manohar pawar,Khanapur(Vita),86,Devnagar,0.6,8.50,0.13,0.92,200.70,20.91,179.2,11.49,0.70,0.91,2.36,3.46,2.00
5767,172,udhav Dadaso Pawar,Khanapur(Vita),279,Devnagar,0.65,8.41,0.12,0.40,200.70,23.65,112.0,13.28,0.56,1.52,3.40,5.60,2.82
5768,173,Usha Dilip Pawar,Khanapur(Vita),60,Devnagar,0.45,8.54,0.23,0.44,200.70,13.71,112.0,13.59,0.92,1.28,3.30,7.60,4.00
5769,174,Usha Vilas Shende,Khanapur(Vita),112,Devnagar,0.45,8.34,0.24,0.48,225.79,21.93,179.2,12.32,0.56,1.64,6.14,5.20,3.24
5770,175,Vaibhav Jalindar Nigade,Khanapur(Vita),209,Devnagar,0.6,8.58,0.13,0.98,238.34,16.79,179.2,10.31,0.40,0.90,2.44,3.18,3.36
5771,176,Vaishali Vikaram Shende,Khanapur(Vita),112,Devnagar,0.45,8.15,0.17,0.59,163.07,24.33,112.0,6.60,0.58,1.15,5.94,7.64,2.28
5772,177,Vanita Vishal Pawar,Khanapur(Vita),284,Devnagar,0.5,8.65,0.09,0.41,213.25,15.08,224.0,11.01,1.70,1.06,4.12,5.26,5.52
5773,178,Vijay Shivaji Pawar,Khanapur(Vita),282,Devnagar,0.45,8.08,0.14,0.45,200.70,21.93,123.2,7.69,1.52,1.58,6.38,8.32,2.82
5774,179,Vikaram Dattatray Patankar,Khanapur(Vita),316,Devnagar,0.5,8.05,0.21,0.37,163.07,22.96,392.0,8.70,1.06,1.49,7.02,8.30,3.16
5775,180,Vikaram Shivaji Shende,Khanapur(Vita),112,Devnagar,0.4,7.64,0.13,0.33,200.70,13.71,89.6,8.87,0.34,1.52,7.72,8.88,2.40
5776,181,Vinayak Vishvanath Bagat,Khanapur(Vita),35,Devnagar,0.4,8.62,0.16,0.75,200.70,22.28,291.2,9.53,0.92,1.57,2.84,5.60,2.46
5777,182,Virsing Dadaso Pawar,Khanapur(Vita),852,Devnagar,0.45,8.52,0.33,0.66,175.62,12.00,380.8,10.79,0.72,1.16,2.42,3.92,3.70
5778,183,Vishal subhash Pawar,Khanapur(Vita),329,Devnagar,0.4,8.68,0.10,0.57,200.70,26.39,134.4,9.96,1.94,1.08,2.36,3.84,4.54
5779,184,Navin Manohar Jangam,Khanapur(Vita),308,Devnagar,0.4,8.51,0.14,0.65,200.70,21.59,112.0,8.43,1.55,1.38,4.88,7.00,5.40
5780,185,Mahadev Namdev Jadhav,Khanapur(Vita),10,Jakhinwadi,0.2,7.82,0.10,0.87,200.70,12.00,369.6,11.10,1.04,1.70,1.10,32.96,4.66
5781,186,???????? ?????? ?????,Khanapur(Vita),101,Jakhinwadi,0.42,8.53,0.12,0.66,175.62,14.39,190.4,9.22,0.66,1.52,0.62,8.90,1.70
5782,187,???? ???? ?????,Khanapur(Vita),111,Jakhinwadi,0.86,8.20,0.13,0.88,213.25,16.45,257.6,7.87,0.44,1.28,1.36,13.98,1.78
5783,188,Ashok Dadaso Shinde,Khanapur(Vita),104,Jakhinwadi,0.82,8.60,0.09,0.75,163.07,18.16,179.2,7.12,0.58,1.39,1.00,7.94,1.70
5784,189,????? ?????? ?????,Khanapur(Vita),114,Jakhinwadi,0.99,8.18,0.08,0.87,200.70,12.34,190.4,5.29,0.90,1.14,1.56,21.74,3.70
5785,190,Dharma Namdev Jadhav,Khanapur(Vita),77,Jakhinwadi,1.4,7.99,0.14,0.81,213.25,18.51,280.0,6.86,0.90,1.66,1.28,25.30,2.82
5786,191,????? ?????? ?????,Khanapur(Vita),259,Jakhinwadi,0.9,8.25,0.20,0.86,175.62,7.88,392.0,6.47,0.90,1.82,0.86,16.06,3.06
5787,192,Arjun Bapu Shinde,Khanapur(Vita),142,Jakhinwadi,1.4,8.12,0.10,0.95,225.79,9.60,324.8,7.52,1.48,1.41,1.42,25.68,3.92
5788,193,?????? ??????? ?????,Khanapur(Vita),183,Jakhinwadi,0.84,7.93,0.13,0.98,175.62,13.02,448.0,9.96,1.04,1.33,1.34,28.22,3.88
5789,194,???????? ???? ????,Khanapur(Vita),179,Jakhinwadi,1.4,8.44,0.11,0.75,175.62,16.79,168.0,9.44,0.56,1.57,0.96,6.70,1.66
5790,195,?????? ?????? ?????,Khanapur(Vita),164,Jakhinwadi,0.41,8.32,0.10,0.86,163.07,17.82,268.8,8.96,0.64,1.69,0.86,13.38,2.34
5791,196,???? ???????? ????,Khanapur(Vita),176,Jakhinwadi,1.4,8.24,0.13,0.86,238.34,20.91,302.4,8.35,0.50,1.78,0.88,20.58,3.30
5792,197,??????? ????? ????,Khanapur(Vita),172,Jakhinwadi,1.4,8.22,0.13,0.86,200.70,16.45,392.0,9.66,0.78,1.84,1.06,18.20,2.90
5793,198,Ashok Vithoba Jadhav,Khanapur(Vita),176,Jakhinwadi,1.4,8.36,0.15,0.84,200.70,17.48,324.8,6.42,0.88,1.53,0.82,18.62,2.66
5794,199,????? ?????? ????,Khanapur(Vita),164,Jakhinwadi,0.27,8.04,0.14,0.95,225.79,10.97,459.2,7.17,0.32,1.37,0.86,12.28,1.32
5795,200,Ishwar Krishna Pawar,Khanapur(Vita),165,Jakhinwadi,0.83,8.41,0.14,0.86,200.70,9.94,403.2,9.31,0.68,1.43,0.84,8.86,2.00
5796,201,?????? Sampat Shinde,Khanapur(Vita),166,Jakhinwadi,0.6,8.43,0.12,0.75,163.07,7.20,235.2,9.13,1.02,1.52,0.70,14.12,2.52
5797,202,Vilas Lalu Jagdale,Khanapur(Vita),20,Jakhinwadi,0.16,8.09,0.13,0.90,225.79,15.42,369.6,6.64,0.66,1.39,0.80,9.18,1.88
5798,203,???? ??????? ????,Khanapur(Vita),171,Jakhinwadi,1.4,8.60,0.07,0.73,175.62,15.08,156.8,6.21,0.76,1.51,1.16,17.70,3.22
5799,204,Shankar Babu Shinde,Khanapur(Vita),168,Jakhinwadi,0.56,8.27,0.20,0.92,213.25,19.19,459.2,9.57,1.88,1.26,0.50,8.94,1.86
5800,205,????? ?????? ?????,Khanapur(Vita),234,Jakhinwadi,0.14,8.62,0.12,0.73,175.62,22.28,201.6,10.31,0.62,1.34,0.80,15.50,2.50
5801,206,?????? ?????? ?????,Khanapur(Vita),173,Jakhinwadi,1.4,8.15,0.26,0.90,200.70,23.30,481.6,12.32,3.24,1.60,0.16,23.08,3.54
5802,207,??????? ????? ????,Khanapur(Vita),182,Jakhinwadi,1.4,8.53,0.16,0.78,213.25,14.74,492.8,9.96,1.22,1.43,0.16,11.70,2.44
5803,208,Umesh Shankar Pawar,Khanapur(Vita),179,Jakhinwadi,0.57,7.90,0.15,0.82,175.62,16.79,291.2,8.17,0.70,1.37,1.22,9.34,3.34
5804,209,?????? ???? ????,Khanapur(Vita),181,Jakhinwadi,0.87,8.11,0.08,0.92,200.70,11.65,156.8,7.43,0.58,1.67,0.54,28.78,4.00
5805,210,??????? Sudam Pawar,Khanapur(Vita),181,Jakhinwadi,0.43,8.02,0.13,0.94,163.07,16.11,324.8,6.82,1.06,1.76,0.86,9.50,3.30
5806,211,???????? ?????? ????,Khanapur(Vita),181,Jakhinwadi,0.87,8.01,0.16,0.61,200.70,9.60,358.4,6.21,1.06,1.31,0.56,13.08,1.70
5807,212,Bajarang Balu Shinde,Khanapur(Vita),183,Jakhinwadi,0.38,8.57,0.08,0.69,225.79,11.31,134.4,7.17,0.66,1.40,0.64,17.18,2.28
5808,213,Shanakr Bayaji Shinde,Khanapur(Vita),184,Jakhinwadi,0.9,8.50,0.12,1.04,163.07,12.34,190.4,11.23,0.74,1.20,0.66,8.88,3.04
5809,214,???????? ???? ??????,Khanapur(Vita),68,Jakhinwadi,0.54,8.13,0.21,0.58,200.70,8.23,291.2,11.41,2.12,1.58,0.88,23.02,1.60
5810,215,Priyanka Ashok Pawar,Khanapur(Vita),33,Jakhinwadi,0.49,8.63,0.12,0.79,225.79,20.22,268.8,9.13,0.66,1.52,0.80,15.34,2.88
5811,216,????? ?????? ?????,Khanapur(Vita),40,Jakhinwadi,0.59,8.39,0.14,0.59,200.70,22.96,392.0,7.17,1.26,1.43,0.86,7.40,1.44
5812,217,??????? ?????? ?????,Khanapur(Vita),41,Jakhinwadi,0.28,8.50,0.18,0.69,225.79,25.36,526.4,9.53,1.40,1.30,0.66,21.36,2.82
5813,218,?????? ?????? ????,Khanapur(Vita),42,Jakhinwadi,0.12,8.40,0.11,0.69,188.16,21.25,212.8,9.18,0.74,1.25,0.86,17.16,3.52
5814,219,?????? ?????? ????,Khanapur(Vita),51,Jakhinwadi,1.4,8.52,0.14,0.62,213.25,14.05,291.2,10.23,1.00,1.46,0.76,12.54,2.14
5815,220,?????? ??????? ?????,Khanapur(Vita),52,Jakhinwadi,1.06,8.41,0.15,0.82,188.16,8.91,190.4,10.71,0.94,1.40,1.06,11.06,2.20
5816,222,????? ?????? ??????,Khanapur(Vita),78,Jakhinwadi,1.02,8.71,0.11,0.54,188.16,16.45,179.2,11.01,0.74,1.68,1.00,9.58,1.62
5817,223,????? ??????? ????,Khanapur(Vita),68,Jakhinwadi,0.5,8.06,0.16,0.90,213.25,9.94,324.8,5.68,0.88,1.80,1.22,29.46,4.08
5818,224,??????? ?????? ??????,Khanapur(Vita),68,Jakhinwadi,0.5,8.22,0.28,0.86,238.34,7.54,761.6,8.08,2.02,1.36,0.68,20.16,3.72
5819,225,Vikas Vasant Aabdare,Khanapur(Vita),76,Jakhinwadi,0.5,7.72,0.17,1.06,175.62,9.25,369.6,7.25,1.26,1.24,0.60,37.42,5.28
5820,226,Manisha Chandrakant Jagdale,Khanapur(Vita),69,Jakhinwadi,1.06,8.31,0.07,0.86,213.25,11.65,201.6,6.90,1.06,1.40,0.30,12.78,2.56
5821,228,??????? ?????? ??????,Khanapur(Vita),76,Jakhinwadi,0.12,8.46,0.10,0.57,188.16,14.05,145.6,10.05,0.70,1.42,0.28,8.70,1.42
5822,229,???????? ??????? ??????,Khanapur(Vita),78,Jakhinwadi,0.89,8.04,0.14,0.79,225.79,17.82,392.0,6.77,0.78,1.54,0.32,11.54,2.22
5823,230,???????? Jaggannt ??????,Khanapur(Vita),78,Jakhinwadi,1.16,8.37,0.14,0.84,163.07,10.62,358.4,10.36,1.04,1.82,0.66,19.24,2.90
5824,231,Shivaji Pandurang Pisal,Khanapur(Vita),95,Jakhinwadi,1.4,8.45,0.10,0.58,188.16,22.62,336.0,7.43,0.66,1.48,0.66,9.56,1.54
5825,232,Anil Dyandev Jagtap,Khanapur(Vita),86,Jakhinwadi,0.81,8.44,0.07,0.58,213.25,13.71,246.4,8.96,0.76,1.28,0.58,8.50,2.08
5826,233,Shankar Daji Damame,Khanapur(Vita),67,Jakhinwadi,0.38,8.38,0.12,0.77,238.34,9.25,235.2,13.15,0.72,1.23,0.74,17.18,2.30
5827,234,Mohan Narayn Pawar,Khanapur(Vita),97,Jakhinwadi,1.4,8.01,0.06,0.79,188.16,8.57,380.8,12.37,0.82,1.34,0.74,25.66,3.72
5828,235,Rajendra Tanaki Pawar,Khanapur(Vita),98,Jakhinwadi,1,8.48,0.11,0.61,225.79,14.74,212.8,8.48,0.78,1.30,0.68,10.98,2.08
5829,236,Prakash Suryaji Pawar,Khanapur(Vita),98,Jakhinwadi,1.4,7.89,0.24,0.81,188.16,22.28,560.0,9.05,2.06,1.10,0.86,23.66,4.00
5830,237,Sagar Sadashiv Pawar,Khanapur(Vita),98,Jakhinwadi,0.8,8.48,0.14,0.61,163.07,8.91,347.2,13.55,0.92,1.16,0.58,10.98,2.10
5831,238,?????? ?????? ?????,Khanapur(Vita),137,Jakhinwadi,0.12,8.50,0.09,0.46,225.79,23.65,190.4,8.83,0.60,1.22,0.26,11.70,2.24
5832,239,??????? ?????? ?????,Khanapur(Vita),174,Jakhinwadi,0.26,8.48,0.14,0.59,238.34,17.14,291.2,8.39,0.62,1.08,1.50,9.82,0.96
5833,240,Sukhdev Narayn Shinde,Khanapur(Vita),50,Jakhinwadi,0.37,7.78,0.16,0.82,238.34,22.96,336.0,6.60,1.12,1.31,2.22,28.82,3.68
5834,241,????? ?????? ?????,Khanapur(Vita),50,Jakhinwadi,0.37,8.07,0.23,1.00,163.07,18.51,414.4,5.94,0.74,1.36,2.30,32.80,4.32
5835,242,Kanchan Hanmant Shinde,Khanapur(Vita),64,Jakhinwadi,0.99,8.29,0.16,0.90,213.25,20.22,336.0,8.08,1.82,1.40,1.72,23.38,3.36
5836,243,Shivaji Narayan Ahinse,Khanapur(Vita),50,Jakhinwadi,0.37,8.20,0.21,0.75,163.07,14.74,436.8,5.38,1.16,1.44,1.88,15.74,2.92
5837,244,Ankush Ramchandra Shibde,Khanapur(Vita),210,Jakhinwadi,0.16,8.01,0.17,0.78,188.16,11.31,392.0,5.77,0.20,1.56,2.44,25.76,4.40
5838,245,Sunil Madhukar Shinde,Khanapur(Vita),90,Jakhinwadi,1,7.90,0.12,0.70,175.62,12.68,347.2,7.43,0.24,1.60,2.70,31.56,4.52
5839,246,Bahuso Daulat Shinde,Khanapur(Vita),141,Jakhinwadi,0.46,8.07,0.25,0.90,213.25,16.45,470.4,6.34,1.14,1.29,1.60,17.54,4.14
5840,247,Usha Laxaman Mulik,Khanapur(Vita),38,Jakhinwadi,0.87,8.04,0.10,0.86,188.16,15.08,436.8,7.95,3.72,1.23,2.90,37.38,4.80
5841,248,Nanda Mohan Shinde,Khanapur(Vita),179,Jakhinwadi,0.47,8.22,0.08,0.79,175.62,10.97,358.4,7.69,1.26,1.39,2.30,31.44,3.54
5842,249,Aruna Madhukar Pawar,Khanapur(Vita),146,Jakhinwadi,49,8.47,0.10,0.44,163.07,7.54,190.4,7.39,0.52,1.34,1.76,27.06,2.14
5843,250,Sangeeta ???????? ?????,Khanapur(Vita),184,Jakhinwadi,0.5,8.05,0.15,0.82,225.79,7.20,403.2,9.18,0.90,1.49,1.84,11.78,2.76
5844,251,Kamal ????????? ????,Khanapur(Vita),142,Jakhinwadi,0.47,8.33,0.13,0.59,175.62,8.91,302.4,7.52,0.88,1.45,2.04,26.34,2.32
5845,252,??????? ?????? ????,Khanapur(Vita),167,Jakhinwadi,0.9,7.95,0.14,0.73,188.16,12.00,369.6,5.81,0.92,1.15,2.52,13.70,3.78
5846,253,Vilas Vishnu Joshi,Khanapur(Vita),164,Jakhinwadi,0.93,8.48,0.09,0.55,200.70,16.11,179.2,6.90,0.68,1.28,1.86,27.92,1.94
5847,254,Atul ?????? ?????,Khanapur(Vita),210,Jakhinwadi,0.4,8.27,0.07,0.71,200.70,18.16,291.2,9.40,0.84,1.37,2.62,12.30,3.08
5848,255,???? ???? ??????,Khanapur(Vita),215,Jakhinwadi,0.4,7.70,0.13,0.81,175.62,19.19,369.6,8.39,0.98,1.77,3.16,25.74,4.22
5849,256,??????? ?????? ????,Khanapur(Vita),53,Jakhinwadi,0.34,8.41,0.11,0.53,200.70,16.45,123.2,7.12,0.64,1.60,2.00,10.42,1.80
5850,257,Akkatai Balu Shinde,Khanapur(Vita),115,Jakhinwadi,0.35,8.56,0.10,0.57,175.62,12.34,179.2,9.22,0.62,1.43,1.90,1.04,1.40
5851,258,Pankaj Aananda Shinde,Khanapur(Vita),115,Jakhinwadi,0.35,8.00,0.07,0.37,238.34,8.57,403.2,9.09,0.86,1.38,2.78,24.22,4.16
5852,259,Sujata Aaka Ram Shinde,Khanapur(Vita),96,Jakhinwadi,0.24,8.15,0.12,0.67,225.79,13.71,380.8,6.95,0.84,1.45,2.60,26.68,3.30
5853,260,Vanita Tushar Shinde,Khanapur(Vita),70,Jakhinwadi,0.24,8.59,0.08,0.63,238.34,17.82,134.4,7.08,0.88,1.54,1.74,11.80,2.06
5854,261,Shivaji ????? ?????,Khanapur(Vita),60,Jakhinwadi,0.28,8.15,0.09,0.71,200.70,11.65,324.8,4.76,0.98,1.20,1.92,32.22,3.88
5855,262,Sundara Vithu Shinde,Khanapur(Vita),163,Jakhinwadi,0.95,8.18,0.13,0.58,225.79,23.30,291.2,7.78,1.02,1.32,1.84,18.86,2.22
5856,263,?????? ??????? ?????,Khanapur(Vita),25,Jakhinwadi,0.62,7.93,0.13,0.63,175.62,20.91,313.6,7.25,1.00,1.29,2.54,10.24,3.48
5857,264,???????? ??????? ????,Khanapur(Vita),25,Jakhinwadi,0.12,8.49,0.11,0.57,213.25,19.54,212.8,7.43,0.80,1.18,1.88,19.66,3.58
5858,265,?????? ?????? ????,Khanapur(Vita),32,Jakhinwadi,0.12,8.44,0.07,0.69,238.34,17.48,201.6,8.04,0.74,1.93,2.04,29.62,1.98
5859,266,????????? ???????? ??????,Khanapur(Vita),78,Jakhinwadi,0.17,8.51,0.10,0.51,200.70,21.93,302.4,9.40,1.04,1.55,1.44,12.74,2.48
5860,267,?????? ?????? ???,Khanapur(Vita),175,Jakhinwadi,0.79,8.47,0.11,0.66,175.62,23.65,201.6,8.35,0.68,1.32,1.98,6.80,1.70
5861,268,??????? ??? ?????,Khanapur(Vita),"1,21",Jakhinwadi,211,8.60,0.09,0.59,163.07,19.88,246.4,9.31,0.80,1.75,1.98,10.96,2.04
5862,269,Vidya Vinayak Jadhav,Khanapur(Vita),152,Jakhinwadi,0.4,8.29,0.15,0.63,225.79,17.82,336.0,10.14,1.62,1.29,1.40,10.52,2.16
5863,270,??????? Namdev Ahinde,Khanapur(Vita),32,Jakhinwadi,0.12,7.90,0.11,0.74,200.70,12.68,280.0,7.43,1.28,1.39,2.92,10.82,4.00
5864,271,????????? ??????? ??????,Khanapur(Vita),70,Jakhinwadi,0.9,8.36,0.14,0.82,163.07,9.94,190.4,9.35,0.98,1.41,1.82,36.50,2.20
5865,272,?????? ???? ?????,Khanapur(Vita),70,Jakhinwadi,0.09,8.49,0.10,0.70,213.25,7.54,313.6,13.55,0.84,1.57,2.06,12.20,1.82
5866,273,???? ???? ?????,Khanapur(Vita),234,Jakhinwadi,0.61,8.62,0.15,0.62,250.88,14.05,380.8,6.42,0.92,1.24,2.16,19.70,1.94
5867,274,???????? ????? ???,Khanapur(Vita),233,Jakhinwadi,0.61,8.09,0.09,0.51,200.70,12.00,291.2,7.34,1.28,1.64,2.24,18.98,2.86
5868,275,Manasi Shankar Shinde,Khanapur(Vita),31,Jakhinwadi,0.74,7.99,0.09,0.53,200.70,18.51,212.8,6.42,0.96,1.41,2.74,26.14,3.20
5869,277,Swati Vinod Shinde,Khanapur(Vita),13,Khambale Bhalvani,0.6,8.40,0.33,1.03,150.53,12.34,179.2,6.77,1.06,0.94,0.86,9.16,1.84
5870,278,Housabai Bhagvan Surve,Khanapur(Vita),36,Khambale Bhalvani,0.4,8.45,0.30,0.71,175.62,21.25,246.4,5.51,0.94,0.92,0.80,9.26,1.87
5871,279,Jagannath Ganpati Mane,Khanapur(Vita),67,Khambale Bhalvani,0.2,8.46,0.31,0.70,150.53,26.05,257.6,6.99,0.76,0.95,0.96,7.80,1.84
5872,280,Lakshmibai Bharat Surve,Khanapur(Vita),99,Khambale Bhalvani,0.4,8.42,0.33,0.69,125.44,23.99,347.2,6.47,0.94,0.94,0.86,6.66,1.70
5873,281,Sahebrao Tukaram Surve,Khanapur(Vita),111,Khambale Bhalvani,0.35,8.36,0.35,0.82,175.62,24.33,257.6,9.57,1.16,0.94,0.96,12.40,2.18
5874,282,Pranaykumar Balkrishna Surve,Khanapur(Vita),122,Khambale Bhalvani,0.2,8.40,0.37,1.02,137.98,5.48,257.6,7.17,1.16,0.95,0.96,12.60,1.84
5875,283,Tanaji Bhagvat Surve,Khanapur(Vita),140,Khambale Bhalvani,0.2,8.38,0.34,0.74,175.62,19.88,392.0,7.21,0.96,0.91,1.02,12.24,1.50
5876,284,Sakhubai Khashaba Surve,Khanapur(Vita),177,Khambale Bhalvani,0.6,8.47,0.31,0.86,137.98,33.24,224.0,6.86,0.96,0.96,1.04,11.48,1.48
5877,285,Vikas Raghunath Surve,Khanapur(Vita),179,Khambale Bhalvani,0.36,8.54,0.24,0.84,200.70,18.16,224.0,6.21,1.46,0.93,0.96,10.30,1.60
5878,286,Malan Ishwara Surve,Khanapur(Vita),187,Khambale Bhalvani,0.2,8.55,0.24,0.75,225.79,31.87,212.8,16.43,0.96,0.92,0.96,8.28,1.86
5879,287,Satyavan Sambhaji Surve,Khanapur(Vita),191,Khambale Bhalvani,0.6,8.50,0.28,0.82,188.16,24.68,224.0,5.16,0.76,0.94,0.86,10.18,1.80
5880,288,Aditya Shankar Maske,Khanapur(Vita),196,Khambale Bhalvani,0.15,8.39,0.40,0.90,213.25,22.96,246.4,6.99,0.92,0.94,0.80,10.18,1.36
5881,289,Madhukar Dattu Surve,Khanapur(Vita),208,Khambale Bhalvani,0.2,8.50,0.16,1.02,175.62,21.59,224.0,7.17,0.70,0.94,0.84,8.16,1.68
5882,290,Rajendra Bhimrao Surve,Khanapur(Vita),222,Khambale Bhalvani,0.25,8.54,0.24,0.70,137.98,9.94,179.2,4.50,0.76,0.92,0.68,8.48,1.24
5883,291,Hanmant Yashwant Jadhav,Khanapur(Vita),224,Khambale Bhalvani,0.2,8.49,0.23,0.65,188.16,9.25,257.6,5.51,0.78,0.94,0.86,9.96,1.40
5884,292,Sunil Yashwant Jadhav,Khanapur(Vita),225,Khambale Bhalvani,0.3,8.48,0.29,0.81,150.53,33.59,235.2,4.76,0.60,0.95,0.92,9.08,1.30
5885,293,Tanaji Bhagvat Surve,Khanapur(Vita),227,Khambale Bhalvani,0.35,8.34,0.43,0.83,200.70,14.74,268.8,11.67,0.78,0.94,0.96,9.02,1.42
5886,294,Balu Jagannath Maske,Khanapur(Vita),227,Khambale Bhalvani,0.3,8.43,0.38,0.77,200.70,31.19,235.2,14.12,0.84,0.90,0.90,9.06,1.44
5887,295,Kundlik Ananda Shirtode,Khanapur(Vita),231,Khambale Bhalvani,0.5,8.60,0.23,0.92,175.62,33.24,212.8,6.51,0.82,0.90,0.70,7.22,1.32
5888,296,Umaji Balaso Shirtode,Khanapur(Vita),234,Khambale Bhalvani,0.6,8.66,0.20,0.91,188.16,13.02,201.6,27.49,0.72,0.91,0.76,8.42,1.42
5889,297,Arvind Jagannath Patil,Khanapur(Vita),235,Khambale Bhalvani,0.2,8.61,0.17,0.67,213.25,10.62,168.0,4.81,0.80,0.93,1.00,8.84,1.40
5890,298,Dhanaji Balaso Shirtode,Khanapur(Vita),235,Khambale Bhalvani,0.35,8.38,0.39,1.21,188.16,21.25,324.8,4.11,0.92,0.94,0.76,13.70,1.72
5891,299,Sambhaji Namu Surve,Khanapur(Vita),242,Khambale Bhalvani,0.3,8.62,0.20,0.65,200.70,31.87,268.8,4.33,0.98,0.88,0.84,9.12,1.70
5892,300,Dhondiram Vasudev Surve,Khanapur(Vita),257,Khambale Bhalvani,0.25,8.47,0.29,0.67,225.79,14.74,280.0,5.55,0.58,1.01,0.78,10.26,1.62
5893,301,Lakshman Maruti Shirtode,Khanapur(Vita),266,Khambale Bhalvani,0.5,8.64,0.19,0.74,188.16,22.96,201.6,6.60,0.88,1.10,0.90,7.30,1.62
5894,302,Shashikant Gajanan Surve,Khanapur(Vita),276,Khambale Bhalvani,0.4,8.66,0.21,0.71,175.62,4.46,179.2,7.69,0.92,0.87,0.92,9.40,2.10
5895,303,Rajendra Dinkar Surve,Khanapur(Vita),281,Khambale Bhalvani,0.1,8.38,0.40,0.81,200.70,27.76,224.0,14.95,0.98,0.97,0.94,11.70,1.28
5896,304,Popat Shankar Jadhav,Khanapur(Vita),283,Khambale Bhalvani,0.2,8.49,0.26,0.82,188.16,16.45,201.6,7.91,0.48,1.02,0.96,8.88,1.42
5897,305,Ramchandra Keru Surve,Khanapur(Vita),292,Khambale Bhalvani,0.7,8.62,0.55,0.75,213.25,20.56,302.4,11.14,1.18,1.11,0.74,11.86,1.30
5898,306,Jaykar Shamrao Surve,Khanapur(Vita),297,Khambale Bhalvani,0.2,8.37,0.54,0.65,175.62,28.45,246.4,4.85,0.72,1.14,0.64,7.74,1.34
5899,307,Tanaji Shamrao Surve,Khanapur(Vita),298,Khambale Bhalvani,0.3,8.39,0.54,0.71,137.98,8.91,179.2,5.86,0.54,0.86,0.66,2.66,1.18
5900,308,Dhanaji Shamrao Surve,Khanapur(Vita),298,Khambale Bhalvani,0.2,8.51,0.43,0.70,175.62,14.39,190.4,6.77,1.00,1.31,0.58,8.38,1.42
5901,309,Maruti Babu Surve,Khanapur(Vita),299,Khambale Bhalvani,0.35,8.54,0.24,0.73,200.70,32.56,179.2,5.94,0.82,1.18,0.74,8.12,1.40
5902,310,Malan Baburao Surve,Khanapur(Vita),303,Khambale Bhalvani,0.4,8.37,0.59,0.75,163.07,9.25,235.2,7.34,0.72,1.22,0.58,8.10,0.84
5903,311,Vasant Dnyanu Kengar,Khanapur(Vita),331,Khambale Bhalvani,0.35,8.34,0.55,0.77,200.70,16.79,392.0,5.55,1.38,1.14,0.72,11.94,1.44
5904,312,Ramchandra Pandurang Pawar,Khanapur(Vita),339,Khambale Bhalvani,0.45,8.61,0.33,0.55,150.53,22.28,156.8,6.51,0.52,0.98,0.92,7.32,1.12
5905,313,Raghunath Dnyanoba Shirtode,Khanapur(Vita),366,Khambale Bhalvani,0.5,8.57,0.24,0.57,200.70,3.43,224.0,4.33,0.84,1.09,0.74,7.84,1.30
5906,314,Jagannath Daji Shirtode,Khanapur(Vita),367,Khambale Bhalvani,0.2,8.52,0.41,0.62,163.07,30.84,201.6,6.42,0.66,1.06,0.78,7.36,0.82
5907,315,Chandrakant Daji Shirtode,Khanapur(Vita),368,Khambale Bhalvani,0.4,8.45,0.49,0.61,175.62,22.62,280.0,6.82,0.74,0.95,0.84,7.64,1.08
5908,316,Shankar Deuba Shirtode,Khanapur(Vita),371,Khambale Bhalvani,0.4,8.33,0.56,0.62,213.25,18.51,235.2,5.81,1.10,0.85,0.66,16.28,1.20
5909,317,Yogita Rajendra Pawar,Khanapur(Vita),381,Khambale Bhalvani,0.2,8.54,0.32,0.74,163.07,9.94,190.4,4.76,0.66,0.92,0.90,8.24,1.08
5910,318,Jagannath Tukaram Patil,Khanapur(Vita),417,Khambale Bhalvani,0.2,8.51,0.37,1.27,175.62,25.70,134.4,4.81,0.70,1.11,0.76,7.60,0.92
5911,319,Bhikaji Bhanudas Surve,Khanapur(Vita),419,Khambale Bhalvani,0.2,8.37,0.57,1.43,225.79,28.79,224.0,8.78,1.08,1.17,0.72,9.72,0.86
5912,320,Shivaji Bhanudas Surve,Khanapur(Vita),420,Khambale Bhalvani,0.3,8.67,0.18,1.43,200.70,32.90,156.8,6.42,0.62,1.21,0.74,7.40,1.56
5913,321,Vatsala Pandurang Shivdas,Khanapur(Vita),422,Khambale Bhalvani,0.6,8.35,0.61,1.37,163.07,4.11,347.2,7.60,1.44,1.05,0.74,12.78,1.12
5914,322,Shivaji Vithoba Surve,Khanapur(Vita),440,Khambale Bhalvani,0.2,8.55,0.36,1.37,225.79,24.33,145.6,3.63,1.26,1.02,0.80,13.66,1.98
5915,323,Suresh Ramchandra Surve,Khanapur(Vita),469,Khambale Bhalvani,0.4,8.18,0.88,1.12,200.70,12.00,358.4,7.78,1.68,1.11,0.64,16.34,1.26
5916,324,Jyotiram Gopa Surve,Khanapur(Vita),470,Khambale Bhalvani,0.2,8.76,0.23,0.66,163.07,29.82,156.8,7.04,0.84,1.30,0.66,10.82,1.30
5917,325,Sanjay Vasant Surve,Khanapur(Vita),471,Khambale Bhalvani,0.6,8.42,0.52,0.59,137.98,13.71,212.8,9.79,0.74,1.33,0.70,8.80,1.08
5918,326,Suresh Ramchandra Surve,Khanapur(Vita),475,Khambale Bhalvani,0.2,8.49,0.63,0.67,175.62,33.59,224.0,10.27,0.58,1.23,0.66,8.92,0.98
5919,327,Sakshi Ganesh Surve,Khanapur(Vita),476,Khambale Bhalvani,0.7,8.78,0.20,0.90,213.25,22.62,201.6,12.67,0.84,1.19,0.72,10.74,1.52
5920,328,Dashrath Ishwara Surve,Khanapur(Vita),481,Khambale Bhalvani,0.4,8.53,0.44,0.81,175.62,29.13,145.6,11.89,0.48,1.03,0.66,8.62,0.98
5921,329,Narayan Dattu Nikam,Khanapur(Vita),491,Khambale Bhalvani,0.4,8.52,0.49,0.82,150.53,4.11,235.2,13.33,0.68,0.95,0.78,9.30,0.94
5922,330,Bharat Bapu Surve,Khanapur(Vita),495,Khambale Bhalvani,0.6,8.60,0.31,0.78,175.62,21.93,302.4,14.33,0.98,1.44,0.86,11.44,1.40
5923,331,Suresh Tanaji Surve,Khanapur(Vita),497,Khambale Bhalvani,0.2,8.71,0.22,0.66,213.25,31.19,224.0,12.06,0.40,1.14,0.76,8.30,1.30
5924,332,Shahaji Namdev Surve,Khanapur(Vita),501,Khambale Bhalvani,0.3,8.92,0.15,0.62,175.62,26.05,179.2,10.97,0.90,1.31,0.68,8.72,1.36
5925,333,Jyotiram Gopala Surve,Khanapur(Vita),510,Khambale Bhalvani,0.4,8.68,0.23,0.96,150.53,21.93,201.6,9.53,0.58,1.20,0.66,10.80,1.20
5926,334,Bharat Bapu Surve,Khanapur(Vita),514,Khambale Bhalvani,0.3,8.28,0.69,0.54,200.70,18.85,224.0,13.28,1.24,0.90,0.82,9.08,1.04
5927,335,Ramchandra Namdev Surve,Khanapur(Vita),517,Khambale Bhalvani,0.2,8.71,0.23,0.63,150.53,20.22,168.0,14.73,1.02,1.16,0.80,10.10,0.86
5928,336,Krushnat Namdev Surve,Khanapur(Vita),517,Khambale Bhalvani,0.2,8.65,0.21,0.69,175.62,27.42,179.2,8.52,0.94,1.33,0.76,14.48,1.42
5929,337,Sunilkumar Ananda Surve,Khanapur(Vita),519,Khambale Bhalvani,0.4,8.69,0.22,0.74,163.07,12.68,201.6,10.79,0.82,1.13,0.68,13.78,1.14
5930,338,Sanjaykumar Ananda Surve,Khanapur(Vita),521,Khambale Bhalvani,0.2,8.52,0.31,0.90,200.70,17.48,235.2,13.90,0.88,1.29,0.78,9.40,1.34
5931,339,Balkrushn Vasudev Surve,Khanapur(Vita),522,Khambale Bhalvani,0.2,8.66,0.22,0.82,163.07,28.45,201.6,8.13,0.74,1.18,0.82,11.86,1.56
5932,340,Rajaram Vasudev Surve,Khanapur(Vita),522,Khambale Bhalvani,0.2,8.65,0.21,0.94,213.25,24.33,190.4,11.32,0.46,1.33,0.76,6.82,0.74
5933,341,Jagannath Sudam Javir,Khanapur(Vita),525,Khambale Bhalvani,0.25,8.40,0.32,0.74,225.79,16.11,201.6,11.58,0.90,1.07,0.74,10.20,1.56
5934,342,Mangal Lakshman Kengar,Khanapur(Vita),525,Khambale Bhalvani,0.35,8.71,0.19,0.75,200.70,30.84,179.2,9.75,0.76,1.18,0.72,9.22,1.76
5935,343,Vijay Sambhaji Maske,Khanapur(Vita),533,Khambale Bhalvani,0.3,8.73,0.21,0.99,188.16,23.99,224.0,9.40,0.72,1.17,0.72,6.24,0.94
5936,344,Pratap Kisan Maske,Khanapur(Vita),534,Khambale Bhalvani,0.4,8.62,0.23,0.90,150.53,33.93,179.2,7.04,0.96,1.29,0.90,8.20,1.72
5937,345,Shankar Kakaso Surve,Khanapur(Vita),538,Khambale Bhalvani,0.45,8.47,0.45,1.03,188.16,19.54,201.6,5.90,3.26,1.35,0.84,9.26,0.94
5938,346,Bharat Kakaso Surve,Khanapur(Vita),539,Khambale Bhalvani,0.5,8.65,0.22,0.73,200.70,12.68,145.6,8.26,1.02,0.97,0.98,7.28,0.90
5939,347,Jagannath Daji Maske,Khanapur(Vita),545,Khambale Bhalvani,0.35,8.77,0.18,0.75,163.07,15.77,156.8,5.77,0.38,1.08,1.04,10.54,1.02
5940,348,Gangaram Dagadu Maske,Khanapur(Vita),547,Khambale Bhalvani,0.25,8.58,0.46,0.66,188.16,7.88,190.4,9.35,0.60,1.04,0.92,7.24,1.92
5941,349,Lakshman Bapu Surve,Khanapur(Vita),552,Khambale Bhalvani,0.15,8.61,0.26,0.82,225.79,23.30,224.0,11.93,0.54,1.15,0.92,13.24,1.30
5942,350,Sitabai Sandipan Sawant,Khanapur(Vita),557,Khambale Bhalvani,0.65,8.62,0.24,0.70,188.16,32.56,324.8,14.38,0.78,1.22,0.92,10.12,0.96
5943,351,Popat Shamrao Maske,Khanapur(Vita),577,Khambale Bhalvani,0.45,8.58,0.26,0.84,163.07,19.54,246.4,15.08,0.80,1.32,0.98,10.70,1.14
5944,352,Manaji Lakshman Gosavi,Khanapur(Vita),708,Khambale Bhalvani,0.45,8.71,0.19,0.67,200.70,14.74,145.6,13.81,1.24,1.39,1.08,9.00,1.44
5945,353,Tanaji Lakshman Gosavi,Khanapur(Vita),709,Khambale Bhalvani,0.6,8.73,0.24,0.78,225.79,32.22,190.4,7.52,0.62,1.31,0.90,10.38,1.08
5946,354,Lalaso Bapu Girigosavi,Khanapur(Vita),714,Khambale Bhalvani,0.5,8.60,0.21,0.63,188.16,19.88,201.6,6.42,0.78,1.20,0.98,10.28,1.02
5947,355,Shubham Lalaso Gosavi,Khanapur(Vita),715,Khambale Bhalvani,0.3,8.53,0.27,0.74,175.62,31.87,257.6,9.40,0.76,1.25,1.02,12.96,1.24
5948,356,Vishal Lalaso Girigosavi,Khanapur(Vita),716,Khambale Bhalvani,0.3,8.34,0.62,0.59,200.70,29.13,313.6,11.76,0.78,1.36,0.94,11.24,1.16
5949,357,Shailaja Lalaso Girigosavi,Khanapur(Vita),717,Khambale Bhalvani,0.3,8.25,0.74,0.55,175.62,12.34,336.0,13.90,0.66,1.20,0.84,20.84,1.26
5950,358,Ramchandra Pandharinath Surve,Khanapur(Vita),728,Khambale Bhalvani,0.45,8.58,0.30,0.81,137.98,27.07,257.6,10.49,0.82,1.14,1.20,12.60,0.98
5951,359,Subhash Jagannath Nikam,Khanapur(Vita),778,Khambale Bhalvani,0.28,8.19,0.83,0.62,188.16,28.79,156.8,13.33,0.54,1.07,0.94,27.68,1.50
5952,360,Sopan Jagannath Nikam,Khanapur(Vita),778,Khambale Bhalvani,0.5,8.66,0.22,0.51,163.07,15.08,224.0,6.73,1.02,1.15,0.84,22.80,1.78
5953,361,Balaso Dnyanu Surve,Khanapur(Vita),786,Khambale Bhalvani,0.4,8.37,0.56,0.79,200.70,10.62,235.2,11.01,0.40,0.97,0.84,8.32,0.74
5954,362,Akaram Bandu Surve,Khanapur(Vita),798,Khambale Bhalvani,0.45,8.65,0.25,0.86,175.62,21.59,313.6,12.10,1.10,0.91,0.82,12.72,0.92
5955,363,Ashok Akaram Surve,Khanapur(Vita),799,Khambale Bhalvani,0.48,8.39,0.80,0.92,200.70,22.96,224.0,10.75,0.94,1.18,0.92,23.90,0.78
5956,364,Sandip Ashok Surve,Khanapur(Vita),800,Khambale Bhalvani,0.45,8.67,0.26,0.95,175.62,30.50,235.2,10.18,0.70,1.24,1.02,11.86,0.50
5957,365,Uttamrao Krishna Surve,Khanapur(Vita),802,Khambale Bhalvani,0.3,8.62,0.28,1.00,225.79,26.73,347.2,9.88,0.92,1.28,0.98,23.38,0.94
5958,366,Amrut Ganpati Surve,Khanapur(Vita),822,Khambale Bhalvani,0.2,8.47,0.65,0.66,188.16,14.74,190.4,12.28,1.70,1.07,0.90,16.20,1.20
5959,367,Jagannath Kisan Surve,Khanapur(Vita),825,Khambale Bhalvani,0.2,8.66,0.25,0.96,163.07,31.19,201.6,14.51,0.76,1.17,0.86,10.26,0.90
5960,368,Ratnabai Namdev Surve,Khanapur(Vita),827,Khambale Bhalvani,0.25,8.21,0.98,0.87,188.16,25.02,190.4,11.45,0.62,1.25,1.06,10.38,1.16
5961,369,Mansing Aananda Jadav,Khanapur(Vita),72,Jadhavnagar,0.5,8.31,0.22,0.56,213.25,17.38,246.4,6.94,6.66,0.75,1.24,1.78,1.80
5962,370,Adhik Aananda Jadav,Khanapur(Vita),72/?,Jadhavnagar,0.5,8.19,0.27,0.51,200.70,28.53,324.8,6.06,1.52,0.65,0.90,2.46,1.50
5963,371,Jayashri Aananda Jadav,Khanapur(Vita),72,Jadhavnagar,0.5,8.15,0.32,0.60,225.79,30.31,268.8,5.89,2.40,0.70,1.04,1.54,1.72
5964,372,Sharad Aananda Jadav,Khanapur(Vita),72,Jadhavnagar,0.5,8.13,0.33,0.57,225.79,32.99,403.2,12.65,2.50,0.69,1.04,1.90,1.72
5965,373,Shrikant Rangrav Jadav,Khanapur(Vita),33,Jadhavnagar,0.5,8.30,0.18,0.64,213.25,33.43,179.2,5.67,10.22,0.67,1.26,6.54,1.54
5966,374,Amit Mohan Jadav,Khanapur(Vita),28,Jadhavnagar,0.5,8.06,0.36,1.04,213.25,9.81,369.6,7.11,14.36,0.64,1.46,8.68,2.80
5967,375,Vishvajit Maruti Jadav,Khanapur(Vita),29,Jadhavnagar,0.9,7.84,0.65,0.90,175.62,24.07,436.8,11.17,2.02,0.64,1.52,7.86,1.26
5968,376,Tejas Hanumant Jadav,Khanapur(Vita),30,Jadhavnagar,0.9,8.32,0.24,0.67,200.70,10.25,224.0,8.29,1.18,0.64,1.32,4.30,1.42
5969,377,Shivam Manik Jadav,Khanapur(Vita),31,Jadhavnagar,0.5,7.72,0.49,0.63,163.07,12.48,190.4,6.46,2.10,0.72,1.58,4.52,1.12
5970,378,Shahaji Bhanudas Jadav,Khanapur(Vita),34,Jadhavnagar,0.4,8.37,0.18,0.63,175.62,21.40,156.8,5.10,8.24,0.75,1.16,4.30,1.36
5971,379,Hanmant Bhimrav Lad,Khanapur(Vita),70,Jadhavnagar,0.5,7.86,1.29,1.11,150.53,34.32,470.4,11.82,3.36,0.71,0.96,7.06,1.82
5972,380,Sharad Bhimrav Lad,Khanapur(Vita),70/?,Jadhavnagar,0.6,8.30,0.16,0.72,175.62,15.16,190.4,4.45,1.22,0.61,1.32,3.36,1.42
5973,381,Savita Hanmant Jadav,Khanapur(Vita),71,Jadhavnagar,0.5,8.16,0.25,0.53,213.25,12.93,112.0,6.50,0.58,0.68,1.10,2.52,1.14
5974,382,Balaso Shamrav Jadav,Khanapur(Vita),91,Jadhavnagar,0.5,8.08,0.29,0.60,175.62,18.28,168.0,6.85,0.70,0.69,1.16,1.60,1.04
5975,383,Omkar Sanjay Jadhav,Khanapur(Vita),45,Jadhavnagar,0.5,8.03,0.33,0.78,213.25,14.26,212.8,6.80,4.50,0.79,1.16,4.92,1.54
5976,384,Nandkumar Shivaji Jadav,Khanapur(Vita),48,Jadhavnagar,0.6,7.22,1.00,0.67,175.62,31.65,369.6,13.48,9.20,0.67,2.08,8.76,2.98
5977,385,Shrikant Shivaji Jadav,Khanapur(Vita),88,Jadhavnagar,0.4,8.02,0.26,0.65,163.07,20.06,145.6,5.93,10.40,0.72,1.60,5.06,1.58
5978,386,Kaka Tukaram Jadav,Khanapur(Vita),133,Jadhavnagar,0.5,8.09,0.55,0.82,137.98,16.05,280.0,6.15,0.22,0.64,0.96,3.12,1.18
5979,387,Sachin Nivrutti Jadav,Khanapur(Vita),133/?,Jadhavnagar,0.8,8.30,0.38,0.93,163.07,43.68,392.0,10.82,0.84,0.60,1.28,4.18,0.96
5980,388,Popat Kaka Jadav,Khanapur(Vita),50,Jadhavnagar,0.45,8.27,0.36,0.65,137.98,14.71,168.0,6.85,0.28,0.69,1.00,6.74,1.20
5981,389,Raj Kaka Jadav,Khanapur(Vita),55,Jadhavnagar,0.46,8.34,0.13,0.64,175.62,8.02,134.4,4.45,6.48,0.61,1.46,2.14,1.34
5982,390,Jaywant Bhagvan Jadav,Khanapur(Vita),51,Jadhavnagar,0.5,8.24,0.36,0.97,200.70,17.38,392.0,7.46,16.38,0.63,1.46,10.56,2.44
5983,391,Vilas Keshav Jadav,Khanapur(Vita),84,Jadhavnagar,0.5,8.16,0.17,0.46,137.98,20.50,112.0,12.96,1.30,0.61,1.42,2.46,0.92
5984,392,Mohan Shankar Jadav,Khanapur(Vita),139,Jadhavnagar,0.6,8.19,0.32,1.19,163.07,23.18,369.6,10.08,15.40,0.61,1.32,12.88,3.04
5985,393,Ashok Khandu Jadav,Khanapur(Vita),144,Jadhavnagar,0.6,8.18,0.43,0.94,150.53,26.30,425.6,12.34,16.06,0.67,1.66,13.50,2.60
5986,394,Vasant Dattu Jadav,Khanapur(Vita),118,Jadhavnagar,0.6,8.36,0.36,1.06,175.62,28.08,358.4,7.85,17.16,0.68,1.28,5.20,1.38
5987,395,Pratap Maruti Pawar,Khanapur(Vita),93,Jadhavnagar,0.4,8.24,0.36,0.92,137.98,20.50,459.2,7.28,16.26,0.84,1.68,13.38,2.24
5988,396,Vijay Maruti Jadav,Khanapur(Vita),93/?,Jadhavnagar,0.6,8.32,0.29,0.92,163.07,15.60,414.4,8.33,14.02,0.85,1.62,7.54,2.52
5989,397,Ramesh Khandu Jadav,Khanapur(Vita),25,Jadhavnagar,0.3,8.24,0.38,0.86,200.70,12.93,459.2,9.16,16.24,0.77,1.68,9.42,2.38
5990,398,Tanaji Tukaram Jadav,Khanapur(Vita),38,Jadhavnagar,0.3,8.26,0.34,0.75,175.62,16.94,313.6,10.95,15.66,0.77,1.72,7.76,2.26
5991,399,Samprav Sakharam Jadav,Khanapur(Vita),123/a,Jadhavnagar,0.65,8.34,0.28,0.53,200.70,20.95,448.0,11.69,14.70,0.78,1.56,8.62,3.74
5992,400,Vishnu Aananda Jadav,Khanapur(Vita),151,Jadhavnagar,0.6,8.24,0.37,0.76,163.07,13.82,526.4,10.34,16.02,0.82,1.68,9.76,2.60
5993,401,Shivaji Sambhaji Sutar,Khanapur(Vita),301,Jadhavnagar,0.4,7.92,0.39,0.99,150.53,29.87,459.2,9.86,15.42,0.76,1.50,10.12,2.64
5994,402,Amol Baban Pawar,Khanapur(Vita),306,Jadhavnagar,0.2,8.32,0.31,0.81,175.62,24.52,436.8,13.17,14.26,0.67,1.30,7.72,3.14
5995,403,Aanadrao Namdev Jadav,Khanapur(Vita),101,Jadhavnagar,0.4,8.27,0.36,0.71,213.25,18.72,470.4,13.74,15.72,0.83,1.56,10.12,2.88
5996,404,Kiran Aananda Jadav,Khanapur(Vita),5,Jadhavnagar,0.4,8.26,0.37,1.04,163.07,14.71,425.6,11.86,15.94,0.86,1.80,14.88,2.32
5997,405,Mansing Namdev Jadav,Khanapur(Vita),123,Jadhavnagar,0.4,8.30,0.39,0.92,175.62,17.83,392.0,7.15,14.28,0.79,1.58,9.64,2.74
5998,406,Rahul Shivaji Pawar,Khanapur(Vita),92,Jadhavnagar,0.4,8.27,0.40,0.75,137.98,23.63,448.0,12.13,16.12,0.77,1.42,11.52,2.94
5999,407,Sushila Shankar Mokashi,Khanapur(Vita),132,Jadhavnagar,0.4,8.28,0.43,0.90,163.07,27.64,313.6,5.85,15.86,0.89,1.44,7.24,2.26
6000,408,Satyajit Manik Jadav,Khanapur(Vita),108,Jadhavnagar,0.3,8.29,0.39,0.74,188.16,24.52,190.4,8.68,16.50,0.85,1.06,9.84,3.06
6001,409,Rangutai Tanaji More,Khanapur(Vita),42,Jadhavnagar,0.4,8.24,0.18,0.49,163.07,19.61,224.0,10.03,17.12,0.75,1.54,8.26,2.00
6002,410,Lata Balaso Jadav,Khanapur(Vita),41,Jadhavnagar,0.4,8.26,0.19,0.44,150.53,21.84,179.2,10.82,15.62,0.92,1.58,7.00,2.52
6003,411,Laxman Tukaram Jadav,Khanapur(Vita),54,Jadhavnagar,0.4,8.25,0.17,0.46,188.16,24.96,369.6,7.63,14.34,0.84,1.42,4.40,1.90
6004,412,Suman Aananda Yadav,Khanapur(Vita),125,Jadhavnagar,0.4,8.23,0.18,0.46,225.79,13.37,268.8,6.63,15.46,0.74,1.50,5.18,2.36
6005,413,Vaishali Aanadrao Disale,Khanapur(Vita),44,Jadhavnagar,0.6,8.20,0.17,0.44,163.07,12.48,459.2,13.65,15.48,0.83,1.68,5.72,1.96
6006,414,Malan Bhimrav Lamane,Khanapur(Vita),69,Jadhavnagar,0.4,7.88,0.29,0.33,137.98,16.49,515.2,14.48,16.82,0.73,1.52,11.64,2.20
6007,415,Sachin Hanmant Lad,Khanapur(Vita),68,Jadhavnagar,0.3,8.18,0.19,0.39,163.07,18.28,347.2,9.77,15.56,0.65,1.56,5.88,2.02
6008,416,Purthviraj Sanjay Chavan,Khanapur(Vita),136,Jadhavnagar,0.2,8.43,0.15,0.56,188.16,23.18,280.0,11.12,3.12,0.59,1.88,8.12,2.38
6009,417,Sanjay Bhanudas Chavan,Khanapur(Vita),154,Jadhavnagar,0.2,7.49,1.83,0.26,188.16,26.75,324.8,10.43,16.50,0.72,1.76,7.88,2.84
6010,418,Shivaji Vasant Shinde,Khanapur(Vita),12,Jadhavnagar,0.2,8.14,0.18,0.53,150.53,24.07,291.2,5.19,16.90,0.88,1.04,2.54,1.08
6011,419,Housherav Bhanudas Chavan,Khanapur(Vita),154/1,Jadhavnagar,0.2,8.17,0.42,0.72,188.16,21.84,414.4,9.42,1.70,0.90,0.84,1.06,1.04
6012,420,Sairaj Hoserav Chavhan,Khanapur(Vita),154/2,Jadhavnagar,0.2,8.30,0.20,0.88,163.07,28.97,246.4,10.77,0.92,0.93,1.32,5.44,2.62
6013,421,Devata Sanjay Chavan,Khanapur(Vita),136/1,Jadhavnagar,0.2,7.82,1.48,1.17,175.62,26.30,593.6,8.20,16.40,0.81,1.70,5.98,2.44
6014,422,Sunil Nivrutti Jadav,Khanapur(Vita),191,Jadhavnagar,0.4,7.99,0.23,0.56,150.53,20.50,336.0,7.11,16.58,0.77,1.62,9.14,2.82
6015,423,Kusum Nivrutti Jadav,Khanapur(Vita),192,Jadhavnagar,0.4,8.23,0.16,0.50,188.16,14.26,313.6,6.15,18.06,0.68,4.54,13.84,2.14
6016,424,Rahul Vasant Jadav,Khanapur(Vita),193,Jadhavnagar,0.4,8.24,0.15,0.24,175.62,27.64,347.2,11.30,1.22,0.65,1.24,5.32,0.74
6017,425,Swati Sachin Jadav,Khanapur(Vita),194,Jadhavnagar,0.4,7.98,0.23,0.26,137.98,25.41,392.0,8.81,1.32,0.70,1.00,5.48,0.76
6018,426,Chandrakant Hindurav Patil.,Khanapur(Vita),195,Jadhavnagar,0.4,8.09,0.18,0.25,163.07,16.05,369.6,10.77,5.98,0.76,0.90,7.10,1.12
6019,427,Suraj Baban Jadav,Khanapur(Vita),196,Jadhavnagar,0.4,8.43,0.17,0.38,175.62,14.26,201.6,8.46,1.44,0.75,1.76,6.76,2.84
6020,428,Pravin Hindurav Patil,Khanapur(Vita),197,Jadhavnagar,0.4,8.01,0.20,0.44,163.07,26.30,324.8,8.11,16.54,0.70,2.10,12.56,2.76
6021,429,Rajaram Popat Pawar,Khanapur(Vita),307,Jadhavnagar,0.4,7.26,0.10,0.21,188.16,19.17,212.8,7.28,16.10,0.81,1.84,4.64,2.44
6022,430,Baban Pandurang Jadav,Khanapur(Vita),199,Jadhavnagar,0.4,8.33,0.24,0.32,150.53,16.05,156.8,6.28,14.88,0.87,1.92,6.00,2.52
6023,431,Madhukar Pandurang Jadav,Khanapur(Vita),201,Jadhavnagar,0.4,8.15,0.75,0.14,150.53,20.06,291.2,10.60,15.70,0.92,1.66,11.42,2.92
6024,432,Somnath Madhukar Jadav,Khanapur(Vita),202,Jadhavnagar,0.4,7.82,0.18,0.31,188.16,13.82,436.8,13.39,17.06,0.83,1.90,7.68,2.70
6025,433,Aakash Shankar Jadav,Khanapur(Vita),203,Jadhavnagar,0.4,8.17,0.18,0.18,153.04,23.18,336.0,9.73,16.76,0.88,1.54,7.90,1.34
6026,434,Sharad Shankar Kadam,Khanapur(Vita),204,Jadhavnagar,0.4,8.11,0.18,0.39,163.07,27.19,392.0,10.99,0.78,0.78,1.92,8.64,3.04
6027,435,Sanjivani Sukhadev Patil,Khanapur(Vita),205,Jadhavnagar,0.4,8.09,0.19,0.53,137.98,15.60,336.0,11.43,0.38,0.85,1.00,14.60,3.28
6028,436,Vijay Balaso Lad,Khanapur(Vita),106,Jadhavnagar,0.3,8.11,0.38,0.38,163.07,19.61,246.4,12.65,2.20,0.66,1.90,5.54,2.84
6029,437,Ajay Balaso Lad,Khanapur(Vita),107?,Jadhavnagar,0.6,8.29,0.22,0.29,188.16,25.85,257.6,13.87,15.56,0.61,1.52,10.96,3.62
6030,438,Pandurang Tukarakam Jadav,Khanapur(Vita),160,Jadhavnagar,0.4,8.10,0.13,0.43,213.25,27.64,313.6,8.24,5.20,0.63,1.62,5.78,3.00
6031,439,Pradip Pandurang Jadav,Khanapur(Vita),160/?,Jadhavnagar,0.6,8.14,0.19,0.35,163.07,12.48,280.0,6.24,0.34,0.68,2.20,20.42,2.18
6032,440,Pramod Pandurang Jadav,Khanapur(Vita),160/?,Jadhavnagar,0.4,8.15,0.17,0.31,188.16,20.50,235.2,9.33,4.40,0.72,1.94,3.62,1.34
6033,441,Vandana madhukar Jadav,Khanapur(Vita),52,Jadhavnagar,0.4,8.36,0.28,0.29,225.79,28.97,257.6,11.47,14.32,0.77,1.46,3.62,3.30
6034,442,Sujay Dinkar Jadav,Khanapur(Vita),73,Jadhavnagar,0.4,8.07,0.35,0.28,188.16,14.26,212.8,9.99,1.18,0.97,1.38,4.30,1.40
6035,443,Vishwas Dinkar Jadav,Khanapur(Vita),73/?,Jadhavnagar,0.4,8.02,0.53,0.15,213.25,20.95,336.0,13.13,2.70,0.89,1.32,4.76,1.48
6036,444,Mangal Dinkar Jadav,Khanapur(Vita),73/?,Jadhavnagar,0.4,8.12,0.61,0.21,213.25,23.63,324.8,8.51,1.20,0.83,1.46,3.78,1.34
6037,445,Sunanda Balaso Lad,Khanapur(Vita),104,Jadhavnagar,0.4,8.32,0.39,0.22,163.07,24.52,291.2,10.29,4.16,1.03,1.28,2.34,1.68
6038,446,Balaso Pralhad Lad,Khanapur(Vita),105,Jadhavnagar,0.5,8.30,0.14,0.29,200.70,27.19,470.4,12.13,1.20,1.00,1.30,4.24,1.22
6039,447,Ganesh Jayvant Lad,Khanapur(Vita),62,Jadhavnagar,0.4,8.19,0.18,0.33,150.53,16.05,302.4,11.60,16.56,1.04,1.82,5.94,2.58
6040,448,Hirabai Laxman Jadav,Khanapur(Vita),134,Jadhavnagar,0.4,8.55,0.15,0.40,188.16,19.61,145.6,14.22,0.88,1.07,1.18,1.86,1.24
6041,449,Vikas Laxman Jadav,Khanapur(Vita),50,Jadhavnagar,0.4,8.33,0.23,0.44,225.79,27.64,246.4,6.28,0.40,0.80,1.46,2.62,2.56
6042,450,Sharad Vittal Yadav,Khanapur(Vita),205,Jadhavnagar,0.4,8.15,0.17,0.32,188.16,31.20,336.0,10.25,16.90,0.82,1.90,6.92,2.72
6043,451,Vittal Ramchandra Yadav,Khanapur(Vita),207,Jadhavnagar,0.4,8.14,0.17,0.26,150.53,26.30,291.2,11.34,16.24,0.74,2.10,6.68,2.16
6044,452,Kiran Vittal Yadav,Khanapur(Vita),208,Jadhavnagar,0.4,8.10,0.16,0.36,213.25,23.18,392.0,8.24,16.28,0.67,2.12,6.64,2.50
6045,453,Popat Laxman Yadav,Khanapur(Vita),209,Jadhavnagar,0.4,8.27,0.17,0.49,188.16,16.94,212.8,8.51,14.86,0.70,2.06,5.66,2.64
6046,454,Popat Ramchandra Shewale,Khanapur(Vita),210,Jadhavnagar,0.4,8.20,0.18,0.25,137.98,20.06,380.8,9.33,15.90,0.81,2.06,6.82,2.48
6047,455,Anil Govand Jadav,Khanapur(Vita),302,Jadhavnagar,0.4,8.22,0.19,0.19,163.07,30.76,448.0,10.34,15.14,0.98,1.90,4.18,2.34
6048,456,Aiit Vijay Jadav,Khanapur(Vita),303,Jadhavnagar,0.2,8.14,0.17,0.43,175.62,21.40,246.4,6.63,16.84,0.82,1.96,9.22,2.78
6049,457,Ganesh Shankar Pawar,Khanapur(Vita),304,Jadhavnagar,0.4,8.35,0.15,0.39,188.16,23.63,212.8,7.68,12.96,0.93,1.60,3.50,1.80
6050,458,Machindranath Raghunath Sutar,Khanapur(Vita),305,Jadhavnagar,0.2,8.26,0.35,0.47,188.16,15.60,179.2,9.77,15.00,0.89,2.08,9.20,2.56
6051,461,Abhijeet Laxman Jadhav,Khanapur(Vita),409,Bhadakewadi,0.73,8.48,0.13,0.89,163.07,21.84,313.60,14.35,0.60,0.67,1.80,8.92,4.00
6052,462,Adhik Dattaji Jadhv,Khanapur(Vita),54,Bhadakewadi,1.00,8.44,0.14,0.88,137.98,13.82,257.60,9.81,0.58,0.61,1.60,5.36,3.54
6053,463,Ajit Shivaji Dalavi,Khanapur(Vita),625,Bhadakewadi,0.66,8.55,0.12,0.89,175.62,9.36,168.00,10.95,0.68,0.64,1.32,10.54,3.10
6054,464,Akkatai Rajaram Khandare,Khanapur(Vita),105,Bhadakewadi,0.66,8.56,0.15,0.93,150.53,7.13,190.40,11.65,0.66,0.63,1.34,11.40,3.24
6055,465,Anada Jaysing Shinde,Khanapur(Vita),557,Bhadakewadi,1.27,8.46,0.17,0.83,188.16,11.14,201.60,11.34,0.76,0.67,1.40,10.66,3.78
6056,466,Aniket Laxman Jadhav,Khanapur(Vita),409,Bhadakewadi,0.73,8.52,0.15,1.08,137.98,14.71,168.00,14.18,0.60,0.70,1.38,9.24,3.46
6057,467,Anil Laxman Kadam,Khanapur(Vita),240,Bhadakewadi,0.55,8.54,0.15,1.01,163.07,9.81,212.80,9.73,0.54,0.67,1.48,5.74,3.22
6058,468,Anusaya Appaso Jadhav,Khanapur(Vita),507,Bhadakewadi,0.90,8.49,0.15,0.79,200.70,10.70,179.20,9.20,0.50,0.67,1.18,10.20,2.26
6059,469,Appaso Vasantrao Jadhav,Khanapur(Vita),478,Bhadakewadi,0.40,8.53,0.15,0.76,175.62,6.24,145.60,9.51,0.58,0.66,1.28,7.78,3.74
6060,470,Ashok Bhagwan Jadhav,Khanapur(Vita),362,Bhadakewadi,0.31,8.48,0.13,0.90,137.98,6.69,246.40,12.21,0.58,0.65,1.30,8.80,3.14
6061,471,Baban Rajaram Jadhav,Khanapur(Vita),345,Bhadakewadi,0.50,8.50,0.14,0.71,175.62,8.92,268.80,12.61,0.54,0.66,1.56,5.34,2.74
6062,472,Bajrang Amruta Jadhav,Khanapur(Vita),408,Bhadakewadi,1.00,8.47,0.14,0.81,213.25,8.92,201.60,7.76,0.62,0.68,1.06,8.12,3.80
6063,473,Balaji Dattaso Jadhav,Khanapur(Vita),229,Bhadakewadi,0.40,8.51,0.14,0.75,188.16,15.60,224.00,15.44,0.46,0.68,1.24,9.62,3.14
6064,474,Balaso Daji Kadam,Khanapur(Vita),307,Bhadakewadi,0.32,8.52,0.14,0.83,150.53,9.81,201.60,18.15,0.52,0.67,1.38,6.56,3.22
6065,475,Balaso Namdev Burle,Khanapur(Vita),10,Bhadakewadi,0.32,8.48,0.15,0.92,213.25,9.36,201.60,15.22,0.84,0.74,1.44,7.86,3.60
6066,476,Balu Dnyanu Jadhav,Khanapur(Vita),5,Bhadakewadi,0.40,8.31,0.16,0.78,175.62,12.48,179.20,13.26,1.02,0.70,1.16,7.88,2.92
6067,477,Bharat Gangaram Jadhav,Khanapur(Vita),148,Bhadakewadi,0.40,8.43,0.14,0.69,137.98,14.26,224.00,10.12,0.52,0.78,1.38,10.38,3.10
6068,478,Bhaskar Rajaram Khandare,Khanapur(Vita),105,Bhadakewadi,0.66,8.58,0.13,0.63,175.62,30.31,145.60,8.51,0.54,0.66,1.14,7.40,3.26
6069,479,Bhimrao Sattayapa Devkate,Khanapur(Vita),211,Bhadakewadi,0.40,8.54,0.13,1.00,150.53,8.47,168.00,8.55,0.52,0.63,1.38,9.74,2.94
6070,480,Bhiva Sarjerao Jadhav,Khanapur(Vita),143,Bhadakewadi,0.40,8.59,0.14,1.17,213.25,40.12,112.00,11.08,0.46,0.72,1.22,8.18,3.04
6071,481,Bhramhdev Kashinath Jadhav,Khanapur(Vita),184,Bhadakewadi,0.40,8.56,0.15,0.94,175.62,10.25,168.00,8.81,0.48,0.58,1.18,8.94,3.54
6072,482,Chabutai Sudam Jadhav,Khanapur(Vita),534,Bhadakewadi,0.30,8.60,0.15,1.03,137.98,19.17,156.80,8.59,0.80,0.67,1.24,10.76,3.94
6073,483,Dagadu Maripan Burle,Khanapur(Vita),336,Bhadakewadi,0.60,8.54,0.15,0.74,175.62,8.92,134.40,9.07,0.64,0.58,1.20,13.56,3.80
6074,484,Dattaji Shamrao Jadhav,Khanapur(Vita),360,Bhadakewadi,0.40,8.55,0.15,0.93,150.53,20.50,224.00,8.33,0.66,0.60,1.30,11.84,3.46
6075,485,Dattatray Hariram Jagtap,Khanapur(Vita),17,Bhadakewadi,1.92,8.55,0.15,0.89,200.70,18.72,246.40,11.56,0.66,0.72,1.20,11.46,3.48
6076,486,Dhiraj Balaji Jadhav,Khanapur(Vita),327,Bhadakewadi,0.40,8.51,0.18,1.01,163.07,14.71,235.20,11.86,0.76,0.65,1.22,6.66,3.32
6077,487,Dhondiram Subrao Jadhav,Khanapur(Vita),359,Bhadakewadi,0.40,8.53,0.15,0.57,188.16,20.95,201.60,12.34,1.00,0.82,1.18,4.80,2.64
6078,488,Dhondiram Vithoba Jadhav,Khanapur(Vita),207,Bhadakewadi,0.32,8.57,0.14,0.31,163.07,22.73,212.80,8.46,0.72,0.94,1.02,9.48,3.36
6079,489,Eknath Pandurang Jadhav,Khanapur(Vita),542,Bhadakewadi,0.90,8.70,0.12,0.58,137.98,9.81,89.60,11.52,0.40,0.80,1.32,9.30,3.40
6080,490,Ganesh Anand Jadhv,Khanapur(Vita),360,Bhadakewadi,1.30,8.61,0.12,0.71,175.62,11.59,224.00,13.61,0.82,0.87,1.32,5.22,1.76
6081,491,Girijabai Babaso Pawar,Khanapur(Vita),315,Bhadakewadi,0.40,8.73,0.15,0.35,150.53,8.47,145.60,14.96,0.44,0.80,0.98,7.06,2.88
6082,492,Jagannth Narasu Jadhav,Khanapur(Vita),174,Bhadakewadi,0.50,8.72,0.15,0.54,137.98,20.95,235.20,6.63,0.48,0.93,1.06,8.58,2.92
6083,493,Laxman Daji Kadam,Khanapur(Vita),67,Bhadakewadi,0.40,8.77,0.15,0.42,188.16,14.26,212.80,7.76,1.00,1.07,0.40,7.38,2.30
6084,494,Laxman Maruti Jadhav,Khanapur(Vita),720,Bhadakewadi,0.50,8.46,0.15,0.53,175.62,19.61,235.20,8.55,0.68,0.55,1.02,7.36,3.58
6085,495,Laxmi Dyandev Jadhav,Khanapur(Vita),478,Bhadakewadi,0.87,8.58,0.13,0.43,150.53,20.06,179.20,7.94,0.76,1.16,1.34,10.00,3.40
6086,496,Laxmi Shivaji Jadhav,Khanapur(Vita),457,Bhadakewadi,0.80,8.57,0.15,0.51,175.62,13.82,168.00,10.25,0.60,1.32,1.12,8.46,3.58
6087,497,Madhukar Mahadev Jadhav,Khanapur(Vita),304,Bhadakewadi,0.67,8.54,0.15,0.47,150.53,16.49,224.00,11.60,0.90,0.93,1.12,9.30,3.26
6088,498,Madhukar Prabhu Kadam,Khanapur(Vita),53,Bhadakewadi,0.35,8.69,0.12,0.39,163.07,24.96,156.80,12.96,0.64,0.97,1.14,9.94,3.34
6089,499,Mahesh Bhimrao Jadhav,Khanapur(Vita),536,Bhadakewadi,0.40,8.63,0.16,0.56,200.70,28.53,235.20,8.29,1.10,0.92,1.08,8.62,2.64
6090,500,Mahindra Parashram Kadam,Khanapur(Vita),409,Bhadakewadi,0.20,8.66,0.15,0.39,163.07,22.73,212.80,7.50,0.64,0.99,1.26,9.40,2.98
6091,501,Malan Vishnu Jadhav,Khanapur(Vita),478,Bhadakewadi,0.40,8.53,0.17,0.35,137.98,15.60,168.00,10.43,0.66,1.08,1.36,8.80,2.88
6092,502,Mandakini Shivaji Dalavi,Khanapur(Vita),625,Bhadakewadi,0.66,8.54,0.14,0.63,175.62,12.48,190.40,7.76,0.56,1.03,1.10,5.40,2.52
6093,503,Mangal Maruti Kadam,Khanapur(Vita),211,Bhadakewadi,0.20,8.60,0.16,0.57,150.53,15.60,179.20,11.43,0.50,0.86,1.38,7.12,2.72
6094,504,Mansing Vithoba Jadhav,Khanapur(Vita),43,Bhadakewadi,0.89,8.54,0.16,0.35,200.70,9.36,190.40,10.73,1.74,0.92,0.58,8.04,2.82
6095,505,Maruti Prabhu Jadhav,Khanapur(Vita),18,Bhadakewadi,1.57,8.55,0.16,0.24,163.07,16.49,168.00,13.70,0.76,0.72,1.44,9.80,3.12
6096,506,Motiram Rajaram Khandare,Khanapur(Vita),105,Bhadakewadi,0.66,8.48,0.14,0.25,137.98,10.70,190.40,15.14,0.78,0.85,1.54,5.74,3.52
6097,507,Namdev Krushna Jadhav,Khanapur(Vita),78,Bhadakewadi,1.30,8.52,0.15,0.36,175.62,21.84,168.00,15.88,0.48,1.30,1.22,4.76,3.48
6098,508,Netaji Sanpat Shinde,Khanapur(Vita),383,Bhadakewadi,0.34,8.50,0.14,0.58,150.53,28.08,302.40,9.33,0.52,1.19,1.10,6.34,1.42
6099,509,Nikhil Uday Kumar Jadhav,Khanapur(Vita),22,Bhadakewadi,1.52,8.51,0.14,0.39,200.70,25.41,268.80,10.43,0.32,0.94,1.54,12.20,3.84
6100,510,Nitin Chandrakant Jadhav,Khanapur(Vita),544,Bhadakewadi,1.00,8.47,0.15,0.57,163.07,31.65,190.40,10.95,0.30,1.39,1.64,5.28,3.60
6101,511,Pandurang Krushna Jadhav,Khanapur(Vita),557,Bhadakewadi,0.55,8.48,0.15,0.47,137.98,11.59,246.40,12.39,0.62,1.18,1.58,6.10,3.88
6102,512,Popat Dyanu Kadam,Khanapur(Vita),26,Bhadakewadi,0.33,8.63,0.11,0.25,175.62,7.58,268.80,13.83,0.60,0.95,1.60,7.50,4.64
6103,513,Prakash Kundalik Jadhv,Khanapur(Vita),409,Bhadakewadi,0.62,8.59,0.16,0.51,213.25,8.47,257.60,14.48,0.58,0.82,1.58,5.80,3.50
6104,514,Prakash Raghunath Jadhav,Khanapur(Vita),246,Bhadakewadi,0.20,8.53,0.15,0.61,175.62,16.94,145.60,16.05,0.82,1.21,1.48,6.88,4.52
6105,515,Pushpa Vilas Burle,Khanapur(Vita),166,Bhadakewadi,0.26,8.44,0.16,0.36,150.53,14.26,224.00,13.35,0.70,3.63,1.44,5.90,3.96
6106,516,Rajjaka Sambhaji Kadam,Khanapur(Vita),318,Bhadakewadi,0.50,8.59,0.17,0.43,213.25,20.50,280.00,10.51,0.70,0.93,1.48,9.70,4.74
6107,517,Ratnabai  Sanpat Jadhav,Khanapur(Vita),538,Bhadakewadi,0.40,8.59,0.18,0.40,150.53,25.85,212.80,12.04,0.58,0.84,1.26,12.26,3.22
6108,518,Rohit Balaso Kadam,Khanapur(Vita),240,Bhadakewadi,0.55,8.52,0.17,0.42,213.25,27.64,235.20,8.55,0.72,0.99,1.48,8.36,3.54
6109,519,Sadanand Shivaji Jadhav,Khanapur(Vita),520,Bhadakewadi,0.60,8.54,0.18,0.42,175.62,23.63,134.40,7.20,0.80,1.06,1.46,11.40,4.80
6110,520,Sakhubai Tatoba Kadam,Khanapur(Vita),345,Bhadakewadi,0.45,8.59,0.16,0.53,150.53,15.60,168.00,8.16,0.66,0.97,1.52,6.86,3.84
6111,521,Sambhaji Narayn Dusharekar,Khanapur(Vita),404,Bhadakewadi,0.40,8.58,0.16,0.61,188.16,17.38,112.00,10.25,0.66,1.34,1.60,7.58,3.68
6112,522,Sangita Shrirang Jadhav,Khanapur(Vita),510,Bhadakewadi,0.30,8.51,0.12,1.18,213.25,22.29,212.80,12.74,0.92,1.06,1.52,7.74,4.28
6113,523,Sanjay Natha Shedge,Khanapur(Vita),141,Bhadakewadi,0.90,8.52,0.13,0.40,175.62,12.93,268.80,12.08,0.80,0.75,1.34,7.04,4.82
6114,524,Sanmatrao Dattu Jadhv,Khanapur(Vita),88,Bhadakewadi,0.39,8.57,0.14,0.26,137.98,8.92,156.80,10.60,0.52,0.71,1.66,9.34,4.46
6115,525,Saubai Amruta Jadhav,Khanapur(Vita),454,Bhadakewadi,1.00,8.54,0.15,0.33,163.07,15.16,201.60,15.44,0.70,0.68,1.62,3.90,3.50
6116,526,Sayaji Patangrao Shedge,Khanapur(Vita),177,Bhadakewadi,0.40,8.52,0.14,0.14,175.62,20.95,156.80,8.64,0.64,0.74,1.44,10.74,4.02
6117,527,Sayaji Tukaram Jadhav,Khanapur(Vita),357,Bhadakewadi,0.40,8.54,0.12,0.31,225.79,23.18,212.80,7.81,0.78,0.69,1.22,7.58,3.66
6118,528,Shahabai Parashram Jadhav,Khanapur(Vita),409,Bhadakewadi,0.20,8.60,0.15,0.29,137.98,32.54,179.20,11.43,0.78,0.77,1.46,10.80,4.38
6119,529,Shankar Chandru Jadhav,Khanapur(Vita),146,Bhadakewadi,1.00,8.61,0.18,0.38,163.07,29.87,190.40,10.16,0.66,0.92,1.36,11.96,4.32
6120,530,Shantabai Vithoba Kadam,Khanapur(Vita),475,Bhadakewadi,0.30,8.54,0.14,0.40,137.98,16.05,257.60,13.26,0.68,0.84,1.56,10.24,4.66
6121,531,Sharad Dnyandev Jadhav,Khanapur(Vita),598,Bhadakewadi,0.87,8.50,0.11,0.44,150.53,18.72,235.20,11.12,0.66,0.67,1.58,9.70,4.08
6122,532,Shivaji Shankar Dusharrekar,Khanapur(Vita),435,Bhadakewadi,0.40,8.48,0.15,0.28,188.16,16.49,268.80,10.03,0.76,0.75,1.32,5.52,3.84
6123,533,Sindhu Dattatray Jadhav,Khanapur(Vita),534,Bhadakewadi,0.40,8.53,0.14,0.50,163.07,17.83,235.20,11.38,0.72,1.07,1.18,8.28,3.70
6124,534,Sukhdev Sudam Jadhav,Khanapur(Vita),544,Bhadakewadi,0.80,8.68,0.15,0.19,150.53,23.63,224.00,10.60,0.32,1.27,1.58,6.00,3.82
6125,535,Sunita Chandrakant Jadhav,Khanapur(Vita),544,Bhadakewadi,0.40,8.51,0.16,0.36,188.16,9.81,246.40,8.03,0.58,0.95,1.34,5.06,2.12
6126,536,Swapnil Shantaram Jadhav,Khanapur(Vita),130,Bhadakewadi,1.40,8.52,0.15,0.38,150.53,15.16,201.60,8.51,0.90,1.33,1.46,8.26,2.66
6127,537,Tushar Chandrakant Khandare,Khanapur(Vita),105,Bhadakewadi,0.66,8.58,0.16,0.39,137.98,21.40,179.20,9.73,0.80,0.83,1.36,8.90,3.92
6128,538,Uttam Dasharath Jadhav,Khanapur(Vita),98,Bhadakewadi,0.32,8.53,0.17,0.33,200.70,9.81,280.00,10.95,1.24,0.79,1.28,10.34,4.48
6129,539,Vijay Mahadev Jadhav,Khanapur(Vita),223,Bhadakewadi,0.40,8.55,0.15,0.43,163.07,15.60,201.60,11.86,0.76,1.11,1.38,10.08,6.12
6130,540,Vijaya Namdev Jadhav,Khanapur(Vita),545,Bhadakewadi,0.30,8.49,0.18,0.47,137.98,26.30,224.00,10.60,0.90,0.99,1.58,6.32,3.90
6131,541,Vikas Mahadev Jadhav,Khanapur(Vita),223,Bhadakewadi,0.40,8.47,0.14,0.26,200.70,19.17,156.80,11.17,0.68,0.72,1.38,9.48,3.88
6132,542,Vilas Narayn Dusharekar,Khanapur(Vita),404,Bhadakewadi,0.40,8.48,0.17,0.38,150.53,12.48,291.20,12.52,0.46,0.81,1.38,8.24,3.78
6133,543,Yashwant Akaram Ghorpade,Khanapur(Vita),428,Bhadakewadi,0.36,8.47,0.12,0.33,188.16,18.72,168.00,12.74,0.66,0.91,1.50,7.66,3.68
6134,553,Sitabai Mahadev Bansode,Khanapur(Vita),180,Dhondgewadi,0.4,8.49,0.16,0.93,137.98,6.69,134.4,8.29,1.92,0.61,0.64,2.54,3.34
6135,554,Sitaram Vasudev Joshi,Khanapur(Vita),150,Dhondgewadi,0.97,8.44,0.29,1.06,125.44,14.26,291.2,6.72,0.82,0.62,0.54,2.88,2.64
6136,555,Anusuya Sitaram Suryavanshi,Khanapur(Vita),109,Dhondgewadi,0.5,8.47,0.24,1.00,150.53,4.46,280.0,5.45,0.54,0.56,0.60,1.56,2.10
6137,556,Rajubai Tukaram Pawar,Khanapur(Vita),155,Dhondgewadi,0.5,8.63,0.28,1.03,112.90,4.90,212.8,9.12,0.62,0.60,0.58,2.28,3.16
6138,557,Vimal Bhimrao Chavan,Khanapur(Vita),223,Dhondgewadi,0.6,8.48,0.26,1.14,150.53,4.46,190.4,16.14,0.62,0.58,0.56,1.72,2.72
6139,558,Shivaji Sitaram Suryavanshi,Khanapur(Vita),227,Dhondgewadi,0.6,8.45,0.26,0.94,163.07,5.35,224.0,14.66,0.58,1.10,0.58,2.04,2.60
6140,559,Janardan Sindhu Dhondge,Khanapur(Vita),278,Dhondgewadi,0.5,8.53,0.27,1.04,137.98,15.16,257.6,6.46,0.52,0.59,0.56,2.16,2.30
6141,560,Arvind Sukhdev Suryavanshi,Khanapur(Vita),60,Dhondgewadi,0.4,8.48,0.29,0.97,125.44,11.14,201.6,6.06,0.58,1.08,0.62,2.80,3.10
6142,561,Kausalya Sukhdev Suryavanshi,Khanapur(Vita),141,Dhondgewadi,0.4,8.50,0.29,1.10,163.07,9.81,235.2,5.28,0.64,0.74,0.56,2.16,3.06
6143,562,Dwarkabai Sukhdev Suryavanshi,Khanapur(Vita),153,Dhondgewadi,0.4,8.52,0.29,1.28,150.53,4.46,224.0,7.37,0.66,0.57,0.64,2.56,2.86
6144,563,Balutai Suresh Sawant,Khanapur(Vita),189,Dhondgewadi,0.4,8.36,0.26,1.14,175.62,8.47,268.8,8.11,0.58,0.54,0.66,2.46,2.80
6145,564,Sarjerao Sukhdev Suryavanshi,Khanapur(Vita),146,Dhondgewadi,0.4,8.29,0.18,0.92,137.98,9.36,268.8,12.56,0.70,0.56,1.06,5.64,2.60
6146,565,Saurabh Sukhdev Suryavanshi,Khanapur(Vita),145,Dhondgewadi,0.4,8.62,0.23,0.99,150.53,9.81,257.6,8.81,0.56,1.10,0.60,1.84,2.20
6147,566,Subhash Baburao Jadhav,Khanapur(Vita),171,Dhondgewadi,0.4,8.56,0.27,1.03,125.44,9.81,246.4,6.76,2.58,0.83,0.70,2.16,2.36
6148,567,Sudam Laxman Suryavanshi,Khanapur(Vita),107,Dhondgewadi,0.5,8.64,0.26,1.22,100.35,14.26,179.2,13.61,0.46,0.92,0.66,1.92,2.56
6149,568,Indubai Appaso Pawar,Khanapur(Vita),144,Dhondgewadi,0.6,8.60,0.28,1.07,125.44,13.37,168.0,7.94,0.80,0.70,0.56,2.04,2.30
6150,569,Chandrakant Sopan Suryavanshi,Khanapur(Vita),156,Dhondgewadi,0.7,8.58,0.23,1.04,137.98,8.92,212.8,8.24,0.60,0.65,0.64,2.48,2.82
6151,570,Shantabai Sopan Suryavanshi,Khanapur(Vita),221,Dhondgewadi,0.9,8.59,0.20,1.07,163.07,4.46,179.2,7.46,3.74,0.74,0.76,3.48,3.22
6152,571,Hanumant Sopan Suryavanshi,Khanapur(Vita),144,Dhondgewadi,0.5,8.55,0.22,1.31,125.44,6.69,224.0,8.90,4.94,1.11,0.82,3.36,2.82
6153,572,Haridas Nama Jadhav,Khanapur(Vita),233,Dhondgewadi,0.4,8.50,0.27,0.93,163.07,6.69,156.8,7.33,0.54,1.10,0.72,2.14,2.86
6154,573,Ravindra Raghunath Kadam,Khanapur(Vita),56,Dhondgewadi,1.98,8.49,0.26,1.08,150.53,5.35,179.2,5.54,0.48,0.54,0.66,1.68,2.78
6155,574,Rushikesh Raghunath Kadam,Khanapur(Vita),57,Dhondgewadi,0.44,8.47,0.28,0.86,112.90,8.02,156.8,7.46,0.46,1.08,0.72,2.00,2.74
6156,575,Ramesh Kumar Sarjerao Mulik,Khanapur(Vita),86,Dhondgewadi,0.4,8.39,0.33,1.17,137.98,9.81,235.2,10.29,0.80,0.81,0.66,2.92,2.10
6157,576,Shantabai Sarjerao Mulik,Khanapur(Vita),214,Dhondgewadi,0.4,8.49,0.26,0.99,163.07,12.04,235.2,9.68,2.96,1.08,0.84,2.40,2.90
6158,577,Malan Shankar Gawali,Khanapur(Vita),170,Dhondgewadi,0.2,8.45,0.25,1.33,150.53,13.82,179.2,11.47,0.82,1.32,0.70,2.44,2.28
6159,578,Shahaji Tukaram Jagdale,Khanapur(Vita),140,Dhondgewadi,1,8.39,0.24,1.00,175.62,19.17,246.4,11.91,5.58,0.97,0.96,3.66,2.56
6160,579,Amit Raghunath Suryavanshi,Khanapur(Vita),10,Dhondgewadi,0.5,8.49,0.25,0.94,150.53,12.48,224.0,10.25,1.64,0.79,0.80,2.70,3.00
6161,580,Daji Namdev Jagdale,Khanapur(Vita),142,Dhondgewadi,0.4,8.47,0.28,0.89,137.98,9.36,246.4,12.13,0.58,1.01,0.72,2.28,2.76
6162,581,Manisha Raghunath Suryavanshi,Khanapur(Vita),207,Dhondgewadi,0.4,8.49,0.27,0.78,163.07,14.26,235.2,12.87,0.48,1.17,0.80,2.32,2.76
6163,582,Shital Raghunath Suryavanshi,Khanapur(Vita),234,Dhondgewadi,0.5,8.08,1.45,0.94,137.98,20.50,470.4,13.74,1.00,1.09,0.56,5.06,2.56
6164,583,Sudhir Raghunath Suryavanshi,Khanapur(Vita),28,Dhondgewadi,0.6,8.43,0.26,0.76,213.25,20.06,224.0,14.13,5.46,0.88,0.96,4.72,3.22
6165,584,Sangeeta Akshay Shinde,Khanapur(Vita),43,Dhondgewadi,0.7,8.52,0.29,1.01,175.62,18.28,212.8,13.43,0.46,0.95,0.82,2.10,2.52
6166,585,Muktabai Dhondiram Thorat,Khanapur(Vita),142,Dhondgewadi,0.4,8.49,0.31,0.94,188.16,14.71,235.2,7.50,0.50,1.17,1.06,2.70,2.90
6167,586,Ramchandra Tatoba Hake,Khanapur(Vita),69,Dhondgewadi,0.6,8.48,0.30,0.72,163.07,16.49,268.8,11.47,0.48,1.08,0.96,1.72,2.12
6168,587,Ankush Ganpati Suryavanshi,Khanapur(Vita),173,Dhondgewadi,0.7,8.48,0.29,0.83,137.98,17.38,168.0,14.87,0.50,1.05,1.10,2.66,2.98
6169,588,Nanda Adhikrao Shewale,Khanapur(Vita),48,Dhondgewadi,0.8,8.47,0.29,0.86,163.07,23.18,212.8,14.31,0.68,0.68,1.08,2.34,3.08
6170,589,Vijay Ganpati Suryavanshi,Khanapur(Vita),58,Dhondgewadi,0.5,8.47,0.25,0.88,137.98,16.05,201.6,8.24,0.50,0.84,1.02,2.34,2.80
6171,590,Sandeep Ganpati Suryavanshi,Khanapur(Vita),42,Dhondgewadi,0.6,8.40,0.25,1.01,150.53,18.28,257.6,10.73,2.88,1.07,1.10,3.24,3.04
6172,591,Bhimrao Dadu Gujle,Khanapur(Vita),131,Dhondgewadi,0.8,8.45,0.27,1.08,163.07,12.93,324.8,15.88,0.60,0.94,0.90,2.16,2.54
6173,592,Dnyandev Govind Jadhav,Khanapur(Vita),154,Dhondgewadi,0.4,8.43,0.29,1.10,125.44,16.05,246.4,9.73,0.58,0.88,0.88,2.66,3.10
6174,593,Ananda Pandu Jadhav,Khanapur(Vita),150,Dhondgewadi,0.6,8.47,0.30,0.93,175.62,10.25,268.8,12.52,0.58,1.06,0.94,2.78,3.10
6175,594,Kanta Gangaram Gujle,Khanapur(Vita),131,Dhondgewadi,0.5,8.45,0.27,1.07,150.53,7.58,224.0,14.92,0.54,1.05,0.92,2.04,2.76
6176,595,Nanda Vilas Mandale,Khanapur(Vita),93,Dhondgewadi,0.5,8.45,0.28,0.74,125.44,8.02,246.4,7.59,0.86,0.97,0.96,2.88,2.80
6177,596,Shankar Pandu Jadhav,Khanapur(Vita),154,Dhondgewadi,0.6,8.38,0.30,0.76,175.62,12.04,224.0,8.55,5.40,0.74,1.08,4.00,2.82
6178,597,Ramesh Gangaram Gujle,Khanapur(Vita),92,Dhondgewadi,0.92,8.51,0.26,0.71,163.07,16.94,246.4,6.85,0.36,0.89,0.96,2.40,2.76
6179,598,Ranjana Kalpana Jadhav,Khanapur(Vita),226,Dhondgewadi,0.6,8.34,0.58,0.69,175.62,20.95,224.0,9.25,0.82,1.23,0.88,2.94,2.08
6180,599,Mahesh Namdev Suryavanshi,Khanapur(Vita),190,Dhondgewadi,0.5,8.43,0.23,0.79,150.53,15.16,179.2,13.17,5.58,0.92,1.20,3.02,2.84
6181,600,Sudarshan Vishnu Kirdat,Khanapur(Vita),68,Dhondgewadi,0.6,8.54,0.25,1.36,175.62,22.73,235.2,15.22,0.58,1.13,1.82,4.14,3.30
6182,601,Digambar Prakash Kirdat,Khanapur(Vita),190,Dhondgewadi,0.5,8.46,0.34,0.65,137.98,19.61,190.4,11.65,0.56,0.90,1.44,3.38,2.60
6183,602,Sayaji Dhondiram Suryavanshi,Khanapur(Vita),79,Dhondgewadi,1,8.57,0.21,0.78,163.07,8.92,212.8,10.51,0.56,1.32,1.62,8.94,2.72
6184,603,Dashrath Rajaram Suryavanshi,Khanapur(Vita),218,Dhondgewadi,0.4,8.55,0.27,0.94,137.98,20.06,201.6,8.38,0.80,0.92,1.28,4.44,4.04
6185,604,Dadaso Kundlik Suryavanshi,Khanapur(Vita),95,Dhondgewadi,0.6,8.60,0.10,1.10,175.62,23.63,156.8,9.16,0.42,0.82,1.48,3.12,2.44
6186,605,Mahesh Namdev Suryavanshi,Khanapur(Vita),190,Dhondgewadi,0.5,8.51,0.27,0.69,112.90,27.64,246.4,12.34,0.52,0.76,1.52,3.76,3.12
6187,606,Chandrabai Narayan Bele,Khanapur(Vita),38,Dhondgewadi,0.4,8.54,0.30,0.79,150.53,25.41,224.0,12.91,0.42,1.05,1.74,3.40,2.24
6188,607,Chhaya Ramchandra Toran,Khanapur(Vita),40,Dhondgewadi,0.4,8.46,0.34,0.75,175.62,17.38,190.4,13.48,0.34,0.89,1.64,2.58,2.02
6189,608,Madhukar Narayan Bele,Khanapur(Vita),89,Dhondgewadi,0.4,8.52,0.11,0.68,150.53,8.02,280.0,12.39,0.38,0.67,1.62,2.50,2.18
6190,609,Vitthal Narayan Bele,Khanapur(Vita),173,Dhondgewadi,0.4,8.67,0.13,0.78,137.98,7.13,347.2,11.47,0.34,0.76,1.50,2.96,2.06
6191,610,Ashok Tukaram Kadam,Khanapur(Vita),59,Dhondgewadi,0.4,8.56,0.24,0.76,163.07,10.70,392.0,14.96,0.50,0.57,1.68,2.82,2.54
6192,611,Akkabai Shivaji Kirtan,Khanapur(Vita),84,Dhondgewadi,0.4,8.51,0.27,0.78,213.25,5.79,201.6,12.21,0.38,1.21,1.54,3.30,2.40
6193,612,Indumati Dnyanu Hasbe,Khanapur(Vita),60,Dhondgewadi,0.4,8.65,0.23,0.81,213.25,8.02,268.8,10.08,0.56,0.95,1.68,3.28,2.44
6194,613,Nandini Baban Kadam,Khanapur(Vita),136,Dhondgewadi,0.4,8.63,0.26,0.82,163.07,12.93,145.6,9.55,0.52,0.82,1.58,2.88,2.34
6195,614,Vimal Shahaji Kirtan,Khanapur(Vita),138,Dhondgewadi,0.4,8.67,0.10,0.60,175.62,14.71,179.2,11.34,0.44,1.33,1.60,3.34,2.48
6196,615,Subhash Tukaram Kadam,Khanapur(Vita),141,Dhondgewadi,0.4,8.67,0.26,0.82,150.53,15.60,156.8,12.17,3.92,0.92,1.88,3.98,2.80
6197,616,Suraj Baban Kadam,Khanapur(Vita),153,Dhondgewadi,0.4,8.69,0.30,0.69,200.70,18.72,235.2,14.00,0.48,1.06,1.84,3.00,2.40
6198,617,Sanjay Tukaram Kadam,Khanapur(Vita),59,Dhondgewadi,1.8,8.71,0.24,0.67,163.07,22.73,168.0,13.70,0.48,0.93,1.60,3.66,2.48
6199,618,Hausabai Subhash Hasbe,Khanapur(Vita),173,Dhondgewadi,0.4,8.51,0.21,0.78,175.62,16.05,212.8,7.94,0.44,0.88,1.72,3.10,2.12
6200,619,Sampat Tukaram Kadam,Khanapur(Vita),181,Dhondgewadi,0.4,8.38,0.23,0.65,175.62,19.61,257.6,11.52,5.62,1.02,1.96,4.94,2.28
6201,620,Kisan Rustum Chavan,Khanapur(Vita),87,Dhondgewadi,0.3,8.55,0.20,1.15,150.53,7.58,224.0,13.00,0.54,0.82,1.86,2.74,2.42
6202,621,Anita Dilip Pawar,Khanapur(Vita),147,Dhondgewadi,0.4,8.68,0.15,0.56,125.44,6.24,268.8,7.68,0.58,1.01,1.72,3.48,2.64
6203,622,Anant Dilip Pawar,Khanapur(Vita),179,Dhondgewadi,0.4,8.72,0.31,1.21,163.07,15.60,313.6,9.73,0.50,0.93,1.78,4.18,2.42
6204,623,Kalpana Shankar Pawar,Khanapur(Vita),181,Dhondgewadi,0.2,8.60,0.28,0.71,175.62,23.63,324.8,10.82,0.46,1.07,1.76,3.50,2.62
6205,624,Gangubai Yashwant Pawar,Khanapur(Vita),160,Dhondgewadi,0.2,8.26,0.88,0.68,188.16,18.72,235.2,12.17,0.48,0.93,1.62,4.22,2.22
6206,625,Dropada Jaysing Jadhav,Khanapur(Vita),163,Dhondgewadi,0.2,8.71,0.26,0.69,175.62,14.71,201.6,13.87,0.88,0.79,1.72,4.08,2.72
6207,626,Ritesh Dilip Pawar,Khanapur(Vita),29,Dhondgewadi,0.8,8.54,0.25,0.88,137.98,11.14,235.2,12.78,0.56,0.89,1.68,3.50,2.68
6208,627,Shashikant Shankar Pawar,Khanapur(Vita),147,Dhondgewadi,0.2,8.57,0.22,0.99,163.07,7.58,280.0,11.43,0.66,1.03,1.94,3.46,2.34
6209,628,Hausabai Jaywant Sawant,Khanapur(Vita),112,Dhondgewadi,0.5,8.53,0.26,0.76,188.16,8.92,336.0,7.02,1.20,0.91,1.80,3.84,2.74
6210,629,Narhar Vinayak Joshi,Khanapur(Vita),151,Dhondgewadi,0.4,8.62,0.24,0.86,163.07,19.17,280.0,10.47,0.62,0.84,1.88,3.60,2.44
6211,630,Rajubai Ramchandra Jadhav,Khanapur(Vita),173,Dhondgewadi,0.7,8.61,0.25,0.90,188.16,23.63,212.8,12.30,0.54,0.54,1.80,3.30,2.10
6212,631,Kusum Madhukar Suryavanshi,Khanapur(Vita),116,Dhondgewadi,0.2,8.38,0.26,0.79,163.07,26.30,168.0,13.61,0.44,1.25,2.16,7.62,2.18
6213,632,Jagannath Maruti Suryavanshi,Khanapur(Vita),210,Dhondgewadi,0.2,8.61,0.22,0.61,175.62,19.17,190.4,10.99,4.94,0.84,1.86,4.04,2.00
6214,633,Pandurang Madhukar Suryavanshi,Khanapur(Vita),279,Dhondgewadi,0.7,8.33,0.42,0.88,150.53,21.84,224.0,7.72,0.50,0.95,1.94,3.28,2.32
6215,634,Rajaram Hari Dhondge,Khanapur(Vita),148,Dhondgewadi,0.4,8.54,0.17,0.68,188.16,15.16,392.0,8.20,0.70,1.06,1.86,3.28,1.86
6216,635,Dnyandev Sadashiv Suryavanshi,Khanapur(Vita),116,Dhondgewadi,0.4,8.70,0.19,0.75,163.07,11.59,358.4,10.25,0.28,0.75,1.84,5.44,1.40
6217,636,Dhondubai Vilas Shinde,Khanapur(Vita),19,Dhondgewadi,0.4,8.55,0.28,0.82,137.98,8.02,201.6,11.86,2.62,0.67,2.18,3.54,2.30
6218,637,Prakash Sadashiv Suryavanshi,Khanapur(Vita),235,Dhondgewadi,0.4,8.58,0.21,0.93,175.62,21.84,179.2,10.03,0.46,0.79,2.00,3.48,2.06
6219,638,Mahadev Sadashiv Suryavanshi,Khanapur(Vita),140,Dhondgewadi,0.4,8.53,0.28,0.99,150.53,23.63,302.4,8.33,0.46,0.64,1.90,3.40,2.32
6220,639,Yashoda Ramchandra Jadhav,Khanapur(Vita),141,Dhondgewadi,0.4,8.57,0.16,0.76,137.98,24.96,392.0,8.03,0.50,0.68,2.04,3.60,2.44
6221,640,Sidrama Sadashiv Suryavanshi,Khanapur(Vita),118,Dhondgewadi,0.4,8.73,0.15,0.64,188.16,28.08,459.2,9.33,0.44,0.64,2.06,3.76,1.88
6222,641,Sonabai Sadashiv Suryavanshi,Khanapur(Vita),74,Dhondgewadi,0.4,8.71,0.15,0.60,175.62,8.47,425.6,11.12,1.34,0.61,2.14,3.44,1.72
6223,642,Sampat Sadashiv Suryavanshi,Khanapur(Vita),179,Dhondgewadi,0.4,8.63,0.16,0.72,137.98,14.26,369.6,12.61,0.48,0.73,1.96,3.42,2.32
6224,643,Jyoti Raju Ghanve,Khanapur(Vita),140,Dhondgewadi,0.4,8.64,0.15,0.85,200.70,11.59,268.8,6.85,0.46,0.82,2.00,3.56,2.06
6225,644,Shamrao Tanaji Kadam,Khanapur(Vita),59,Dhondgewadi,0.6,8.65,0.29,0.75,175.62,13.82,358.4,9.38,0.52,0.86,2.20,3.92,2.18
6226,645,Vaman Ramu Khopkar,Khanapur(Vita),380,Bhikawadi Bk.,0.4,8.58,0.14,1.28,75.26,6.69,313.6,22.77,0.64,0.58,1.48,3.36,3.60
6227,646,Bhanudas Dadu Khopkar,Khanapur(Vita),537,Bhikawadi Bk.,0.4,8.62,0.14,0.72,87.81,25.85,336.0,12.52,0.40,0.65,0.86,4.24,3.00
6228,647,Bhimrav Vithoba Barkade,Khanapur(Vita),319,Bhikawadi Bk.,0.4,8.54,0.15,0.53,75.26,12.04,358.4,6.94,0.38,0.63,0.68,4.82,3.06
6229,648,Pratapsinh Yashvant Khupkar,Khanapur(Vita),550,Bhikawadi Bk.,0.4,8.53,0.17,0.61,112.90,26.30,324.8,4.23,0.46,1.05,0.66,4.00,3.26
6230,649,Sanpat Dattu Shelke,Khanapur(Vita),532,Bhikawadi Bk.,0.4,8.73,0.13,0.29,75.26,20.06,336.0,5.80,0.30,0.59,0.80,5.34,4.60
6231,650,Bharat Kisan Gurav,Khanapur(Vita),571,Bhikawadi Bk.,0.4,8.51,0.16,0.60,112.90,22.29,268.8,5.89,0.46,0.74,0.74,4.48,3.54
6232,651,Dhanaji Jagannath Gurav,Khanapur(Vita),571,Bhikawadi Bk.,0.4,8.40,0.24,0.71,137.98,15.60,425.6,6.46,0.26,0.57,0.58,5.22,2.26
6233,652,Sanjay Dada Khupkar,Khanapur(Vita),335,Bhikawadi Bk.,0.4,8.42,0.18,0.42,125.44,7.58,291.2,10.99,0.32,0.54,0.66,5.44,3.04
6234,653,Dattatray Dada Khupkar,Khanapur(Vita),536,Bhikawadi Bk.,0.4,8.65,0.16,0.69,137.98,10.70,336.0,7.76,0.28,0.58,0.52,5.78,3.14
6235,654,Dada Abba Khupkar,Khanapur(Vita),535,Bhikawadi Bk.,0.4,8.57,0.17,0.74,163.07,9.36,313.6,13.13,0.28,0.77,0.46,4.86,3.38
6236,655,Shekhar Jalindar Gurav,Khanapur(Vita),571,Bhikawadi Bk.,0.4,8.53,0.18,0.72,125.44,39.67,392.0,18.15,0.26,0.83,0.46,4.34,2.80
6237,656,Madhukar Tukaram Khupkar,Khanapur(Vita),566,Bhikawadi Bk.,0.4,8.61,0.14,0.60,137.98,15.60,302.4,17.80,0.22,0.75,0.54,3.34,2.48
6238,657,Shankar Namdev Khupkar,Khanapur(Vita),536,Bhikawadi Bk.,0.4,8.55,0.15,0.67,112.90,14.71,358.4,7.11,0.18,0.58,0.46,3.92,2.12
6239,658,Manoj Dyanu Khupkar,Khanapur(Vita),378,Bhikawadi Bk.,0.4,8.56,0.19,0.96,112.90,6.69,280.0,6.50,0.26,0.61,0.46,2.40,2.72
6240,659,Sagar Gajanna Gurav,Khanapur(Vita),571,Bhikawadi Bk.,0.4,8.48,0.15,0.50,137.98,4.01,336.0,7.37,0.24,0.68,0.50,5.66,2.52
6241,660,Rajendra Mukundrao Shelke,Khanapur(Vita),552,Bhikawadi Bk.,0.4,8.72,0.17,0.46,150.53,5.79,302.4,11.86,0.14,1.06,0.46,5.18,3.06
6242,661,Bhusaheb Rambhu Barkade,Khanapur(Vita),318,Bhikawadi Bk.,0.4,8.58,0.15,0.53,125.44,6.24,257.6,10.73,0.20,0.69,0.46,4.54,3.04
6243,662,Dhanaji Popat Tamkhade,Khanapur(Vita),373,Bhikawadi Bk.,0.4,8.40,0.19,0.78,100.35,44.13,336.0,7.98,2.60,0.82,0.48,5.38,3.98
6244,663,Mangal Vaman Khupkar,Khanapur(Vita),608,Bhikawadi Bk.,0.4,8.69,0.16,0.29,112.90,13.37,403.2,9.86,0.30,0.86,0.44,5.40,2.96
6245,664,Dattatray Vaman Khupkar,Khanapur(Vita),371,Bhikawadi Bk.,0.4,8.52,0.16,0.54,175.62,16.94,235.2,4.23,0.26,0.93,0.36,5.14,3.24
6246,665,Navnath Sukhdev Tamkhade,Khanapur(Vita),372,Bhikawadi Bk.,0.4,8.59,0.12,0.78,137.98,10.70,291.2,6.15,0.16,0.73,0.38,3.22,2.94
6247,666,Dagadu Dadu Khupkar,Khanapur(Vita),537,Bhikawadi Bk.,0.4,8.57,0.15,0.47,125.44,19.61,436.8,4.06,0.12,0.70,0.46,3.80,3.04
6248,667,Balu Jagannath Khupkar,Khanapur(Vita),1234,Bhikawadi Bk.,0.4,8.54,0.17,0.50,125.44,10.25,257.6,5.06,0.18,0.89,0.34,3.04,2.70
6249,668,Raju Abaso Khupkar,Khanapur(Vita),393,Bhikawadi Bk.,0.4,8.51,0.19,1.36,137.98,5.35,392.0,2.88,0.20,0.72,0.40,4.54,2.80
6250,669,Mahipati Tukaram Khupkar,Khanapur(Vita),564,Bhikawadi Bk.,0.4,8.64,0.18,0.42,112.90,28.08,470.4,12.78,0.08,0.95,0.34,5.46,2.38
6251,670,Tanaji Anna Khupkar,Khanapur(Vita),390,Bhikawadi Bk.,0.4,8.54,0.18,1.22,112.90,23.18,291.2,14.57,0.20,0.71,0.44,4.40,2.86
6252,671,Bhanudas Janardan Tamkhade,Khanapur(Vita),1119,Bhikawadi Bk.,0.4,8.58,0.19,0.79,137.98,20.50,414.4,9.42,0.68,0.89,0.46,3.28,3.12
6253,672,Suresh Jagannath Kharat,Khanapur(Vita),575,Bhikawadi Bk.,0.4,8.59,0.17,1.31,125.44,17.38,392.0,11.86,0.20,0.99,0.40,4.04,2.22
6254,673,Dilip Jagannath Kharat,Khanapur(Vita),416,Bhikawadi Bk.,0.4,8.54,0.21,1.06,163.07,24.52,448.0,12.56,0.12,1.07,0.46,3.30,2.90
6255,674,Machindranath Pandarinath Kharat,Khanapur(Vita),408,Bhikawadi Bk.,0.4,8.59,0.17,0.56,112.90,26.30,369.6,9.51,1.00,0.83,0.42,4.44,2.88
6256,675,Bapasaheb Shivaji Khatal,Khanapur(Vita),843,Bhikawadi Bk.,0.4,8.63,0.15,0.50,87.81,29.87,347.2,7.81,1.00,0.80,0.42,2.42,2.90
6257,676,Prashant Mahadev Khupkar,Khanapur(Vita),376,Bhikawadi Bk.,0.4,8.45,0.17,0.38,112.90,31.65,336.0,9.73,0.06,0.70,0.40,4.40,2.70
6258,677,Kondiba Tukaram Khupkar,Khanapur(Vita),468,Bhikawadi Bk.,0.4,8.57,0.14,0.35,112.90,24.07,302.4,7.94,0.06,0.73,0.50,3.48,2.72
6259,678,Pandurang Dhondiram Khupkar,Khanapur(Vita),381,Bhikawadi Bk.,0.4,8.62,0.11,0.74,150.53,20.95,392.0,16.10,0.06,0.77,0.54,3.74,2.34
6260,679,Tatoba Ramu Khopkar,Khanapur(Vita),393,Bhikawadi Bk.,0.4,8.60,0.14,0.83,87.81,16.94,347.2,14.83,0.08,0.84,0.62,3.60,2.74
6261,680,Bhausaheb Vithoba Khupkar,Khanapur(Vita),393,Bhikawadi Bk.,0.4,8.71,0.15,0.63,163.07,20.06,280.0,10.51,0.04,0.68,0.60,2.90,2.88
6262,681,Tanaji Namdev Sudke,Khanapur(Vita),842,Bhikawadi Bk.,0.4,8.56,0.20,0.32,150.53,27.19,224.0,11.65,0.08,0.85,0.66,3.38,3.24
6263,682,Bhaskar Maryti Patil,Khanapur(Vita),818,Bhikawadi Bk.,0.4,8.46,0.20,0.35,175.62,28.53,369.6,9.38,0.08,0.74,0.64,3.88,2.32
6264,683,SNmapt Vasant Patil,Khanapur(Vita),1172,Bhikawadi Bk.,0.4,8.58,0.16,0.33,163.07,22.73,280.0,14.66,0.04,0.77,0.54,3.58,2.26
6265,684,Arvind Ramu Khupkar,Khanapur(Vita),535,Bhikawadi Bk.,0.4,8.67,0.14,0.39,137.98,14.26,347.2,13.91,0.08,0.97,0.52,3.52,2.90
6266,685,Babasaheb Dagadu Khupkar,Khanapur(Vita),532,Bhikawadi Bk.,0.4,8.61,0.12,0.44,163.07,16.94,336.0,12.48,0.12,0.89,0.52,3.32,2.86
6267,686,Sagar Waman Khupkar,Khanapur(Vita),377,Bhikawadi Bk.,0.4,8.63,0.16,0.39,125.44,21.40,291.2,13.70,0.04,0.79,0.54,3.14,2.96
6268,687,Abasaheb Bhagwan Tamkhadi,Khanapur(Vita),1255,Bhikawadi Bk.,0.4,8.57,0.13,0.36,163.07,30.76,324.8,10.77,0.08,1.00,0.52,4.56,2.38
6269,688,Ravindra Vasant Patil,Khanapur(Vita),1061,Bhikawadi Bk.,0.4,8.62,0.19,0.67,112.90,32.54,302.4,9.25,0.08,1.01,0.50,4.18,2.16
6270,689,Rajendra Kondiba Tamkhade,Khanapur(Vita),1202,Bhikawadi Bk.,0.4,8.65,0.18,0.49,175.62,34.32,280.0,8.94,0.04,1.16,0.48,5.76,2.46
6271,690,Udhav Kondiba Tamkhadi,Khanapur(Vita),1202,Bhikawadi Bk.,0.4,8.53,0.17,0.65,125.44,20.06,414.4,8.03,0.10,0.74,0.62,5.22,2.34
6272,691,Prakash Maruti Patil,Khanapur(Vita),1206,Bhikawadi Bk.,0.4,8.57,0.18,0.36,150.53,24.52,291.2,7.50,0.44,0.83,0.50,5.76,3.04
6273,692,Vikas Maruti Patil,Khanapur(Vita),1177,Bhikawadi Bk.,0.4,8.63,0.15,0.31,163.07,26.30,358.4,6.24,0.04,0.65,0.38,4.46,2.06
6274,693,Maruti Dyanu Patil,Khanapur(Vita),1061,Bhikawadi Bk.,0.4,8.60,0.18,0.32,125.44,29.87,246.4,10.12,0.06,1.08,0.58,6.40,2.72
6275,694,Sayaji Bhimrav Tamkhade,Khanapur(Vita),1199,Bhikawadi Bk.,0.4,8.54,0.17,0.29,150.53,19.61,347.2,8.03,0.08,0.88,0.52,6.28,2.80
6276,695,Ashok Bhimrav Tamkhade,Khanapur(Vita),1201,Bhikawadi Bk.,0.4,8.72,0.13,0.60,175.62,35.22,336.0,6.24,0.10,0.91,0.54,6.18,2.94
6277,696,Hanmant Sadashiv Tamkhade,Khanapur(Vita),1202,Bhikawadi Bk.,0.4,8.59,0.13,1.19,150.53,18.72,291.2,9.77,0.06,0.74,0.46,5.88,2.48
6278,697,Maruti Krushna Tamkhade,Khanapur(Vita),519,Bhikawadi Bk.,0.4,8.68,0.13,0.63,175.62,13.82,380.8,10.82,0.04,0.54,0.40,5.42,2.46
6279,698,Shivaji Hindu Tamkhade,Khanapur(Vita),516,Bhikawadi Bk.,0.4,8.54,0.18,0.57,125.44,11.14,313.6,8.59,0.04,0.98,0.44,5.40,2.44
6280,699,Jagannath Hindu Tamkhade,Khanapur(Vita),519,Bhikawadi Bk.,0.4,8.60,0.23,0.71,125.44,21.84,336.0,9.07,0.04,0.84,0.48,5.46,2.48
6281,700,Bhagwan Hindu Tamkhade,Khanapur(Vita),516,Bhikawadi Bk.,0.4,8.68,0.15,0.69,100.35,24.96,358.4,7.28,0.04,0.73,0.54,8.16,2.70
6282,701,Nana Hindu Tamkhade,Khanapur(Vita),516,Bhikawadi Bk.,0.4,8.85,0.14,0.92,150.53,32.09,313.6,14.61,0.02,0.93,0.52,5.82,4.82
6283,702,Dhashrath Dnyanu Tamkhade,Khanapur(Vita),516,Bhikawadi Bk.,0.4,8.63,0.19,0.65,175.62,29.42,280.0,14.00,0.06,0.70,0.48,7.30,2.84
6284,703,Hariba Balu Tamkhade,Khanapur(Vita),1205,Bhikawadi Bk.,0.4,8.75,0.15,0.81,137.98,34.77,336.0,8.20,0.04,0.87,0.54,7.72,2.68
6285,704,Gorakh Haibati Sudake,Khanapur(Vita),1055,Bhikawadi Bk.,0.4,8.67,0.16,0.58,175.62,36.11,302.4,7.02,0.10,0.66,0.44,7.06,2.66
6286,705,Laxman Haibati Sudake,Khanapur(Vita),1205,Bhikawadi Bk.,0.4,8.68,0.16,0.76,125.44,37.44,403.2,10.21,0.06,0.83,0.58,6.34,0.64
6287,706,Ramachandran Haibati Sudake,Khanapur(Vita),1055,Bhikawadi Bk.,0.4,8.66,0.20,0.38,137.98,32.54,257.6,9.86,0.18,0.71,0.46,6.20,2.70
6288,707,Sadashiv Haibati Sudake,Khanapur(Vita),1055,Bhikawadi Bk.,0.4,8.71,0.19,0.67,112.90,28.97,470.4,11.86,0.02,0.92,0.60,6.34,2.74
6289,708,Dattajirao Vasant Tamkhade,Khanapur(Vita),1043,Bhikawadi Bk.,0.4,8.62,0.18,0.83,137.98,16.05,291.2,7.15,0.06,1.05,0.48,6.76,2.48
6290,709,Sopan Daji Tamkhade,Khanapur(Vita),1205,Bhikawadi Bk.,0.4,8.66,0.17,0.44,87.81,24.07,392.0,8.77,0.18,0.88,0.46,6.74,2.72
6291,710,Mahadev Anil Tamkhade,Khanapur(Vita),818,Bhikawadi Bk.,0.4,8.60,0.17,0.57,125.44,12.48,358.4,15.01,0.14,0.86,0.46,5.00,2.94
6292,711,Suraj Shashikant Tamkhade,Khanapur(Vita),818,Bhikawadi Bk.,0.4,8.63,0.19,0.67,100.35,16.05,324.8,15.79,0.06,0.80,0.52,4.78,2.40
6293,712,Nitin Balaso Tamkhade,Khanapur(Vita),818,Bhikawadi Bk.,0.4,8.68,0.20,0.81,150.53,20.95,302.4,12.13,0.12,0.67,0.46,5.52,2.54
6294,713,Bhanudas Chandar Tamkhade,Khanapur(Vita),1041,Bhikawadi Bk.,0.4,8.71,0.14,1.13,175.62,23.63,347.2,8.38,0.08,0.80,0.58,4.74,2.10
6295,714,Nanaso Chandar Tamkhade,Khanapur(Vita),1042,Bhikawadi Bk.,40,8.73,0.19,0.60,163.07,20.50,201.6,11.52,0.04,0.70,0.50,4.02,2.46
6296,715,Dayanand Maruti Shelke,Khanapur(Vita),589,Bhikawadi Bk.,0.4,8.67,0.19,1.38,188.16,18.72,358.4,7.02,0.10,1.07,0.48,4.74,3.38
6297,716,Dyandev Eknath Tamkhade,Khanapur(Vita),618,Bhikawadi Bk.,0.4,8.54,0.17,0.38,137.98,19.17,280.0,10.34,0.12,0.93,0.56,4.94,2.52
6298,717,Sachin Chandrasen Tamkhade,Khanapur(Vita),1260,Bhikawadi Bk.,0.4,8.68,0.17,0.50,163.07,32.09,246.4,7.42,0.16,1.10,0.56,6.98,2.52
6299,718,Shalan Bhiru Tamkhade,Khanapur(Vita),516,Bhikawadi Bk.,0.4,8.55,0.24,1.03,150.53,24.07,380.8,11.60,0.14,0.84,0.68,6.06,2.88
6300,719,Lahu Anna Khupkar,Khanapur(Vita),544,Bhikawadi Bk.,0.4,8.68,0.19,0.38,175.62,30.76,268.8,6.32,0.04,1.06,0.52,4.78,2.64
6301,720,Jayshree Bhanudas Tamkhade,Khanapur(Vita),1135,Bhikawadi Bk.,0.4,8.72,0.15,1.08,188.16,27.19,324.8,7.68,0.10,1.17,0.58,5.32,2.40
6302,721,Jivan Bhanudas Tamkhade,Khanapur(Vita),358,Bhikawadi Bk.,0.4,8.70,0.19,0.51,137.98,36.55,302.4,11.86,0.02,0.94,0.60,6.60,2.62
6303,722,Yashvant Akaram Khupkar,Khanapur(Vita),550,Bhikawadi Bk.,0.4,8.57,0.20,0.72,163.07,34.32,280.0,6.06,0.16,0.84,0.60,4.58,2.58
6304,723,Shivaji Namdev Shelke,Khanapur(Vita),253,Bhikawadi Bk.,0.4,8.94,0.15,0.68,175.62,28.08,224.0,8.64,0.14,0.79,0.54,4.98,2.62
6305,724,Maruti Tukaram Tamkhade,Khanapur(Vita),1055,Bhikawadi Bk.,0.4,8.97,0.12,0.47,263.42,19.61,358.4,9.16,0.20,0.95,0.64,4.40,2.46
6306,725,Kiran Maruti Tamkhade,Khanapur(Vita),1055,Bhikawadi Bk.,0.4,8.70,0.14,0.79,200.70,15.16,246.4,7.11,0.18,1.05,0.66,5.98,3.94
6307,726,Vikram Maruti Tamkhade,Khanapur(Vita),1055,Bhikawadi Bk.,0.4,8.84,0.18,0.31,200.70,12.04,336.0,7.94,0.14,0.98,0.66,5.96,4.02
6308,727,Ganesh Bhanudas Khupkar,Khanapur(Vita),532,Bhikawadi Bk.,0.4,8.63,0.23,0.43,188.16,9.36,291.2,10.77,0.16,0.92,0.64,3.90,4.30
6309,728,Ashok Tatoba Khupkar,Khanapur(Vita),595,Bhikawadi Bk.,0.4,8.64,0.22,0.60,175.62,20.06,392.0,9.51,0.10,1.04,0.72,4.78,3.10
6310,729,Sarika Ramhari Khupkar,Khanapur(Vita),393,Bhikawadi Bk.,0.4,8.73,0.13,0.36,137.98,27.64,280.0,6.15,0.04,0.82,0.74,3.38,2.24
6311,730,Dadaso Tukaram Khupkar,Khanapur(Vita),564,Bhikawadi Bk.,0.4,8.83,0.18,0.57,175.62,35.66,336.0,9.60,0.14,1.23,0.76,4.48,3.28
6312,731,Prakash Dattu Khupkar,Khanapur(Vita),400,Bhikawadi Bk.,0.4,8.79,0.19,0.40,188.16,37.89,358.4,7.63,0.16,0.89,0.68,5.28,3.64
6313,732,Malan Popat Tamkhade,Khanapur(Vita),402,Bhikawadi Bk.,0.4,8.74,0.16,0.67,175.62,29.42,459.2,7.24,0.06,1.15,0.68,4.50,2.44
6314,733,Somnath Sopan Tamkhade,Khanapur(Vita),497,Bhikawadi Bk.,0.4,8.75,0.20,0.60,137.98,22.73,380.8,9.33,0.12,0.83,0.72,5.28,3.54
6315,734,Vidya Balasaheb Gaikwad,Khanapur(Vita),416,Bhikawadi Bk.,0.4,8.69,0.18,1.00,188.16,19.17,201.6,12.91,0.14,1.27,0.68,3.70,2.36
6316,735,Pravin Sadashiv Khupkar,Khanapur(Vita),535,Bhikawadi Bk.,0.4,8.68,0.19,0.49,150.53,29.87,235.2,11.69,0.14,1.25,0.74,5.14,3.84
6317,737,Kantabai Jalandhar Bhagat,Khanapur(Vita),326,Walkhad,0.4,8.52,0.20,1.00,188.16,17.38,448.0,10.60,1.18,1.00,1.76,12.60,4.72
6318,738,Nandakumar Bapurao Patil,Khanapur(Vita),606,Walkhad,0.4,8.38,0.25,0.89,150.53,16.94,537.6,5.06,1.94,1.11,1.70,9.98,5.40
6319,739,Parasram Anand nalawade,Khanapur(Vita),722,Walkhad,0.4,8.41,0.22,1.13,200.70,29.42,537.6,3.93,1.64,0.91,1.66,17.50,4.50
6320,740,Bhimrao Ramchandra chane,Khanapur(Vita),170,Walkhad,0.4,8.51,0.15,0.79,175.62,8.02,268.8,5.85,0.20,0.86,1.36,9.06,3.02
6321,741,Shamrao Shivram Jagtap,Khanapur(Vita),21,Walkhad,0.4,8.68,0.17,0.85,163.07,4.90,336.0,3.14,0.76,1.17,1.42,7.32,3.34
6322,742,Bhagwan NaTha Babar,Khanapur(Vita),52,Walkhad,0.4,8.60,0.14,0.96,213.25,21.84,481.6,3.18,0.66,1.01,1.50,8.08,2.98
6323,743,Lakshman Ranghu nalawade,Khanapur(Vita),200,Walkhad,0.4,8.70,0.15,0.83,200.70,25.41,313.6,2.88,0.80,0.79,1.46,11.88,3.44
6324,744,Aparna Ramesh Jagdale,Khanapur(Vita),794,Walkhad,0.4,8.71,0.17,0.94,137.98,12.48,347.2,1.57,0.60,0.97,1.48,7.82,3.20
6325,745,Tulsiram Namdev Jagdale,Khanapur(Vita),309,Walkhad,0.4,8.51,0.21,1.14,125.44,14.71,425.6,5.41,1.04,1.31,1.24,9.22,3.40
6326,746,Krishnat Kashinath chane,Khanapur(Vita),244,Walkhad,0.4,8.09,0.39,1.13,163.07,31.65,526.4,4.89,1.78,1.08,1.50,18.22,2.96
6327,747,Raghunath Sampat Jagdale,Khanapur(Vita),191,Walkhad,0.4,8.72,0.17,0.93,175.62,16.49,369.6,1.70,1.18,1.08,1.28,8.18,3.58
6328,748,Somnath Shivam Jagdale,Khanapur(Vita),214,Walkhad,0.4,7.63,0.15,0.57,150.53,15.60,123.2,1.31,0.04,0.81,2.84,9.12,2.72
6329,749,Ashok Kashinath Babar,Khanapur(Vita),929,Walkhad,0.4,8.02,0.39,1.14,175.62,14.26,459.2,4.41,1.78,0.54,1.46,17.74,3.18
6330,750,Anna Nana Jagdale,Khanapur(Vita),76,Walkhad,0.4,8.70,0.16,0.83,200.70,14.71,302.4,25.17,3.22,1.08,1.36,7.78,4.16
6331,751,Dhanaaji Sopan jagade,Khanapur(Vita),846/a/1,Walkhad,0.4,8.71,0.18,0.88,213.25,16.49,414.4,5.89,1.14,1.10,1.22,14.92,3.32
6332,752,Uddav dhundhiram Jagtap,Khanapur(Vita),901,Walkhad,0.4,8.79,0.20,0.81,200.70,15.16,481.6,9.29,1.16,1.11,1.34,9.24,3.24
6333,753,Sulochana Namdev Jagdale,Khanapur(Vita),964,Walkhad,0.4,8.77,0.18,0.90,150.53,7.58,358.4,16.92,1.02,0.65,1.48,8.02,3.30
6334,754,Tushar Shantaram Devkar,Khanapur(Vita),187/1,Walkhad,0.4,8.61,0.14,0.96,137.98,8.92,246.4,0.96,0.64,0.70,1.62,8.78,4.14
6335,755,Manisha Sampat Rao jabdale,Khanapur(Vita),191/1,Walkhad,0.4,8.77,0.13,0.69,125.44,8.47,504.0,20.68,0.02,0.91,1.28,10.20,2.72
6336,756,Pravin Sukhdev jagdale,Khanapur(Vita),795,Walkhad,0.4,8.45,0.19,1.06,163.07,34.77,459.2,15.83,0.98,0.83,1.70,7.44,6.08
6337,757,Damodar Natha Ghodke,Khanapur(Vita),180,Walkhad,0.4,8.65,0.14,0.60,175.62,16.49,347.2,2.22,0.02,0.56,1.46,5.72,3.46
6338,758,Raghunath Sampat Jagdale,Khanapur(Vita),191,Walkhad,0.4,8.05,0.36,9.58,125.44,32.99,268.8,3.40,1.74,0.54,1.54,14.06,4.06
6339,759,Namdev Uttam Ghodke,Khanapur(Vita),181,Walkhad,0.4,8.11,0.30,0.81,137.98,22.29,526.4,5.19,1.46,0.56,1.58,8.56,4.34
6340,760,Manisha Subhash Babar,Khanapur(Vita),709,Walkhad,0.4,8.65,0.15,0.65,200.70,24.52,459.2,2.31,0.14,0.71,1.32,18.04,2.48
6341,761,Pavitra Baburao Jagtap,Khanapur(Vita),1015,Walkhad,0.4,8.64,0.14,0.58,137.98,8.02,459.2,11.91,0.04,0.59,1.48,6.92,2.14
6342,762,Vijay machhindranath Babar,Khanapur(Vita),990,Walkhad,0.4,8.62,0.20,0.89,125.44,11.14,156.8,7.02,0.70,0.63,1.38,11.56,3.64
6343,763,Lilavati dhondiram nalawade,Khanapur(Vita),397,Walkhad,0.4,8.78,0.17,0.97,100.35,20.50,492.8,10.47,0.86,0.60,1.44,6.84,3.06
6344,764,Uttam Shankar Jagtap,Khanapur(Vita),11,Walkhad,0.4,8.51,0.13,0.81,200.70,16.49,257.6,9.47,0.72,0.56,1.44,7.56,2.84
6345,765,Ashok Kashinath Chane,Khanapur(Vita),78,Walkhad,0.4,8.78,0.23,0.90,188.16,20.06,504.0,12.78,0.98,0.62,1.52,8.24,3.12
6346,766,Mahadev tuKarm Jagdale,Khanapur(Vita),879,Walkhad,0.4,8.68,0.17,0.82,200.70,9.81,425.6,8.24,0.16,0.61,1.34,7.66,3.14
6347,767,Sandeep Namdev jagdal,Khanapur(Vita),745,Walkhad,0.4,8.79,0.20,0.85,137.98,5.79,392.0,6.37,0.92,0.79,1.32,7.34,3.76
6348,768,Vishwas Dhyanoba  Jagdale,Khanapur(Vita),5,Walkhad,0.4,8.67,0.19,0.40,175.62,9.36,369.6,5.89,1.28,0.76,1.56,7.48,4.02
6349,769,Shantaram Ashok Jagdale,Khanapur(Vita),992,Walkhad,0.4,8.37,0.11,0.47,200.70,11.59,201.6,7.24,0.06,1.08,2.16,5.08,1.58
6350,770,Nivritti Baburao Jagtap,Khanapur(Vita),204/3,Walkhad,0.4,8.68,0.12,0.32,150.53,8.02,235.2,5.71,0.04,1.01,1.96,4.16,1.56
6351,771,Madhuri Manohar Babar,Khanapur(Vita),60/1,Walkhad,0.4,8.70,0.09,0.50,137.98,10.70,168.0,6.37,0.10,0.97,1.92,3.38,1.64
6352,772,Yogesh Jagannath jagade,Khanapur(Vita),570,Walkhad,0.4,8.52,0.12,0.36,188.16,21.40,156.8,4.80,0.04,0.87,2.12,3.54,1.56
6353,773,Rajesh Namdev Jagdale,Khanapur(Vita),964,Walkhad,0.4,8.58,0.10,0.63,163.07,20.95,145.6,7.37,0.12,0.92,2.38,4.06,1.32
6354,774,Rukmani Aappaso Jagdale,Khanapur(Vita),826,Walkhad,0.4,8.70,0.13,0.57,125.44,5.79,224.0,8.20,0.02,1.31,1.50,4.80,2.08
6355,775,Suresh Kashinath korde,Khanapur(Vita),481,Walkhad,0.4,8.36,0.09,0.71,137.98,22.29,392.0,6.15,0.16,1.05,2.02,1.58,1.48
6356,776,Indubai Tatoba Jagdale,Khanapur(Vita),222,Walkhad,0.4,8.70,0.14,0.50,125.44,10.70,403.2,9.86,0.16,0.76,1.34,3.36,1.64
6357,777,Pradeep Shantaram Devkar,Khanapur(Vita),187/1,Walkhad,0.4,8.32,0.11,0.46,137.98,5.35,179.2,9.12,0.06,0.91,2.36,5.78,1.66
6358,778,Babasaheb Natha Nalawade,Khanapur(Vita),349/1,Walkhad,0.4,8.59,0.10,0.68,163.07,19.61,212.8,9.25,0.16,0.68,2.02,2.32,1.24
6359,779,Abhishek dhondiram nalawade,Khanapur(Vita),364,Walkhad,0.4,8.35,0.10,0.65,175.62,13.82,179.2,7.98,0.18,0.84,2.18,6.08,1.96
6360,780,Tukaram Sadashiv Jagdale,Khanapur(Vita),207,Walkhad,0.4,8.39,0.13,0.86,150.53,8.47,134.4,13.87,0.18,1.07,1.88,6.52,2.74
6361,781,Ramchandra Rangu nalavade,Khanapur(Vita),312,Walkhad,0.4,8.30,0.12,0.75,175.62,13.37,112.0,9.42,0.18,0.94,2.00,2.94,1.24
6362,782,Laxman Akram nalavade,Khanapur(Vita),44,Walkhad,0.4,8.28,0.11,0.39,137.98,18.72,201.6,7.07,0.12,1.07,2.32,6.72,1.88
6363,783,Viral Vilas Shinde,Khanapur(Vita),467,Walkhad,0.4,8.25,0.13,0.54,163.07,16.94,212.8,10.77,0.10,0.84,2.18,4.44,1.80
6364,784,Santosh parit Gurav,Khanapur(Vita),717,Walkhad,0.4,8.30,0.11,0.44,200.70,25.41,123.2,10.95,0.20,0.68,2.16,3.72,1.50
6365,785,Sitabai nanoba Jagdale,Khanapur(Vita),42,Walkhad,0.4,8.62,0.12,0.61,163.07,11.59,392.0,9.29,0.26,0.57,1.78,8.22,2.04
6366,786,Krishna Pandurang Shinde,Khanapur(Vita),329,Walkhad,0.4,8.38,0.10,0.33,137.98,29.42,235.2,15.88,0.20,0.76,2.76,3.60,1.32
6367,787,Rajesh Namdev Jagdale,Khanapur(Vita),9,Walkhad,0.4,8.42,0.11,0.38,175.62,32.09,235.2,14.61,0.30,0.67,2.88,4.44,1.40
6368,788,Shantaram Namdev Devkar,Khanapur(Vita),187/1,Walkhad,0.4,8.37,0.10,0.53,137.98,21.40,168.0,12.26,0.66,0.89,2.60,7.00,2.94
6369,789,Namdev Maruti jagadale,Khanapur(Vita),966,Walkhad,0.4,8.42,0.10,0.49,175.62,10.25,168.0,9.77,0.36,1.05,2.50,3.54,2.12
6370,790,Hemlata Sampatrao Jagdale,Khanapur(Vita),191/1,Walkhad,0.4,8.79,0.14,0.54,150.53,25.85,369.6,11.43,0.32,0.76,1.80,8.60,3.56
6371,791,Hiralal Mahadev Jagdale,Khanapur(Vita),746,Walkhad,0.4,8.70,0.10,0.43,125.44,28.08,481.6,12.43,0.24,0.82,1.84,9.14,2.56
6372,792,Balaso,Khanapur(Vita),416,Walkhad,0.4,8.71,0.10,0.50,163.07,13.82,336.0,6.59,0.18,0.92,2.06,10.68,2.42
6373,793,Shivaji Bandhu Patil,Khanapur(Vita),57,Walkhad,0.4,8.59,0.12,0.53,150.53,11.14,324.8,8.38,0.24,0.90,2.22,11.78,2.78
6374,794,Siddhnath Dattu Jagdale,Khanapur(Vita),116,Walkhad,0.4,8.57,0.13,0.57,137.98,21.84,347.2,8.03,0.34,1.13,1.78,10.94,2.64
6375,795,ShyamRao natha ghodke,Khanapur(Vita),181,Walkhad,0.4,8.50,0.15,0.65,175.62,23.63,302.4,8.94,0.22,0.91,2.26,10.02,2.74
6376,796,Tanaji Vasan Jagdale,Khanapur(Vita),882,Walkhad,0.4,8.50,0.12,0.58,137.98,29.87,179.2,7.28,0.08,1.23,3.02,17.28,3.46
6377,797,Baburao Narayan Jagdale,Khanapur(Vita),740,Walkhad,0.4,8.03,0.13,0.43,175.62,33.88,212.8,10.25,0.02,0.89,3.12,13.92,5.06
6378,798,Ganesh Atmaram nalaude,Khanapur(Vita),383,Walkhad,0.4,7.76,0.13,0.51,175.62,13.82,112.0,8.55,0.16,0.74,3.66,14.30,4.58
6379,799,Rushali Sampat Jagdale,Khanapur(Vita),191/1,Walkhad,0.4,7.57,0.08,0.54,150.53,8.92,156.8,6.11,0.14,0.97,2.88,12.30,3.40
6380,800,Shakuntala Kashinath Babar,Khanapur(Vita),788,Walkhad,0.4,7.70,0.15,0.58,137.98,24.52,201.6,5.28,0.14,1.05,3.04,17.70,3.68
6381,801,Ragini Satish Patil,Khanapur(Vita),226,Walkhad,0.4,7.99,0.13,0.51,175.62,35.22,212.8,8.11,0.18,1.06,3.70,25.42,4.62
6382,802,Shakuntala Madhukar Babar,Khanapur(Vita),620,Walkhad,0.4,7.62,0.09,0.53,163.07,22.73,112.0,9.16,0.10,0.88,2.30,13.30,4.70
6383,803,Rukmini Appaso Jagdale,Khanapur(Vita),743,Walkhad,0.4,7.58,0.14,0.58,200.70,26.75,112.0,10.77,0.20,0.91,3.38,12.08,3.76
6384,804,JayShri Ramesh Jadhav,Khanapur(Vita),476,Walkhad,0.4,7.55,0.10,0.57,163.07,20.06,201.6,8.51,0.04,1.07,3.60,15.66,5.18
6385,805,Lahu Tukaram Jagdale,Khanapur(Vita),62,Walkhad,0.4,7.54,0.10,0.49,163.07,26.30,156.8,5.80,0.10,0.81,3.98,16.24,4.96
6386,806,Vasant Ramchandra Mane,Khanapur(Vita),107,Walkhad,0.4,7.57,0.11,0.56,150.53,30.31,134.4,8.55,0.22,0.68,3.98,15.06,5.00
6387,807,Shobha Ravindra Jagdale,Khanapur(Vita),108,Walkhad,0.4,7.48,0.11,0.74,188.16,28.97,201.6,9.29,0.06,0.86,3.06,14.28,4.74
6388,808,Muralidhar Chandu Jagdale,Khanapur(Vita),113,Walkhad,0.4,7.68,0.14,0.61,163.07,15.16,324.8,9.95,0.38,0.82,2.20,10.66,4.80
6389,809,Kishan Uttam Ghodke,Khanapur(Vita),171,Walkhad,0.4,8.72,0.17,0.56,137.98,24.07,224.0,8.59,0.10,0.72,1.96,11.12,3.44
6390,810,Pramod Ashok Jagdale,Khanapur(Vita),140,Walkhad,0.4,8.66,0.13,0.53,175.62,22.73,347.2,7.33,0.16,0.61,2.74,10.78,3.02
6391,811,Dropadi Kishan Patole,Khanapur(Vita),997,Walkhad,0.4,8.11,0.14,0.60,137.98,14.26,168.0,10.08,0.26,0.64,2.38,10.24,3.54
6392,812,Dada Saheb Mahadev Jagdale,Khanapur(Vita),809,Walkhad,0.4,8.46,0.15,0.56,163.07,19.61,112.0,8.07,0.04,0.66,2.30,11.96,4.64
6393,813,Jagdish dhondiram Jagtap,Khanapur(Vita),50,Walkhad,0.4,8.57,0.13,0.60,150.53,32.54,179.2,5.50,0.08,0.67,2.24,10.26,4.00
6394,814,Umesh Ramesh dadare,Khanapur(Vita),808,Walkhad,0.4,8.66,0.13,0.54,175.62,16.05,168.0,9.55,0.18,1.07,5.98,17.28,4.76
6395,815,Vitthal Bandhu Patil,Khanapur(Vita),57,Walkhad,0.4,7.67,0.16,0.65,200.70,10.25,324.8,13.04,0.10,0.91,5.14,13.24,3.94
6396,816,Sanjana Sampat Rao jagdale,Khanapur(Vita),191/1,Walkhad,0.4,7.72,0.15,0.72,150.53,8.02,347.2,10.47,0.16,0.76,5.42,14.26,3.44
6397,817,Suryakanta Vasanth jagdale,Khanapur(Vita),882,Walkhad,0.4,7.58,0.14,0.63,137.98,14.71,257.6,11.38,0.08,0.86,2.40,10.02,3.90
6398,818,Satish Mahadeva Jagdale,Khanapur(Vita),857,Walkhad,0.4,8.79,0.14,0.81,163.07,7.58,257.6,14.44,0.06,1.03,4.00,17.06,4.46
6399,819,DadaSaheb Narayan Korde,Khanapur(Vita),204/3,Walkhad,0.4,7.69,0.10,0.85,188.16,14.26,313.6,13.13,0.04,0.91,3.76,13.36,4.42
6400,820,Nilesh Ramesh Jagdale,Khanapur(Vita),746,Walkhad,0.1,7.73,0.13,0.76,150.53,8.47,112.0,9.73,0.16,0.84,3.78,19.52,5.00
6401,821,Shantabai Dadaso Korde,Khanapur(Vita),1003,Walkhad,0.4,7.88,0.14,0.54,125.44,20.95,190.4,8.24,0.06,0.54,3.92,14.00,4.46
6402,822,Ramesh Chandu Jagdale,Khanapur(Vita),799,Walkhad,0.4,7.73,0.12,0.64,188.16,24.96,123.2,7.72,0.10,0.84,4.36,14.58,4.88
6403,823,Mahadev Chandu Jagdale,Khanapur(Vita),799,Walkhad,0.4,7.70,0.10,0.78,150.53,32.99,201.6,9.86,0.08,0.95,3.80,10.68,4.30
6404,824,Subhadra Srirag chane,Khanapur(Vita),220,Walkhad,0.4,7.57,0.12,0.86,188.16,30.31,179.2,10.69,0.08,1.06,3.54,12.04,4.24
6405,825,Ganesh Sukhdev jagdale,Khanapur(Vita),",960",Walkhad,0.4,7.59,0.13,0.83,150.53,16.05,179.2,12.91,0.04,0.75,4.38,15.34,4.66
6406,826,Prashant Ashok jagdale,Khanapur(Vita),141,Walkhad,0.4,7.61,0.10,0.67,175.62,27.19,212.8,9.33,0.10,0.95,4.42,14.66,4.94
6407,827,Mangal Mahadev Jagdale,Khanapur(Vita),959,Walkhad,0.4,7.57,0.11,0.69,137.98,11.59,190.4,7.11,0.30,0.89,4.24,24.64,5.98
6408,828,Tukaram Govind Jagdale,Khanapur(Vita),146,Walkhad,0.4,7.54,0.10,0.82,175.62,17.38,179.2,5.58,0.06,1.06,4.06,14.46,4.26
6409,829,Aakash Prakash Surve,Khanapur(Vita),880,Bamani,0.4,8.06,0.14,0.50,125.44,9.81,112.0,4.58,0.34,0.57,1.86,2.14,1.08
6410,830,Aananda Maruti Patil,Khanapur(Vita),733,Bamani,0.4,7.87,0.47,1.00,150.53,12.93,302.4,7.94,0.66,0.87,0.94,1.62,2.44
6411,831,Aanandrao Bajrang Shelake,Khanapur(Vita),347,Bamani,0.4,8.43,0.15,0.85,137.98,24.07,358.4,5.02,2.18,1.03,0.86,9.02,6.12
6412,832,Aanandrao Parshuram Rasal,Khanapur(Vita),870/1,Bamani,0.4,8.49,0.12,0.71,163.07,27.64,324.8,3.36,0.18,1.19,0.88,8.94,2.98
6413,833,Abhishek Arjun Shinde,Khanapur(Vita),702,Bamani,0.4,8.50,0.14,0.39,175.62,9.36,212.8,22.16,0.16,0.61,1.06,7.00,2.92
6414,834,Ajit Prakash Shinde,Khanapur(Vita),465,Bamani,0.4,8.51,0.19,0.92,163.07,25.41,336.0,3.53,1.24,1.84,0.88,5.18,5.02
6415,835,Amol Rajendra Patil,Khanapur(Vita),29,Bamani,0.4,8.39,0.21,0.92,188.16,24.52,257.6,26.48,1.34,2.05,0.92,5.28,4.34
6416,836,Amrut Khandu Shelake,Khanapur(Vita),581,Bamani,0.4,8.17,0.38,1.00,125.44,27.19,392.0,3.32,2.58,2.44,0.96,5.02,6.48
6417,837,Aniket Jaganath Shinde,Khanapur(Vita),285,Bamani,0.4,8.55,0.17,0.93,137.98,15.60,291.2,26.17,0.46,1.67,1.14,2.28,1.48
6418,838,Arvind Namdev Lengare,Khanapur(Vita),1100,Bamani,0.4,8.29,0.20,0.83,163.07,17.38,425.6,15.05,0.20,2.54,1.94,2.10,0.78
6419,839,Ashok Aatmaram Patil,Khanapur(Vita),657,Bamani,0.4,8.49,0.11,1.03,188.16,16.94,436.8,3.53,1.38,2.48,0.90,2.20,7.80
6420,840,Avinash Prakash Surve,Khanapur(Vita),1032,Bamani,0.4,8.39,0.11,1.04,137.98,12.48,145.6,22.46,0.12,2.38,1.66,1.65,0.74
6421,841,Bajranj Rajaram Gavali,Khanapur(Vita),329,Bamani,0.4,8.35,0.16,1.15,175.62,21.40,224.0,19.93,0.14,2.38,1.18,5.30,1.54
6422,842,Bhiku Babu Sathe,Khanapur(Vita),256,Bamani,0.4,8.44,0.14,1.07,175.62,27.19,369.6,22.03,2.56,2.39,0.90,2.36,2.56
6423,843,Bhimrao Aapa Sawant,Khanapur(Vita),68,Bamani,0.4,8.50,0.17,1.18,112.90,19.61,425.6,3.23,0.88,0.58,0.64,3.30,4.66
6424,844,Bhimrao Shamrao Shinde,Khanapur(Vita),434,Bamani,0.4,8.36,0.13,0.64,125.44,16.94,616.0,19.32,0.08,1.56,1.78,2.82,1.44
6425,845,Chandrakant Dattatray Sapkal,Khanapur(Vita),390,Bamani,0.4,8.41,0.14,0.94,150.53,29.42,291.2,4.06,0.46,0.76,1.32,7.68,2.18
6426,846,Chandrakant Parshuram Rasal,Khanapur(Vita),870,Bamani,0.4,7.87,0.24,0.93,188.16,28.53,313.6,7.11,1.42,0.66,3.92,20.22,3.56
6427,847,Dadaso Bhagvan Patil,Khanapur(Vita),346/5,Bamani,0.4,8.52,0.14,0.83,163.07,24.07,280.0,16.84,0.34,0.46,1.18,9.86,2.54
6428,848,Dattatray Anna Kulkarni,Khanapur(Vita),250,Bamani,0.4,8.11,0.97,1.26,150.53,31.65,481.6,8.99,1.46,1.22,1.10,10.92,5.20
6429,849,Dattatray Pandurang Shinde,Khanapur(Vita),85,Bamani,0.4,8.50,0.13,1.01,137.98,12.04,324.8,6.06,0.06,1.61,1.12,2.40,2.30
6430,850,Dattatray Tatoba Shinde,Khanapur(Vita),430,Bamani,0.4,8.20,0.39,1.00,137.98,23.63,380.8,9.51,0.92,0.11,1.28,7.26,2.32
6431,851,Devanand Prakash Lengare,Khanapur(Vita),1131,Bamani,0.4,8.29,0.57,1.25,150.53,19.17,257.6,11.04,0.48,1.19,0.80,3.20,3.90
6432,852,Dhiraj Shahaji Lengare,Khanapur(Vita),1193,Bamani,0.4,8.52,0.25,0.82,188.16,16.05,347.2,7.02,0.48,0.81,0.88,7.64,3.88
6433,853,Duryodhan Shamrao Sawant,Khanapur(Vita),78,Bamani,0.4,8.52,0.15,1.26,137.98,26.30,380.8,11.56,1.10,1.36,1.10,2.68,6.28
6434,854,Ganpati Balu More,Khanapur(Vita),24,Bamani,0.4,8.44,0.25,1.22,163.07,19.61,436.8,13.65,1.84,0.41,0.82,5.22,6.22
6435,855,Gurumaharaj Sidha Bharati,Khanapur(Vita),504,Bamani,0.4,8.27,0.27,0.88,163.07,20.50,515.2,16.97,0.20,0.53,1.16,2.96,3.18
6436,856,Hanmant Arjun Shinde,Khanapur(Vita),786,Bamani,0.4,8.55,0.19,0.65,163.07,28.08,324.8,7.28,0.18,0.57,1.22,3.70,2.02
6437,857,Hanmant Bhavu Shinde,Khanapur(Vita),435,Bamani,0.4,7.55,0.22,0.94,150.53,22.73,459.2,8.64,1.32,1.71,3.50,2.48,4.48
6438,858,Hanmant Shivaji Patil,Khanapur(Vita),176,Bamani,0.4,8.49,0.24,1.22,163.07,20.06,448.0,9.33,1.32,1.60,0.98,10.36,4.52
6439,859,Hanmant Srirang Mali,Khanapur(Vita),1013,Bamani,0.4,8.54,0.22,1.13,213.25,27.64,425.6,9.86,1.34,1.50,0.98,1.42,8.66
6440,860,Hema Ramesh Shinde,Khanapur(Vita),923,Bamani,0.4,8.53,0.14,0.82,150.53,8.92,336.0,14.87,0.32,1.06,1.26,4.58,3.88
6441,861,Jaganath Pandurang Shinde,Khanapur(Vita),282,Bamani,0.4,8.39,0.15,0.88,163.07,11.14,268.8,15.88,2.26,0.48,1.46,2.40,3.82
6442,862,Jayant Bhimrao Shinde,Khanapur(Vita),671,Bamani,0.4,8.59,0.19,0.75,163.07,15.60,358.4,16.44,0.18,0.45,0.84,8.20,2.72
6443,863,Kailas Jagannath Lavate,Khanapur(Vita),1106,Bamani,0.4,8.50,0.17,1.01,137.98,20.06,336.0,13.43,0.46,0.68,0.82,14.70,5.68
6444,864,Khandu �ba Shelake,Khanapur(Vita),480,Bamani,0.4,8.10,0.45,1.19,150.53,32.09,481.6,13.65,3.80,1.03,1.06,8.06,12.38
6445,865,Krushna Bapu Mali,Khanapur(Vita),1050,Bamani,0.4,8.42,0.13,0.75,100.35,24.52,168.0,6.80,0.08,0.75,1.16,2.14,2.30
6446,866,Lakshman Aanada Thombare,Khanapur(Vita),556,Bamani,0.4,7.88,0.57,1.15,175.62,28.97,302.4,7.76,3.72,1.21,2.10,13.66,7.06
6447,867,Lalaso Ganpati More,Khanapur(Vita),85/6,Bamani,0.4,8.59,0.13,0.53,137.98,12.48,235.2,6.19,0.56,1.54,1.30,2.28,2.48
6448,868,Mahavir Aatamram Kulkarni,Khanapur(Vita),966,Bamani,0.4,8.47,0.23,0.64,175.62,19.61,392.0,8.46,1.22,0.96,1.52,5.40,9.24
6449,869,Mahesh Vitthal Shinde,Khanapur(Vita),677,Bamani,0.4,8.66,0.20,0.90,188.16,24.52,302.4,10.60,0.78,0.94,0.98,4.00,4.62
6450,870,Malutai Khandu Shelake,Khanapur(Vita),577,Bamani,0.4,8.49,0.13,1.14,125.44,16.49,403.2,12.17,1.20,0.86,0.80,1.30,7.84
6451,871,Maruti Dagadu Shinde,Khanapur(Vita),624,Bamani,0.4,8.50,0.10,0.64,150.53,10.25,224.0,10.91,0.24,0.83,0.86,0.82,1.40
6452,872,Mayur Vitthal Shinde,Khanapur(Vita),1013,Bamani,0.4,8.30,0.13,0.90,188.16,13.37,302.4,15.05,0.34,0.78,1.06,4.44,3.50
6453,873,Mukund Mahadev Kulkarni,Khanapur(Vita),322,Bamani,0.4,8.50,0.12,0.72,175.62,20.50,313.6,13.04,0.08,0.45,0.94,2.12,1.62
6454,874,Narayan Sampatrao Wagmode,Khanapur(Vita),399/17,Bamani,0.4,8.50,0.15,0.74,137.98,15.16,291.2,13.61,0.14,1.58,1.04,9.64,2.30
6455,875,Nivrutti Ramchandra Shelake,Khanapur(Vita),605,Bamani,0.4,8.43,0.21,1.03,200.70,10.70,358.4,7.98,0.38,1.40,2.18,23.12,3.44
6456,876,Omprakash Vijay Shinde,Khanapur(Vita),929,Bamani,0.4,8.51,0.20,0.83,112.90,9.36,134.4,8.55,0.36,1.08,1.26,10.48,4.84
6457,877,Pandharinath Shankar Sutar,Khanapur(Vita),395/2,Bamani,0.4,8.24,0.66,1.18,125.44,30.76,347.2,13.00,0.42,0.65,0.74,3.24,6.28
6458,878,Pandurang Sahadev Gavali,Khanapur(Vita),328,Bamani,0.4,7.95,0.98,0.92,175.62,19.17,302.4,15.79,0.86,0.44,1.22,14.78,2.02
6459,879,Pankaj Shahaji Lengare,Khanapur(Vita),1206,Bamani,0.4,8.63,0.21,1.29,200.70,11.14,492.8,13.39,0.30,0.80,0.74,3.46,3.78
6460,880,Parsharam Aapa Sawant,Khanapur(Vita),73,Bamani,0.4,8.49,0.23,0.89,137.98,16.94,347.2,10.82,0.92,1.00,1.38,14.68,3.20
6461,881,Parvati Tatoba Shinde,Khanapur(Vita),482,Bamani,0.4,8.47,0.28,1.21,188.16,15.16,392.0,7.68,3.38,1.14,0.76,8.92,8.70
6462,882,Pawankumar Aanada Mane,Khanapur(Vita),91,Bamani,0.4,8.43,0.13,0.83,175.62,15.60,280.0,6.24,0.16,1.86,1.02,1.76,2.84
6463,883,Prabhavati Shivaji Patil,Khanapur(Vita),183,Bamani,0.4,8.50,0.22,1.15,112.90,9.36,190.4,7.20,0.22,1.98,0.68,9.52,3.14
6464,884,Prakash Hari Shinde,Khanapur(Vita),462,Bamani,0.4,8.51,0.13,1.28,213.25,21.40,291.2,4.27,2.04,1.85,0.74,1.62,11.10
6465,885,Prashant Dattatray Kulkarni,Khanapur(Vita),308,Bamani,0.4,8.39,0.83,0.81,175.62,16.49,403.2,4.58,0.24,1.85,0.92,5.40,1.42
6466,886,Pravin Dattatray Kulkarni,Khanapur(Vita),309,Bamani,0.4,8.28,0.65,1.06,188.16,28.08,291.2,8.16,1.10,1.96,1.26,7.36,3.24
6467,887,Raghunath Namdev Shinde,Khanapur(Vita),333,Bamani,0.4,8.50,0.14,0.74,125.44,17.83,257.6,12.65,0.54,1.84,1.16,6.64,2.22
6468,888,Rajaram Bapu Lengare,Khanapur(Vita),1056,Bamani,0.4,7.72,1.01,1.14,137.98,27.19,324.8,9.90,5.42,1.57,1.52,22.28,14.90
6469,889,Rajendra Aanandrao Patil,Khanapur(Vita),174,Bamani,0.4,8.19,0.51,1.24,163.07,20.95,224.0,10.86,1.42,1.98,0.78,8.26,5.84
6470,890,Ramchandra Aapa Sawant,Khanapur(Vita),27,Bamani,0.4,8.99,0.13,1.10,213.25,22.29,313.6,14.31,0.98,1.83,0.72,8.12,5.46
6471,891,Ramchandra Mahadev Gavali,Khanapur(Vita),336,Bamani,0.4,8.51,0.19,0.94,112.90,13.82,347.2,17.80,0.06,1.58,1.44,13.86,2.10
6472,892,Ramchandra Maruti Mali,Khanapur(Vita),1113,Bamani,0.4,7.70,0.54,0.90,175.62,34.77,336.0,12.26,0.42,1.24,4.44,22.98,4.62
6473,893,Rupali Lakshman Thombare,Khanapur(Vita),436,Bamani,0.4,8.36,0.48,1.15,163.07,26.30,436.8,15.79,3.60,1.48,2.76,8.92,6.18
6474,894,Sadanand Aba Shelake,Khanapur(Vita),478,Bamani,0.4,8.29,0.16,0.89,175.62,25.85,224.0,10.34,0.48,1.46,2.26,14.02,2.20
6475,895,Sanjay Bhagvan Sathe,Khanapur(Vita),356,Bamani,0.4,8.65,0.15,0.69,213.25,8.92,235.2,8.20,0.04,1.31,1.12,6.10,1.62
6476,896,Santosh Annaso Shinde,Khanapur(Vita),362,Bamani,0.4,8.85,0.14,0.94,213.25,9.36,358.4,14.00,0.68,1.34,0.74,3.40,4.08
6477,897,Sarjerao Sukhadev Shinde,Khanapur(Vita),1018,Bamani,0.4,8.36,0.19,1.24,137.98,25.41,392.0,16.27,3.58,1.10,0.94,2.64,4.72
6478,898,Shahaji Dhondiram Lengare,Khanapur(Vita),40,Bamani,0.4,8.62,0.16,1.33,175.62,9.36,369.6,12.91,0.46,1.04,0.92,4.72,5.78
6479,899,Shahaji Krushna Sawant,Khanapur(Vita),75,Bamani,0.4,8.49,0.22,0.86,188.16,28.53,280.0,6.80,4.52,0.44,0.76,3.32,5.10
6480,900,Shankar Vishwanath Gurav,Khanapur(Vita),682,Bamani,0.4,8.36,0.16,1.21,200.70,18.72,347.2,5.76,1.52,1.87,1.06,4.76,3.00
6481,901,Sharad Bhagvan Patil,Khanapur(Vita),346,Bamani,0.4,8.31,0.17,1.17,137.98,24.96,358.4,13.61,0.36,1.10,1.96,2.76,6.20
6482,902,Shivaji Hindurao Bhagat,Khanapur(Vita),345,Bamani,0.4,8.50,0.15,1.19,175.62,28.53,436.8,11.38,3.90,0.56,1.16,1.68,3.02
6483,903,Shobha Rajendra Patil,Khanapur(Vita),6,Bamani,0.4,8.17,0.18,0.90,125.44,12.04,380.8,6.41,0.88,0.72,1.20,3.12,5.80
6484,904,Srikant Dattatray Sapkal,Khanapur(Vita),391,Bamani,0.4,8.27,0.38,0.88,112.90,27.64,324.8,8.20,2.14,1.08,0.96,6.22,2.20
6485,905,Sukhabai Bhimrao Shinde,Khanapur(Vita),705,Bamani,0.4,8.23,0.31,0.81,137.98,17.83,313.6,6.50,0.14,1.41,0.98,2.84,1.74
6486,906,Sushila Shahaji Lengare,Khanapur(Vita),1057,Bamani,0.4,8.69,0.15,1.00,125.44,10.25,235.2,5.67,0.08,1.59,0.86,2.44,2.50
6487,907,Tanaji Sukhade Shelke,Khanapur(Vita),500,Bamani,0.4,8.29,0.16,1.10,100.35,16.05,257.6,9.73,0.20,1.53,1.80,14.42,2.66
6488,908,Tatoba Bapu Shinde,Khanapur(Vita),489,Bamani,0.4,8.41,0.25,0.65,112.90,26.75,347.2,11.52,0.36,0.83,0.92,2.10,3.16
6489,909,Vasant Bhavuso Shinde,Khanapur(Vita),433,Bamani,0.4,8.35,0.19,0.85,150.53,16.05,403.2,9.29,0.80,0.80,2.02,18.08,3.72
6490,910,Vasant Shahaji Shelake,Khanapur(Vita),788,Bamani,0.4,8.36,0.28,1.03,188.16,16.49,257.6,8.42,0.28,0.75,1.00,10.46,3.58
6491,911,Vidya Pawankumar Mane,Khanapur(Vita),89,Bamani,0.4,8.69,0.19,1.15,137.98,15.16,280.0,6.41,0.64,1.54,0.78,3.72,5.50
6492,912,Vijay Maruti Mane,Khanapur(Vita),756,Bamani,0.4,8.68,0.16,0.68,188.16,11.14,224.0,10.99,1.66,1.47,1.74,5.52,2.22
6493,913,Vijay Sripati Shinde,Khanapur(Vita),933,Bamani,0.4,8.30,0.31,0.53,150.53,12.93,212.8,7.55,0.10,0.73,0.98,3.28,10.24
6494,914,Vijaya Hanmant Mali,Khanapur(Vita),88,Bamani,0.4,8.63,0.15,0.57,100.35,18.28,268.8,6.02,2.52,0.95,0.82,2.34,8.44
6495,915,Vijaya Shivaji Maske,Khanapur(Vita),1127,Bamani,0.4,8.45,0.17,0.74,87.81,22.73,302.4,9.29,1.64,1.19,1.22,7.56,3.14
6496,916,Vilas Ganpati More,Khanapur(Vita),85/3,Bamani,0.4,8.95,0.14,0.86,163.07,11.59,246.4,7.94,0.40,1.37,1.08,1.92,2.30
6497,917,Vimal Sanjay Patil,Khanapur(Vita),307,Bamani,0.4,8.44,0.20,0.79,163.07,19.61,280.0,5.89,0.12,1.23,0.90,0.38,7.96
6498,918,Vitthal Vishwanath Gurav,Khanapur(Vita),681,Bamani,0.4,8.27,0.40,0.75,175.62,12.48,336.0,6.72,2.00,0.85,0.74,1.74,1.62
6499,921,Usha Sampad Jadhav,Khanapur(Vita),90,Menganwadi,0.4,8.71,0.26,0.75,112.90,33.88,470.40,10.25,0.34,1.17,2.48,12.64,0.88
6500,922,Uttam Namdev Jadhav,Khanapur(Vita),98,Menganwadi,0.4,8.63,0.22,0.74,125.44,26.75,481.60,3.32,0.32,1.21,2.56,5.82,3.70
6501,923,Ashok Kaka Jadhav,Khanapur(Vita),64,Menganwadi,0.4,8.67,0.29,0.75,188.16,24.52,470.40,2.97,0.26,0.89,2.20,7.16,2.58
6502,924,Arvind Panduranga Jadhav,Khanapur(Vita),99,Menganwadi,0.4,8.73,0.27,0.89,188.16,36.11,504.00,5.98,0.22,1.18,2.04,5.46,3.58
6503,925,Anusaya Bapu Jadhav,Khanapur(Vita),209,Menganwadi,0.4,8.80,0.28,0.76,125.44,22.73,347.20,3.93,0.22,1.37,1.94,2.86,2.24
6504,926,Ajay Vishnu Jadhav,Khanapur(Vita),19,Menganwadi,0.4,8.70,0.18,0.78,137.98,33.43,504.00,2.70,0.34,1.14,1.86,2.76,2.50
6505,927,Pandurang Dada Gaikwad,Khanapur(Vita),2,Menganwadi,0.4,8.76,0.23,0.76,163.07,29.87,504.00,4.75,0.20,0.97,1.82,6.02,1.38
6506,928,Yogesh Dinkar Pawar,Khanapur(Vita),141,Menganwadi,0.4,8.78,0.24,0.63,188.16,24.07,470.40,3.01,0.28,0.95,1.74,11.92,2.16
6507,929,Ramchandra Tukaram Khude,Khanapur(Vita),97,Menganwadi,0.4,8.72,0.25,0.75,137.98,25.41,448.00,3.53,0.22,0.96,2.16,7.84,1.04
6508,930,Tukaram Yashwant Jadhav,Khanapur(Vita),87,Menganwadi,0.4,8.72,0.28,0.85,150.53,26.30,492.80,6.63,0.24,0.97,2.10,11.24,1.16
6509,931,Arun Lakshman Jadhav,Khanapur(Vita),57,Menganwadi,0.4,8.74,0.27,0.69,213.25,27.19,481.60,3.75,0.20,0.98,2.04,11.16,1.74
6510,932,naanaso baburav Jadhav,Khanapur(Vita),98,Menganwadi,0.4,8.66,0.27,0.85,200.70,22.73,481.60,2.44,0.34,0.94,1.94,9.36,1.68
6511,933,Subrao Rajaram Jadhav,Khanapur(Vita),157,Menganwadi,0.4,8.73,0.21,0.71,137.98,24.96,504.00,2.31,0.28,0.99,1.94,1.14,1.76
6512,934,Panduranga Narayan Mane,Khanapur(Vita),78,Menganwadi,0.4,8.76,0.24,0.58,150.53,24.96,459.20,3.71,0.26,0.96,1.94,6.14,1.72
6513,935,Anil Sitaram Rajput,Khanapur(Vita),118,Menganwadi,0.4,8.74,0.25,0.68,150.53,30.76,470.40,2.18,0.28,0.95,1.86,3.38,2.28
6514,936,Dinkar Vishnu Gaikwad,Khanapur(Vita),152,Menganwadi,0.4,8.70,0.22,0.76,175.62,28.08,448.00,3.45,0.34,0.97,2.20,2.62,1.96
6515,937,Gunda Kishan Gaikwad,Khanapur(Vita),237,Menganwadi,0.4,8.68,0.26,0.81,175.62,28.97,336.00,2.27,0.32,0.97,2.28,7.58,2.24
6516,938,Shankar Hanuman Jadhav,Khanapur(Vita),85,Menganwadi,0.4,8.45,0.15,0.71,150.53,27.19,436.80,3.75,0.36,0.95,1.78,6.76,2.48
6517,939,Shivaji Ramchandra Jadhav,Khanapur(Vita),226,Menganwadi,0.4,8.71,0.13,0.50,163.07,28.53,492.80,2.92,0.44,0.97,1.82,1.50,2.36
6518,940,Shivaji Ishwar Jadhav,Khanapur(Vita),17,Menganwadi,0.4,8.70,0.16,0.63,112.90,28.97,459.20,3.36,0.38,0.98,1.96,0.54,2.42
6519,941,Vasant Lakshman Rajput,Khanapur(Vita),114,Menganwadi,0.4,8.79,0.12,0.60,125.44,23.63,190.40,4.01,0.26,0.97,1.56,0.56,2.26
6520,942,Devdas Namdev Nikam,Khanapur(Vita),58,Menganwadi,0.4,8.56,0.15,0.44,150.53,31.20,403.20,8.38,0.22,1.04,2.38,1.02,2.04
6521,943,Dhnaji Niurtti Jadhav,Khanapur(Vita),19,Menganwadi,0.4,8.78,0.12,0.75,188.16,26.30,470.40,5.85,0.24,0.99,1.72,0.74,2.82
6522,944,Sadashiv Tukaram Jadhav,Khanapur(Vita),18,Menganwadi,0.4,8.71,0.17,0.71,125.44,24.52,459.20,8.81,0.32,1.14,1.90,1.40,3.34
6523,945,Bhimrav Laximan Salunkhe,Khanapur(Vita),55,Menganwadi,0.4,8.76,0.14,0.63,150.53,14.71,313.60,7.33,0.28,1.18,1.96,1.48,3.08
6524,946,Vittal Raghu Gaykwad,Khanapur(Vita),221,Menganwadi,0.4,8.77,0.15,0.75,137.98,23.18,492.80,11.95,0.26,1.47,1.66,1.58,2.24
6525,947,Vilas Bhagwan Pawar,Khanapur(Vita),44,Menganwadi,0.4,8.76,0.16,0.92,188.16,17.83,470.40,9.38,0.42,1.01,1.80,0.90,2.34
6526,948,Shivaji Kashinath Pawar,Khanapur(Vita),48,Menganwadi,0.4,8.80,0.14,0.88,200.70,19.17,448.00,7.98,0.50,1.22,1.98,0.98,1.94
6527,949,Mhadev Kisan Rajput,Khanapur(Vita),107,Menganwadi,0.4,8.58,0.16,0.74,125.44,25.41,380.80,3.97,0.40,0.61,2.08,1.90,1.92
6528,950,Bhimrav Laxaman Rajput,Khanapur(Vita),119,Menganwadi,0.4,8.73,0.13,1.04,163.07,20.95,481.60,3.75,0.38,1.28,1.62,0.86,2.58
6529,951,Dhondiram Kisan Gaykwad,Khanapur(Vita),67,Menganwadi,0.4,8.54,0.18,0.69,137.98,18.28,403.20,7.59,0.28,0.69,1.78,1.50,2.40
6530,952,Rajaram Gangaram Patil,Khanapur(Vita),141,Menganwadi,0.4,8.77,0.12,0.57,150.53,21.40,347.20,8.38,0.62,0.71,1.58,0.86,1.54
6531,953,Eknath Vasanth Jadhav,Khanapur(Vita),73,Menganwadi,0.4,8.81,0.13,0.49,75.26,15.16,380.80,9.73,0.48,1.71,1.74,0.72,3.24
6532,954,Uttam Shrirang Jadhav,Khanapur(Vita),83,Menganwadi,0.4,8.75,0.14,0.71,150.53,26.75,414.40,10.25,0.40,1.42,1.92,1.18,2.86
6533,955,Sunil Shivaji Jadhav,Khanapur(Vita),88,Menganwadi,0.4,8.58,0.13,0.69,200.70,17.83,324.80,6.41,0.34,1.17,1.92,5.26,2.56
6534,956,Ganesh Akarama Jadhav,Khanapur(Vita),85,Menganwadi,0.4,8.76,0.34,0.49,175.62,15.16,436.80,5.58,0.30,1.31,1.92,2.44,2.74
6535,957,Satish Rhari Jadhav,Khanapur(Vita),14,Menganwadi,0.4,8.80,0.34,0.65,137.98,22.29,459.20,7.28,0.52,1.52,1.90,4.68,3.00
6536,958,Maruti Ganpati Gaykwad,Khanapur(Vita),34,Menganwadi,0.4,8.57,0.18,0.61,163.07,16.49,515.20,6.28,0.44,1.06,1.86,2.46,2.26
6537,959,Bharat sriranga Jadhav,Khanapur(Vita),97,Menganwadi,0.4,8.85,0.24,0.33,163.07,14.71,313.60,8.85,0.36,1.17,1.60,6.46,2.36
6538,960,Bhagwan Mahadev Jadhav,Khanapur(Vita),56,Menganwadi,0.4,8.87,0.22,0.71,163.07,13.37,291.20,11.43,0.32,0.61,1.72,8.72,2.40
6539,961,Pravin Sambhaji Jadhav,Khanapur(Vita),226,Menganwadi,0.4,8.85,0.19,0.72,150.53,21.40,369.60,12.52,0.24,0.62,1.88,4.70,2.62
6540,962,Prasad Sambhaji,Khanapur(Vita),227,Menganwadi,0.4,8.86,0.24,0.75,188.16,16.05,302.40,11.52,0.20,0.60,1.90,6.48,2.82
6541,963,Prabhakar Ramchandra Jadhav,Khanapur(Vita),178,Menganwadi,0.4,8.87,0.26,0.71,188.16,25.41,313.60,10.77,0.36,1.10,1.88,3.24,2.54
6542,964,Parvati Ramchandra Jadhav,Khanapur(Vita),72,Menganwadi,0.4,8.84,0.33,0.60,175.62,14.71,336.00,10.29,0.42,0.62,1.84,2.68,2.66
6543,965,Prakash nivritti Jadhav,Khanapur(Vita),84,Menganwadi,0.4,8.85,0.30,0.67,125.44,26.75,425.60,12.69,0.54,0.75,1.66,4.52,2.48
6544,966,Narayan Akram Jadhav,Khanapur(Vita),85,Menganwadi,0.4,8.86,0.31,0.83,137.98,32.99,492.80,8.29,0.62,0.71,1.76,5.08,3.08
6545,967,Parshuram Nana Jadhav,Khanapur(Vita),212,Menganwadi,0.4,8.82,0.21,0.93,188.16,24.07,425.60,5.37,0.32,1.02,1.92,6.20,2.96
6546,968,Nanaso Dnyandev Jadhav,Khanapur(Vita),94,Menganwadi,0.4,8.85,0.28,0.85,200.70,15.16,448.00,6.89,0.84,0.70,1.98,2.36,3.16
6547,969,Chandrakant Rang Rao Jadhav,Khanapur(Vita),151,Menganwadi,0.4,8.32,0.34,0.71,150.53,23.18,492.80,7.02,0.56,0.90,1.80,1.70,2.82
6548,970,Kalawati Lakshman Jadhav,Khanapur(Vita),229,Menganwadi,0.4,8.73,0.14,0.71,163.07,16.05,392.00,4.89,0.46,0.97,1.82,1.66,3.42
6549,971,Sudhakar Vithoba Jadhav,Khanapur(Vita),64,Menganwadi,0.4,8.77,0.21,0.54,175.62,18.72,504.00,10.21,0.52,0.81,1.88,4.72,3.04
6550,972,Sagar Ram Hari Jadhav,Khanapur(Vita),84,Menganwadi,0.4,8.82,0.23,0.69,163.07,25.41,156.80,9.86,0.54,1.11,1.86,1.60,3.00
6551,973,Sachin Parshuram Jadhav,Khanapur(Vita),209,Menganwadi,0.4,8.56,0.15,0.58,188.16,22.29,369.60,11.82,0.50,1.15,1.88,1.52,3.04
6552,974,Shankar Dnyanodav  Jadhav,Khanapur(Vita),34,Menganwadi,0.4,8.86,0.14,0.64,112.90,18.28,504.00,6.24,0.24,0.90,1.78,1.08,3.16
6553,975,Shubha Shivaji Jadhav,Khanapur(Vita),15,Menganwadi,0.4,8.85,0.18,0.71,163.07,19.61,302.40,8.55,0.30,1.13,1.82,2.72,3.22
6554,976,Shubham Maruti Jadhav,Khanapur(Vita),203,Menganwadi,0.4,8.77,0.21,0.72,75.26,14.26,302.40,4.23,1.04,1.41,1.94,2.52,3.30
6555,977,Sharda Yashwant Jadhav,Khanapur(Vita),2,Menganwadi,0.4,8.79,0.25,0.86,200.70,22.29,313.60,9.38,0.66,1.06,1.76,0.76,2.78
6556,978,Shahji nivruti Jadhav,Khanapur(Vita),34,Menganwadi,0.4,8.68,0.15,0.71,150.53,21.84,291.20,10.12,0.42,1.42,1.80,1.22,2.92
6557,979,Shashikant Bapu Jadhav,Khanapur(Vita),80,Menganwadi,0.4,8.87,0.19,0.60,188.16,27.19,280.00,6.32,0.36,1.22,1.96,1.80,3.32
6558,980,Vishal Dattatrey Jadhav,Khanapur(Vita),18,Menganwadi,0.4,8.72,0.22,0.71,163.07,18.28,302.40,7.28,0.50,1.28,1.84,4.82,3.38
6559,981,Vijay Ishwara Jadhav,Khanapur(Vita),75,Menganwadi,0.4,8.77,0.26,0.79,100.35,16.05,246.40,9.99,0.20,0.89,1.76,5.28,3.22
6560,982,Vijay kaka Jadhav,Khanapur(Vita),65,Menganwadi,0.4,8.72,0.36,0.68,150.53,20.95,291.20,15.14,0.68,0.79,1.72,3.68,3.26
6561,983,Varsha krishnadev Jadhav,Khanapur(Vita),233,Menganwadi,0.4,8.70,0.37,0.50,163.07,21.84,268.80,15.79,0.62,1.52,1.86,2.08,3.44
6562,984,Limbaji Tatoba Jadhav,Khanapur(Vita),37,Menganwadi,0.4,8.71,0.30,0.63,188.16,16.49,470.40,5.63,0.64,1.04,1.74,2.36,3.12
6563,985,Lakshmi Kaka Jadhav,Khanapur(Vita),64,Menganwadi,0.4,8.75,0.33,0.69,200.70,24.96,470.40,7.15,0.52,1.10,1.68,1.68,3.34
6564,986,Lakshman Mahadev Jadhav,Khanapur(Vita),111,Menganwadi,0.4,8.80,0.30,0.79,175.62,29.42,459.20,6.72,0.70,1.05,1.58,2.78,3.30
6565,987,Lakshman Narsu Jadhav,Khanapur(Vita),178,Menganwadi,0.4,8.77,0.27,0.85,163.07,26.30,313.60,5.93,0.34,1.08,1.62,1.64,3.54
6566,988,Rohit Gangaram Jadhav,Khanapur(Vita),66,Menganwadi,0.4,8.76,0.13,0.61,175.62,29.42,246.40,9.12,0.40,1.16,1.64,1.04,3.68
6567,989,Ritesh Dattatrey Jadhav,Khanapur(Vita),209,Menganwadi,0.4,8.78,0.30,0.83,150.53,24.07,336.00,10.82,0.74,0.91,1.72,1.74,3.82
6568,990,Ravsaheb Namdev Jadhav,Khanapur(Vita),100,Menganwadi,0.4,8.82,0.30,0.76,125.44,31.65,324.80,12.08,0.36,0.79,1.66,1.18,16.40
6569,991,Ramchandra nursu Jadhav,Khanapur(Vita),52,Menganwadi,0.4,8.76,0.29,0.69,200.70,22.73,291.20,7.20,0.32,0.97,1.72,2.10,16.22
6570,992,Ravindra Bhaskar Jadhav,Khanapur(Vita),176,Menganwadi,0.4,8.85,0.29,0.85,150.53,31.65,358.40,6.15,0.42,1.32,1.66,1.88,12.72
6571,993,Yashwant Kundli Jadhav,Khanapur(Vita),86,Menganwadi,0.4,8.79,0.30,0.63,137.98,22.73,369.60,5.45,0.72,1.08,1.72,3.76,15.40
6572,994,Mangal dhounde Ram Jadhav,Khanapur(Vita),25,Menganwadi,0.4,8.77,0.32,0.76,163.07,18.72,347.20,9.90,0.30,0.81,1.72,2.34,14.56
6573,995,Mohan Dadaso Jadhav,Khanapur(Vita),144,Menganwadi,0.4,8.80,0.34,0.89,188.16,14.71,280.00,8.46,0.72,1.10,1.84,3.24,13.80
6574,996,Maruti Baburao Jadhav,Khanapur(Vita),138,Menganwadi,0.4,8.75,0.35,0.75,200.70,18.72,280.00,7.94,0.30,1.11,1.88,3.04,15.00
6575,997,Bhaskar Tulsiram Jadhav,Khanapur(Vita),176,Menganwadi,0.4,8.81,0.31,0.44,163.07,16.05,280.00,4.27,0.38,0.74,1.84,3.00,17.94
6576,998,Balasu Kaka Jadhav,Khanapur(Vita),1,Menganwadi,0.4,8.84,0.21,0.74,137.98,19.61,257.60,6.85,0.48,0.65,1.56,3.56,13.84
6577,999,Pramod Sambhaji Jadhav,Khanapur(Vita),228,Menganwadi,0.4,8.85,0.22,0.88,150.53,24.96,302.40,11.78,0.36,0.56,1.90,2.20,11.82
6578,1000,Na nason Hari Jadhav,Khanapur(Vita),151,Menganwadi,0.4,8.87,0.23,0.57,125.44,21.40,403.20,7.81,0.58,0.54,1.88,1.96,12.22
6579,1001,Deepali Shankar Jadhav,Khanapur(Vita),141,Menganwadi,0.4,8.80,0.31,0.69,163.07,16.49,268.80,5.76,0.66,0.57,1.76,2.52,18.92
6580,1002,Deepak Babu Jadhav,Khanapur(Vita),232,Menganwadi,0.4,8.79,0.15,0.50,125.44,12.93,190.40,7.90,0.78,0.74,1.96,2.86,15.84
6581,1003,Dinkar Ramchandra Jadhav,Khanapur(Vita),178,Menganwadi,0.4,8.88,0.28,0.58,150.53,16.05,201.60,10.56,0.54,1.08,1.82,2.60,10.48
6582,1004,Taanaji Tatoba Jadhav,Khanapur(Vita),93,Menganwadi,0.4,8.86,0.34,0.72,175.62,18.28,280.00,7.59,0.68,1.01,1.90,1.80,13.66
6583,1005,DnaynDev Sopan Jadhav,Khanapur(Vita),22,Menganwadi,0.4,8.85,0.33,0.71,163.07,13.37,224.00,6.67,0.60,0.58,1.56,2.12,15.04
6584,1006,Jalandhar Babu Jadhav,Khanapur(Vita),105,Menganwadi,0.4,8.84,0.31,0.53,137.98,13.82,380.80,7.37,0.84,1.11,1.76,3.92,17.64
6585,1007,Ganesh Akram Jadhav,Khanapur(Vita),85,Menganwadi,0.4,8.87,0.32,0.44,150.53,12.48,358.40,6.28,0.72,0.75,1.60,2.74,17.66
6586,1013,Pandurang Yashwant More,Walva,23/9,Falakewadi (Chandawadi),0.25,8.08,0.39,0.97,200.70,20.06,235.2,6.28,0.24,0.70,1.76,6.28,2.52
6587,1014,Shivaji Maruti Pawar,Walva,144/2,Falakewadi (Chandawadi),0.25,8.04,0.38,1.06,263.42,45.47,168.0,5.85,1.00,0.87,1.62,9.46,2.84
6588,1015,Suresh Tanaji Pawar,Walva,142/5,Falakewadi (Chandawadi),0.22,8.14,0.45,0.65,250.88,28.97,280.0,8.20,0.14,0.71,1.84,8.36,2.12
6589,1016,Subhash Ganpati Katkar,Walva,120/14,Falakewadi (Chandawadi),0.26,8.06,0.11,0.68,263.42,30.31,828.8,4.32,0.84,0.79,1.84,8.22,1.98
6590,1017,Ashok Balu Phalke,Walva,120/10,Falakewadi (Chandawadi),0.2,8.06,0.34,0.71,263.42,22.29,179.2,10.82,0.70,0.94,1.82,6.56,2.08
6591,1018,Kumar Shankar Phalke,Walva,120,Falakewadi (Chandawadi),0.4,7.87,0.34,0.60,263.42,27.64,190.4,3.93,0.50,0.92,2.70,13.08,2.36
6592,1019,Vyankat Bhagwan Mane,Walva,119,Falakewadi (Chandawadi),0.22,7.93,0.43,1.07,175.62,19.17,392.0,5.23,0.44,0.67,1.86,17.64,3.82
6593,1020,Mohan Dhondiram Mane,Walva,118,Falakewadi (Chandawadi),0.3,7.88,0.42,0.76,163.07,50.82,291.2,4.93,2.04,0.75,1.28,7.54,2.02
6594,1021,Vinod Dhondiram Mane,Walva,117,Falakewadi (Chandawadi),0.42,8.18,0.32,0.61,188.16,24.52,257.6,2.66,0.24,0.84,2.78,8.46,2.42
6595,1022,Banda Ganpati Apugade,Walva,115/1,Falakewadi (Chandawadi),0.4,8.23,0.30,0.76,250.88,16.94,224.0,4.14,0.20,1.07,2.12,5.72,3.18
6596,1023,Nanaso Ganpati Apugade,Walva,115/2,Falakewadi (Chandawadi),0.4,8.08,0.38,0.79,213.25,43.24,313.6,6.37,0.52,0.69,2.56,6.92,2.22
6597,1024,Balaso Sitaram Apugade,Walva,115,Falakewadi (Chandawadi),0.4,7.89,0.78,0.93,163.07,43.68,224.0,10.91,1.04,0.62,2.18,6.50,2.28
6598,1025,Vilas Bhagwan Mane,Walva,114,Falakewadi (Chandawadi),0.22,7.96,0.48,0.64,288.51,30.31,728.0,8.72,1.04,0.68,1.98,3.22,2.24
6599,1026,Vikas Bhagwan Mane,Walva,113,Falakewadi (Chandawadi),0.22,7.50,1.32,0.90,163.07,27.64,403.2,8.77,0.36,0.88,2.20,13.46,2.46
6600,1027,Mohan Rangrao Phalke,Walva,112/4,Falakewadi (Chandawadi),0.22,7.81,1.43,0.75,238.34,37.44,515.2,9.38,0.56,0.55,2.26,5.42,2.28
6601,1028,Sachin Appaso Apugade,Walva,108/11,Falakewadi (Chandawadi),0.28,7.78,1.00,0.89,188.16,26.75,280.0,9.60,0.88,0.64,2.24,6.04,2.22
6602,1029,Maruti Ganu Apugade,Walva,107/2,Falakewadi (Chandawadi),0.4,7.99,0.62,0.97,150.53,38.34,515.2,8.68,1.54,0.63,2.22,18.98,3.26
6603,1030,Vishwas Mahadev Apugade,Walva,106/4,Falakewadi (Chandawadi),0.4,8.07,0.47,0.86,100.35,32.54,414.4,4.75,1.34,0.61,2.66,17.18,3.00
6604,1031,Ladkya Hanbirrao Sawant,Walva,106/5,Falakewadi (Chandawadi),0.25,8.10,0.50,0.60,137.98,24.07,201.6,3.71,0.32,0.77,2.52,9.02,2.06
6605,1032,Sambhaji Ananda Jadhav,Walva,105/6,Falakewadi (Chandawadi),0.22,8.05,0.37,0.72,150.53,21.40,268.8,5.89,0.24,0.61,2.40,15.76,2.72
6606,1033,Arun Mahadev Apugade,Walva,99/6,Falakewadi (Chandawadi),0.34,8.03,0.52,0.94,200.70,58.39,526.4,6.67,0.34,0.58,2.48,7.32,2.06
6607,1034,Bajrang Krishna Jadhav,Walva,99/1,Falakewadi (Chandawadi),0.24,8.26,0.45,1.07,188.16,23.63,548.8,5.10,0.56,0.56,2.68,9.32,3.00
6608,1035,Suresh Raghunath Jadhav,Walva,99/1,Falakewadi (Chandawadi),0.35,8.28,0.42,0.76,225.79,26.30,504.0,4.19,0.70,0.83,2.38,14.78,2.64
6609,1036,Mahesh Lalaso Sawant,Walva,99/2,Falakewadi (Chandawadi),0.27,7.96,0.37,0.43,275.97,27.19,134.4,3.84,0.36,0.72,2.14,5.34,1.78
6610,1037,Rajashri Raghunath Malekar,Walva,92,Falakewadi (Chandawadi),0.31,8.35,0.49,0.94,137.98,26.30,582.4,3.84,0.82,0.69,1.88,14.48,3.16
6611,1038,Mahavir Annaso Shelke,Walva,91/2,Falakewadi (Chandawadi),0.32,7.99,0.35,0.88,250.88,32.54,324.8,7.28,0.30,0.72,2.88,11.44,2.62
6612,1039,Lalaso Dnyandev Sawant,Walva,90/3,Falakewadi (Chandawadi),0.34,7.73,0.36,0.85,263.42,24.96,380.8,6.85,0.84,0.68,3.88,20.56,3.00
6613,1040,Vaibhav Hanbirrao Sawant,Walva,88/1,Falakewadi (Chandawadi),0.38,8.30,0.38,1.06,275.97,25.85,280.0,5.45,0.26,0.81,2.64,10.88,3.78
6614,1041,Prajwal Vaibhav Sawant,Walva,88,Falakewadi (Chandawadi),0.4,8.47,0.40,0.97,200.70,18.72,470.4,4.62,0.42,0.81,3.18,8.88,3.22
6615,1042,Pruthviraj Prakash Katkar,Walva,87/5,Falakewadi (Chandawadi),0.33,8.15,0.52,0.99,301.06,17.83,403.2,4.41,0.32,0.91,2.84,27.48,4.18
6616,1043,Niwas Jaysing Katkar,Walva,87/1,Falakewadi (Chandawadi),0.28,8.12,0.34,0.69,163.07,28.08,604.8,2.75,0.40,0.54,3.02,5.42,2.28
6617,1044,Nitin Balaso Apugade,Walva,85,Falakewadi (Chandawadi),0.24,8.41,0.34,0.93,150.53,23.63,470.4,2.36,0.46,0.51,2.92,10.60,3.04
6618,1045,Nita Sachin Chand,Walva,81/1,Falakewadi (Chandawadi),0.4,8.03,0.38,0.88,75.26,18.72,347.2,5.37,0.22,0.75,2.88,7.18,2.28
6619,1046,Pandit Ramchandra Mane,Walva,79/3,Falakewadi (Chandawadi),0.24,8.08,0.55,0.74,200.70,47.25,492.8,8.55,0.22,0.97,2.98,9.20,2.48
6620,1047,Sambhaji Balaso Patil,Walva,78/1,Falakewadi (Chandawadi),0.33,8.19,0.44,0.96,175.62,29.87,313.6,7.59,0.68,0.65,3.28,6.78,2.18
6621,1048,Sambhaji Maruti Pawar,Walva,78/8,Falakewadi (Chandawadi),0.2,8.07,0.40,1.00,175.62,49.48,694.4,2.62,2.18,0.51,3.56,7.90,2.36
6622,1049,Tanaji Vishwas Patil,Walva,78/9,Falakewadi (Chandawadi),0.33,8.38,0.40,1.10,175.62,24.74,784.0,2.53,0.24,0.63,2.68,9.80,2.32
6623,1050,Shamshuddin Usman Vathare,Walva,74,Falakewadi (Chandawadi),0.3,7.60,1.00,0.99,100.35,37.44,470.4,12.21,0.28,0.77,2.96,9.44,2.56
6624,1051,Vikas Jaysing Phalke,Walva,72/2,Falakewadi (Chandawadi),0.35,8.38,0.33,0.82,163.07,20.95,358.4,6.89,0.46,0.57,2.30,9.96,3.58
6625,1052,Vinayak Gangaram Phalke,Walva,71/2,Falakewadi (Chandawadi),0.36,8.41,0.39,1.07,238.34,19.61,504.0,8.03,0.62,0.67,2.28,3.90,2.34
6626,1053,Amol Mahadev Katkar,Walva,69/4,Falakewadi (Chandawadi),0.35,8.44,0.39,0.76,238.34,28.97,224.0,7.20,0.30,0.57,2.92,9.10,2.08
6627,1054,Rajakka Shankarrao Katkar,Walva,66,Falakewadi (Chandawadi),0.32,8.30,0.36,0.93,275.97,19.17,235.2,7.02,1.72,0.71,3.44,10.66,3.38
6628,1055,Manik Rajaram Apugade,Walva,63/4,Falakewadi (Chandawadi),0.33,8.30,0.37,0.89,188.16,28.53,212.8,5.76,1.58,0.65,2.38,4.40,2.38
6629,1056,Pandurang Shankar Apugade,Walva,63/2,Falakewadi (Chandawadi),0.4,8.13,0.74,0.81,263.42,24.07,492.8,16.75,1.98,0.52,3.44,8.26,2.18
6630,1057,Tanaji Rajaram Apugade,Walva,63,Falakewadi (Chandawadi),0.36,8.00,0.30,0.46,137.98,37.89,336.0,4.45,0.78,0.51,3.40,15.16,3.24
6631,1058,Gangaram Bhau Phalke,Walva,59/2a,Falakewadi (Chandawadi),0.35,8.00,0.26,0.83,150.53,35.22,481.6,17.40,0.76,0.65,2.46,15.90,3.52
6632,1059,Vijay Jaysing Katkar,Walva,58/4,Falakewadi (Chandawadi),0.31,7.81,1.08,0.44,200.70,32.99,336.0,5.63,0.38,0.75,3.64,9.54,2.20
6633,1060,Vishwas Kondiba Kshirsagar,Walva,57/2,Falakewadi (Chandawadi),0.4,8.05,0.60,0.72,163.07,32.99,492.8,7.42,0.28,0.64,4.10,11.92,2.20
6634,1061,Shivaji Shankar Malekar,Walva,54/5,Falakewadi (Chandawadi),0.35,7.73,1.09,0.63,200.70,24.07,537.6,5.32,1.44,0.72,3.26,10.76,3.30
6635,1062,Tanaji Jyotiram Phalke,Walva,51/1a,Falakewadi (Chandawadi),0.4,8.26,0.59,0.63,263.42,25.41,268.8,7.24,0.28,0.83,2.50,10.90,3.60
6636,1063,Ashok Tanaji Phalke,Walva,51/16,Falakewadi (Chandawadi),0.29,8.28,0.48,1.13,100.35,36.11,246.4,5.85,0.68,0.56,3.28,6.98,3.02
6637,1064,Deepak Balaso Phalke,Walva,51/17,Falakewadi (Chandawadi),0.4,8.16,0.38,0.69,263.42,22.73,224.0,4.41,0.44,0.58,3.02,15.28,2.14
6638,1065,Mohammad Isak Chandso Pirzade,Walva,50,Falakewadi (Chandawadi),0.37,7.89,0.49,0.72,175.62,33.88,313.6,4.71,0.98,0.61,3.82,17.10,2.44
6639,1066,Pravin Satish Phalke,Walva,48/3/4,Falakewadi (Chandawadi),0.23,8.38,0.45,0.58,263.42,26.75,392.0,7.85,0.30,0.77,4.24,9.08,3.36
6640,1067,Shahaji Balasaheb Phalke,Walva,48/1,Falakewadi (Chandawadi),0.33,8.29,0.38,0.44,250.88,30.76,392.0,6.72,0.28,0.61,3.62,6.12,2.62
6641,1068,Dilip Bapuso Phalke,Walva,47/2,Falakewadi (Chandawadi),0.23,8.18,0.51,0.97,238.34,29.87,347.2,5.93,0.24,0.62,3.50,26.18,3.84
6642,1069,Alka Ramchandra Chand,Walva,46/1/2/3,Falakewadi (Chandawadi),0.35,8.23,0.68,1.03,200.70,25.41,627.2,9.12,2.40,0.64,3.14,16.24,2.44
6643,1070,Babaso Dattu Chand,Walva,46/7,Falakewadi (Chandawadi),0.38,8.47,0.35,0.76,150.53,27.64,537.6,10.82,0.70,0.55,3.32,14.34,2.32
6644,1071,Bajrang Raghunath Chand,Walva,46/4,Falakewadi (Chandawadi),0.34,8.45,0.37,0.54,150.53,24.96,212.8,8.77,0.44,0.88,3.50,6.96,2.78
6645,1072,Bajirao Bapu Phalke,Walva,45/4a,Falakewadi (Chandawadi),0.38,8.40,0.30,0.58,200.70,28.53,358.4,6.15,0.24,0.72,3.10,9.76,2.98
6646,1073,Vishnu Anandrao Chand,Walva,45/1b,Falakewadi (Chandawadi),0.3,8.25,0.34,0.53,175.62,15.16,190.4,5.23,0.40,0.65,3.32,4.24,2.88
6647,1074,Dattatray Bajrang Chand,Walva,44/5,Falakewadi (Chandawadi),0.38,8.28,0.28,0.56,100.35,26.30,179.2,9.60,0.56,0.69,3.24,3.68,4.10
6648,1075,Kamal Vitthal Chand,Walva,44/12,Falakewadi (Chandawadi),0.4,8.33,0.42,0.49,188.16,14.71,313.6,8.29,0.60,1.07,3.26,7.56,2.92
6649,1076,Vikas Vitthal Chand,Walva,44/6,Falakewadi (Chandawadi),0.4,8.51,0.33,0.93,175.62,23.18,492.8,7.98,0.34,0.84,3.00,5.82,2.60
6650,1077,Sachin Yashwant Mane,Walva,43/4,Falakewadi (Chandawadi),0.4,8.35,0.30,0.64,150.53,26.30,560.0,4.32,0.38,0.75,3.28,9.04,3.14
6651,1078,Pravin Shivaji Mane,Walva,41/2,Falakewadi (Chandawadi),0.23,8.33,0.31,0.92,175.62,18.72,168.0,5.76,0.24,0.67,3.06,4.32,2.42
6652,1079,Vishwas Ananda Chand,Walva,40,Falakewadi (Chandawadi),0.39,8.47,0.28,0.67,175.62,26.75,168.0,7.85,0.34,0.92,3.22,8.72,3.88
6653,1080,Rajvardhan Ganesh Patil,Walva,35/9,Falakewadi (Chandawadi),0.37,8.42,0.26,0.92,150.53,31.65,414.4,5.80,0.22,0.94,3.76,6.18,3.20
6654,1081,Rahul Lalaso Phalke,Walva,34/1,Falakewadi (Chandawadi),0.28,8.24,0.31,0.75,137.98,29.42,302.4,4.84,0.20,0.83,3.28,5.70,3.16
6655,1082,Shakuntala Lalaso Phalke,Walva,34/8,Falakewadi (Chandawadi),0.22,8.35,0.26,0.68,175.62,28.08,268.8,8.72,0.30,0.72,3.50,8.66,2.76
6656,1083,Kishor Shripati Chand,Walva,34/9,Falakewadi (Chandawadi),0.29,8.37,0.32,0.75,163.07,21.84,403.2,4.58,1.76,0.87,3.96,17.92,3.54
6657,1084,Shivaji Ramchandra Mane,Walva,33/4,Falakewadi (Chandawadi),0.37,7.97,0.36,0.85,150.53,24.52,425.6,6.46,1.32,0.70,3.70,14.18,4.56
6658,1085,Sanjay Pandurang Shinde,Walva,28/4,Falakewadi (Chandawadi),0.39,7.95,0.72,0.92,301.06,26.30,380.8,6.19,2.08,0.82,3.22,19.20,3.88
6659,1086,Vijay Pandurang Shinde,Walva,28/3,Falakewadi (Chandawadi),0.39,8.32,0.57,0.96,137.98,21.40,470.4,8.46,1.28,0.88,3.64,13.40,2.56
6660,1087,Rajendra Dattatray Shinde,Walva,28/2,Falakewadi (Chandawadi),0.4,8.45,0.39,0.64,87.81,31.20,280.0,8.77,3.92,0.80,3.22,8.82,3.74
6661,1088,Ravindra Dattatray Shinde,Walva,28/1,Falakewadi (Chandawadi),0.4,8.29,0.35,0.75,137.98,19.17,324.8,10.91,0.26,0.85,3.04,10.54,2.52
6662,1089,Kalpana Sunil Mane,Walva,27,Falakewadi (Chandawadi),0.26,8.20,0.34,0.29,250.88,19.61,324.8,7.68,0.30,1.06,3.26,5.18,2.62
6663,1090,Pushpa Anil Mane,Walva,26,Falakewadi (Chandawadi),0.27,8.22,0.31,0.72,112.90,25.41,201.6,6.24,0.36,1.05,3.48,5.50,2.44
6664,1091,Vimal Arvind Mane,Walva,26/1,Falakewadi (Chandawadi),0.27,8.18,0.53,0.61,238.34,22.73,302.4,7.20,0.26,0.81,3.22,21.92,2.60
6665,1092,Shashikant Ananda Khot,Walva,24/1,Falakewadi (Chandawadi),0.27,8.25,0.28,0.82,175.62,24.52,179.2,4.27,0.50,0.77,2.90,8.12,3.86
6666,1093,Sunanda Pandurang More,Walva,24/2,Falakewadi (Chandawadi),0.27,8.10,0.58,0.58,188.16,29.87,201.6,4.58,0.52,0.64,3.96,8.00,3.38
6667,1094,Rajendra Babu Phalke,Walva,23,Falakewadi (Chandawadi),0.27,8.23,0.55,0.51,213.25,36.11,660.8,7.85,1.00,0.82,2.84,4.40,3.80
6668,1095,Shripati Tatoba Chand,Walva,23/6,Falakewadi (Chandawadi),0.26,8.25,0.51,0.72,175.62,24.07,660.8,8.29,0.36,0.95,2.82,6.10,4.18
6669,1096,Mahadev Dattu Phalke,Walva,23/1,Falakewadi (Chandawadi),0.4,8.19,0.53,0.57,213.25,28.97,616.0,5.54,0.58,0.98,2.78,8.86,3.32
6670,1097,Pralhad Shripati Chand,Walva,21,Falakewadi (Chandawadi),0.22,8.21,0.54,0.44,137.98,19.17,582.4,10.86,0.22,1.09,2.82,10.80,3.68
6671,1098,Vasant Bapu Patil,Walva,15/5,Falakewadi (Chandawadi),0.25,8.04,0.60,0.64,125.44,27.19,403.2,5.58,2.04,1.17,2.94,13.92,3.78
6672,1099,Sanjay Ramchandra Phalke,Walva,8/3,Falakewadi (Chandawadi),0.4,8.23,0.46,0.67,163.07,20.06,291.2,17.80,0.30,0.96,3.40,5.08,4.00
6673,1100,Sambhaji Rajaram Apugade,Walva,6,Falakewadi (Chandawadi),0.22,8.45,0.38,0.71,137.98,31.65,582.4,7.90,0.48,0.90,3.10,6.44,2.72
6674,1101,Shivaji Vasant Apugade,Walva,5/14,Falakewadi (Chandawadi),0.21,8.01,0.43,0.75,225.79,20.95,336.0,7.07,0.30,0.78,2.82,18.98,3.70
6675,1102,Sayaji Rajaram Jadhav,Walva,4,Falakewadi (Chandawadi),0.25,8.03,0.56,0.53,163.07,19.17,324.8,10.08,1.56,0.89,3.14,18.42,3.24
6676,1103,Vishwas Sitaram Jadhav,Walva,3/1,Falakewadi (Chandawadi),0.36,7.86,0.53,0.44,238.34,22.73,380.8,4.71,0.42,0.92,3.00,26.46,3.90
6677,1104,Tanaji Rangrao Jadhav,Walva,2/9,Falakewadi (Chandawadi),0.32,8.24,0.61,0.42,250.88,27.64,302.4,5.28,1.02,1.00,3.14,12.68,2.78
6678,1105,Jyotiram Vishnu mane,Walva,327,Malewadi,0.28,8.30,0.25,0.65,188.16,11.14,179.2,6.06,0.86,0.95,1.36,7.08,5.12
6679,1106,Prashant vishnu mane,Walva,415,Malewadi,0.4,8.04,0.35,0.68,263.42,11.59,190.4,5.63,1.32,0.78,2.26,20.84,6.58
6680,1107,maruti dnyanu mane,Walva,362,Malewadi,0.15,8.49,0.20,0.54,225.79,10.25,201.6,5.50,0.52,0.74,1.68,0.94,3.24
6681,1108,pandurang jaysing suryvanshi,Walva,350/1,Malewadi,0.6,8.30,0.28,0.86,163.07,19.61,190.4,5.23,0.88,0.82,1.86,3.02,3.26
6682,1109,balasaheb shamrao mane,Walva,389,Malewadi,0.3,8.20,0.33,0.68,150.53,12.93,145.6,6.06,0.80,0.78,1.98,2.98,3.54
6683,1110,bhimrao dhondi mane,Walva,378,Malewadi,0.34,8.21,0.24,0.61,163.07,14.26,134.4,5.28,1.24,0.83,2.02,1.58,3.38
6684,1111,Anadrao hindurao surywanshi,Walva,373,Malewadi,0.73,8.26,0.23,0.76,137.98,8.47,134.4,5.15,1.18,0.73,2.02,3.40,3.04
6685,1112,arjun sakharam mane,Walva,206,Malewadi,0.63,8.06,0.32,0.79,137.98,11.59,190.4,4.75,0.94,0.74,2.14,1.60,3.22
6686,1113,Suresh janardan methe,Walva,201,Malewadi,0.28,8.24,0.30,0.63,200.70,12.93,190.4,6.50,0.76,0.85,2.30,2.96,2.78
6687,1114,shashikant anada suryawansho,Walva,885,Malewadi,0.4,8.12,0.36,0.65,200.70,17.83,145.6,7.90,0.96,0.86,2.46,3.46,3.00
6688,1115,popat bapu mane,Walva,384,Malewadi,0.66,7.75,0.52,0.65,238.34,15.60,280.0,5.19,1.14,0.72,2.54,2.90,3.46
6689,1116,kundalik jaysing suryawanshi,Walva,370,Malewadi,0.6,8.00,0.41,0.83,163.07,31.65,448.0,6.63,1.26,0.70,2.56,4.30,3.78
6690,1117,krushnath dhondi mane,Walva,275,Malewadi,0.3,7.74,0.25,0.54,163.07,7.13,212.8,5.02,0.82,0.81,3.46,10.74,3.76
6691,1118,milind babaso vaje,Walva,320,Malewadi,0.25,8.35,0.19,0.82,213.25,7.58,134.4,5.63,1.18,0.78,2.30,2.04,4.06
6692,1119,vijaya banaso jadhav,Walva,369,Malewadi,0.4,8.41,0.18,0.46,200.70,5.79,145.6,5.50,0.68,0.76,2.50,1.92,2.56
6693,1120,jivan janardan patil,Walva,478,Malewadi,0.8,8.03,0.14,0.43,225.79,6.69,123.2,4.97,0.60,0.89,3.02,2.74,3.30
6694,1121,sambhaji shivaji mane,Walva,395,Malewadi,1,8.43,0.13,0.29,213.25,6.24,201.6,4.75,0.58,0.64,2.94,0.44,2.32
6695,1122,dipak vishwas hwaldar,Walva,486,Malewadi,0.3,8.01,0.20,0.42,150.53,20.95,134.4,5.54,1.02,0.81,3.32,1.52,3.68
6696,1123,sanjay shrirang gurav,Walva,477,Malewadi,0.4,7.72,0.13,0.47,213.25,21.84,112.0,5.06,1.28,0.67,3.12,2.42,2.62
6697,1124,swanand babaso jadhav,Walva,769,Malewadi,0.61,7.67,0.44,0.97,213.25,13.82,470.4,3.62,1.70,0.70,3.28,8.60,4.04
6698,1125,tanaji bapu patil,Walva,487,Malewadi,0.6,8.19,0.35,0.78,213.25,13.82,459.2,5.54,0.88,0.75,2.80,1.82,4.02
6699,1126,ravindra shiwaji khadke,Walva,509,Malewadi,0.54,7.83,0.19,0.79,163.07,13.82,123.2,5.28,0.72,0.69,3.40,8.02,2.88
6700,1127,kundalik bapu khadke,Walva,518,Malewadi,0.4,7.98,0.18,0.61,137.98,14.71,156.8,5.32,0.90,0.78,3.04,7.12,3.58
6701,1128,pandurang akaram khadke,Walva,516,Malewadi,0.6,8.03,0.76,0.89,188.16,16.94,526.4,5.81,0.86,0.54,3.16,7.30,3.80
6702,1129,ankush shripati khadke,Walva,534,Malewadi,0.3,8.35,0.21,0.89,175.62,12.04,212.8,7.15,0.68,0.90,3.04,1.28,4.02
6703,1130,vikas shiwaji patil,Walva,490,Malewadi,0.4,7.60,0.29,0.90,150.53,22.29,212.8,6.63,2.68,0.66,4.22,4.88,4.34
6704,1131,rushikesh atmaram patil,Walva,791,Malewadi,0.3,8.40,0.19,0.83,175.62,16.49,156.8,5.93,0.94,0.64,3.18,7.42,5.60
6705,1132,bajirao mahadev vaje,Walva,435,Malewadi,0.2,8.24,0.27,0.86,137.98,13.82,280.0,7.81,5.32,0.83,3.18,7.22,6.62
6706,1133,kundalik pandurang kolekar,Walva,314,Malewadi,0.6,7.90,0.28,0.75,175.62,17.38,358.4,6.02,1.98,0.77,3.96,3.12,4.10
6707,1134,bajirao akaram patil,Walva,745,Malewadi,0.18,7.69,0.55,0.79,200.70,17.83,201.6,5.45,1.84,0.74,3.66,10.36,4.80
6708,1135,sushila bhimrao patil,Walva,453,Malewadi,0.5,8.16,0.26,0.89,200.70,20.50,313.6,6.37,1.74,0.78,3.50,17.56,5.04
6709,1136,mahadev yashvant kolekar,Walva,529,Malewadi,0.4,8.14,0.33,0.96,150.53,20.06,336.0,6.85,0.94,0.63,3.56,5.58,4.20
6710,1137,plhad vasant patil,Walva,588,Malewadi,0.4,8.09,0.39,0.97,200.70,17.38,324.8,7.55,1.14,0.73,3.84,8.52,4.22
6711,1138,shiwaji dattatry patil,Walva,564,Malewadi,0.18,7.75,1.08,0.43,175.62,16.49,470.4,6.15,1.16,0.82,4.92,23.92,4.82
6712,1139,sharda adinath patil,Walva,757,Malewadi,0.4,8.45,0.18,0.58,163.07,26.30,201.6,5.32,0.80,0.71,4.22,12.90,2.42
6713,1140,maruti mahadev patil,Walva,589,Malewadi,0.74,7.49,0.52,0.71,137.98,10.70,313.6,7.20,1.50,0.70,3.94,16.56,4.84
6714,1141,netaji anna patil,Walva,573,Malewadi,0.3,8.18,0.18,0.76,150.53,16.05,212.8,7.50,0.68,0.80,4.40,7.32,4.24
6715,1142,pandurang dattatry patil,Walva,550,Malewadi,0.2,7.70,0.21,0.88,150.53,15.60,190.4,7.63,0.62,0.74,4.56,19.22,3.52
6716,1143,tanaji sitaram patil,Walva,641,Malewadi,0.4,7.28,0.64,0.93,175.62,25.85,481.6,5.98,0.38,0.91,5.26,31.62,4.94
6717,1144,vilas appa patil,Walva,576,Malewadi,0.1,8.28,0.16,1.11,150.53,27.64,201.6,6.59,0.56,0.83,4.76,3.88,5.64
6718,1145,sanjay mahadev patil,Walva,584,Malewadi,0.4,7.89,0.17,0.71,163.07,14.71,123.2,5.41,0.26,0.71,4.66,13.46,4.16
6719,1146,nagnath vishnu jadhav,Walva,631,Malewadi,0.35,7.87,0.35,0.85,213.25,9.36,280.0,4.97,0.28,0.67,4.08,17.54,4.88
6720,1147,mansing parshuram patil,Walva,655,Malewadi,0.3,7.96,0.34,0.58,175.62,26.75,179.2,5.76,0.34,0.82,4.70,10.30,4.86
6721,1148,shamrao bapu bhosle,Walva,698,Malewadi,0.4,7.62,1.80,0.88,200.70,20.95,168.0,6.59,1.08,0.94,3.94,13.74,6.20
6722,1149,prakash jagnnath khirsagar,Walva,711,Malewadi,0.1,7.85,0.80,0.53,188.16,32.09,515.2,7.94,1.20,0.78,4.18,38.42,3.60
6723,1150,hambhirrao dnyanu kshirsagar,Walva,718,Malewadi,0.3,7.96,0.31,0.83,175.62,13.37,224.0,3.66,0.66,0.97,4.36,23.34,3.78
6724,1151,dattatrya shripati kshirsagar,Walva,708,Malewadi,0.18,8.17,0.47,0.67,150.53,24.52,403.2,4.06,0.68,0.85,4.24,9.30,4.84
6725,1152,hindurao ramchandra kshirsagar,Walva,615,Malewadi,0.18,7.90,0.25,0.64,175.62,20.95,168.0,9.16,0.30,0.78,4.66,9.10,3.74
6726,1153,ananda dnyanu hujare,Walva,557,Malewadi,0.5,7.27,0.27,0.61,137.98,12.04,179.2,9.86,0.16,0.94,13.78,11.62,7.22
6727,1154,ajiaj kasam mulla,Walva,555,Malewadi,0.3,7.93,0.25,1.08,175.62,18.72,358.4,9.29,0.18,0.84,4.80,26.04,6.58
6728,1155,govind tatoba kshirsagar,Walva,601,Malewadi,0.2,8.15,0.37,0.46,150.53,18.28,212.8,9.07,0.22,0.72,4.54,18.88,2.32
6729,1156,jalindar ganpati patil,Walva,769,Malewadi,0.6,8.05,0.55,0.78,163.07,14.71,526.4,7.33,0.22,1.07,4.80,11.32,3.22
6730,1157,manik mahadev patil,Walva,299,Malewadi,0.4,8.09,0.41,1.13,137.98,15.16,380.8,7.90,0.16,0.90,4.46,13.42,5.02
6731,1158,baban dattu khot,Walva,762,Malewadi,0.8,8.04,0.78,0.97,213.25,16.05,190.4,6.76,0.54,0.83,5.04,4.36,4.14
6732,1159,sagar sarjerao benade,Walva,729,Malewadi,0.2,7.74,0.17,0.67,150.53,12.04,212.8,7.94,0.30,0.91,6.38,23.24,3.52
6733,1160,babasaheb shamrao mane,Walva,668,Malewadi,0.35,8.29,0.15,0.78,188.16,21.40,190.4,8.85,0.26,0.88,4.82,8.24,4.06
6734,1161,vinay jalindar patil,Walva,597,Malewadi,0.8,7.58,1.09,0.93,137.98,17.38,235.2,5.76,0.14,0.98,4.78,24.34,5.34
6735,1162,mahadev bajirao patil,Walva,825,Malewadi,0.39,7.30,0.43,1.00,188.16,14.26,448.0,4.80,0.20,0.92,10.98,13.76,7.02
6736,1163,dipak damaji mohite,Walva,115,Malewadi,0.49,7.99,0.73,0.67,137.98,16.05,201.6,6.72,1.46,0.84,4.46,20.30,5.56
6737,1164,vidya sunil atugade,Walva,120,Malewadi,0.4,8.42,0.16,0.64,163.07,16.94,526.4,8.11,0.44,1.06,4.48,16.46,6.28
6738,1165,shankar ramchandra mane,Walva,91,Malewadi,0.13,7.62,0.87,1.03,175.62,17.83,224.0,9.51,0.20,0.58,4.34,38.64,6.36
6739,1166,sambhaji baburao jadhav,Walva,86,Malewadi,0.8,7.05,0.38,0.81,175.62,20.06,156.8,9.73,0.14,0.85,14.44,17.00,5.92
6740,1167,Sardar Gorakhnath Jadhav,Walva,568/1,Malewadi,0.26,8.25,0.22,0.75,137.98,16.05,392.0,5.93,0.34,0.68,4.56,19.00,7.76
6741,1168,sambhaji anandrao patil,Walva,149,Malewadi,0.15,8.24,0.26,0.99,175.62,12.04,190.4,9.42,0.18,0.64,5.54,17.40,5.98
6742,1169,balu mukinda shinde,Walva,173,Malewadi,0.6,8.18,0.45,0.71,175.62,13.37,280.0,4.06,0.16,0.68,4.96,5.48,6.82
6743,1170,shashikant ganpati shinde,Walva,168,Malewadi,0.17,8.32,0.27,0.85,213.25,11.14,212.8,3.53,0.12,0.73,4.78,23.18,5.38
6744,1171,jaysing mahadev patil,Walva,156,Malewadi,0.32,8.41,0.23,0.96,150.53,19.61,190.4,6.19,0.10,0.63,4.54,9.42,5.78
6745,1172,sangita pandurang mane,Walva,96,Malewadi,0.27,8.07,0.63,0.60,175.62,13.82,302.4,8.46,0.12,0.64,4.62,10.82,5.38
6746,1173,amol sambhaji todkar,Walva,229,Malewadi,0.45,8.25,0.32,0.47,213.25,12.48,235.2,6.11,0.12,0.75,4.70,4.86,6.20
6747,1174,sachin shankar patil,Walva,222,Malewadi,0.25,8.42,0.25,0.61,112.90,15.60,145.6,9.25,1.38,0.76,4.42,2.46,4.98
6748,1175,ramchandra navnath jadhav,Walva,352,Malewadi,0.2,7.76,0.87,0.68,175.62,14.26,179.2,10.21,3.74,0.54,5.10,2.80,7.48
6749,1176,sandip manohar patil,Walva,792,Malewadi,0.6,7.81,0.37,0.40,313.60,14.71,212.8,11.30,2.30,0.71,8.24,7.22,3.92
6750,1177,nitin rajaram patil,Walva,790,Malewadi,0.47,8.13,0.36,0.58,213.25,16.94,504.0,8.03,3.94,0.57,8.58,0.54,5.82
6751,1178,anil govind jadhav,Walva,0.15,Malewadi,0.15,8.06,0.60,0.51,250.88,12.04,156.8,9.51,2.60,0.65,4.70,0.38,4.30
6752,1179,sindhutai ramchandra jadhav,Walva,777,Malewadi,0.6,7.84,0.16,0.83,213.25,22.73,224.0,5.63,2.44,0.58,7.64,3.92,6.76
6753,1180,pandurang maruti jadhav,Walva,436,Malewadi,0.39,7.30,0.28,0.63,125.44,20.06,324.8,10.47,2.94,0.68,9.70,2.14,6.68
6754,1181,adinath balaso patil,Walva,555,Malewadi,0.4,8.34,0.25,0.71,225.79,16.05,201.6,9.68,1.40,0.51,5.64,9.80,3.88
6755,1182,sambhaji akaram jadhav,Walva,735,Malewadi,0.4,7.54,0.39,0.64,250.88,12.93,268.8,8.16,4.34,0.80,6.46,3.50,5.50
6756,1183,swapnil tanaji khot,Walva,752,Malewadi,0.4,8.14,0.27,0.67,301.06,18.28,190.4,7.07,2.54,0.56,4.56,0.34,7.02
6757,1184,rajaram tatoba jadhav,Walva,45,Malewadi,0.4,7.81,0.34,0.53,225.79,14.26,291.2,6.67,3.98,0.54,5.86,5.34,4.02
6758,1185,arun akaram bhosle,Walva,44,Malewadi,0.4,8.20,0.30,0.46,213.25,11.59,436.8,6.28,2.82,0.73,4.98,4.50,4.28
6759,1186,mahadev ganpati jadhav,Walva,74,Malewadi,0.3,7.31,1.04,0.40,250.88,15.16,212.8,7.81,3.82,0.77,6.46,0.24,4.72
6760,1187,kerba shiwaji patil,Walva,158,Malewadi,0.3,7.80,0.79,0.33,275.97,20.95,627.2,9.38,3.50,0.53,5.12,10.48,3.14
6761,1188,vinayak bhimrao patil,Walva,825,Malewadi,0.3,7.66,0.77,0.43,213.25,23.18,246.4,8.55,3.64,0.72,6.36,1.60,5.44
6762,1189,padmakar hindurao patil,Walva,230,Malewadi,0.34,7.97,0.34,0.63,238.34,13.37,380.8,6.59,2.84,0.61,5.84,3.30,6.52
6763,1190,ranjit hambhirrao khavre,Walva,248,Malewadi,1,8.07,0.53,0.54,213.25,9.36,224.0,5.02,2.92,0.59,4.50,3.70,3.62
6764,1191,dhanaji bhimrao mane,Walva,182,Malewadi,0.92,8.22,0.25,0.71,150.53,11.14,246.4,5.67,2.38,0.70,4.86,1.02,5.34
6765,1192,abhijit madhukar patil,Walva,232,Malewadi,0.3,8.38,0.18,0.81,87.81,12.04,212.8,7.28,1.06,0.64,5.76,2.40,4.98
6766,1193,shiwaji chandru patil,Walva,240,Malewadi,0.3,8.23,0.26,0.61,137.98,14.26,324.8,6.76,1.70,0.81,5.14,2.08,7.90
6767,1194,pritam bapu yangte,Walva,229,Malewadi,0.34,7.02,0.64,0.57,137.98,12.48,369.6,5.98,2.94,0.73,5.90,0.38,5.30
6768,1195,aniket rajendra deshamukh,Walva,227,Malewadi,0.8,8.33,0.24,0.50,163.07,15.60,257.6,5.37,2.06,0.56,4.56,1.54,6.70
6769,1196,akkatai vilas deshmukh,Walva,219,Malewadi,0.8,8.12,0.28,0.54,137.98,19.61,246.4,9.86,3.60,0.72,4.40,0.76,5.02
6770,1197,Anjana Vasant Jamdade,Walva,48,Farnewadi(borgaon),0.80,8.33,0.22,0.51,175.62,40.12,123.20,11.25,1.40,0.91,1.66,3.52,2.86
6771,1198,Akkatai Bhimrao Khot,Walva,135,Farnewadi(borgaon),0.80,8.34,0.15,0.75,137.98,41.01,112.00,15.22,1.04,0.95,1.64,4.26,2.38
6772,1199,Akshay Jayakar Nangare,Walva,24,Farnewadi(borgaon),0.80,8.15,0.19,0.63,150.53,32.54,123.20,14.05,0.96,0.96,2.10,7.68,3.62
6773,1200,Ajit Ananda Pharne,Walva,12,Farnewadi(borgaon),0.80,8.21,0.18,0.65,137.98,24.52,201.60,10.47,1.54,0.86,1.52,5.86,2.52
6774,1201,Adhik Vasant Pharne,Walva,121,Farnewadi(borgaon),0.80,8.17,0.15,0.54,112.90,31.20,235.20,2.31,0.84,0.58,2.56,3.42,5.12
6775,1202,Adhikrao Tukaram Jamdade,Walva,49,Farnewadi(borgaon),0.80,8.32,0.13,0.53,112.90,25.41,246.40,3.05,0.82,0.87,2.08,5.00,3.26
6776,1203,Anil Bajrang Pharne,Walva,121,Farnewadi(borgaon),1.00,8.38,0.13,0.81,125.44,20.06,280.00,2.57,0.56,0.92,3.04,6.92,5.26
6777,1204,Anil Vilas Pharne,Walva,58,Farnewadi(borgaon),0.80,8.26,0.18,0.42,163.07,18.72,392.00,3.62,1.32,0.67,1.74,5.16,2.96
6778,1205,Anil Shamrao Musale,Walva,126,Farnewadi(borgaon),0.80,8.28,0.13,0.72,125.44,30.31,168.00,2.75,1.16,0.98,1.90,2.20,3.52
6779,1206,Amol Balasaheb Salunkhe,Walva,124,Farnewadi(borgaon),0.80,8.31,0.15,0.49,112.90,18.28,336.00,2.97,1.28,0.86,2.58,4.68,4.32
6780,1207,Arun Dinkar Pharne,Walva,42/2,Farnewadi(borgaon),0.80,8.29,0.18,0.50,125.44,28.53,257.60,2.92,1.06,1.10,2.12,4.48,3.54
6781,1208,Arun Shamrao Digge,Walva,118,Farnewadi(borgaon),0.80,8.22,0.14,0.50,112.90,18.72,190.40,3.18,0.30,0.99,2.82,3.06,4.38
6782,1209,Avadhut Ishwara Pharne,Walva,106/1,Farnewadi(borgaon),0.80,7.88,2.10,0.38,125.44,24.52,448.00,1.44,0.44,1.02,2.84,3.04,4.78
6783,1210,Avinash Mahadev Salunkhe,Walva,94,Farnewadi(borgaon),0.80,8.45,0.24,0.51,188.16,31.65,369.60,12.17,1.32,1.08,2.06,3.51,3.56
6784,1211,Indubai Bhupal Jamdade,Walva,65/2,Farnewadi(borgaon),1.00,8.48,0.10,0.44,125.44,22.73,112.00,10.95,0.18,0.88,3.16,2.64,4.44
6785,1212,Kamal Dinkar Pharne,Walva,147,Farnewadi(borgaon),0.80,8.49,0.26,0.46,100.35,24.07,291.20,10.82,0.56,0.94,2.40,5.92,3.10
6786,1213,Kalpana Ashok Thorat,Walva,48,Farnewadi(borgaon),0.80,8.40,0.17,0.56,125.44,25.41,347.20,2.36,0.22,1.00,1.88,3.34,1.92
6787,1214,Kakaso Yashwant Nangare,Walva,4/2,Farnewadi(borgaon),1.00,8.44,0.25,0.58,175.62,29.42,302.40,8.55,1.34,0.96,3.28,6.14,4.34
6788,1215,Kumar Pandurang Sandge,Walva,63/?,Farnewadi(borgaon),0.80,8.42,0.20,0.54,163.07,12.93,448.00,3.71,1.02,0.71,2.94,5.38,3.60
6789,1216,Kumar Vasant Pharne,Walva,121,Farnewadi(borgaon),0.80,8.38,0.15,0.40,137.98,27.64,627.20,9.16,0.12,0.79,3.06,0.92,0.64
6790,1217,Khanderao Shankar Salunkhe,Walva,54,Farnewadi(borgaon),0.80,8.10,0.13,0.51,200.70,26.30,268.80,12.61,1.10,0.70,2.84,6.70,4.48
6791,1218,Gulab Madhukar Pharne,Walva,127,Farnewadi(borgaon),0.80,8.28,0.24,0.53,175.62,31.20,190.40,3.58,0.66,0.68,3.36,9.34,4.52
6792,1219,Gulab Sakharam Musale,Walva,126,Farnewadi(borgaon),0.80,8.39,0.15,0.43,137.98,33.43,302.40,2.70,1.36,0.85,3.02,7.90,3.48
6793,1220,Jagnnath Dnyanu Digge,Walva,103,Farnewadi(borgaon),0.80,8.11,0.33,0.36,175.62,22.73,212.80,3.32,0.06,0.86,3.76,6.74,4.12
6794,1221,Jaywant Balu Chambhar,Walva,33,Farnewadi(borgaon),0.80,8.33,0.14,0.44,137.98,13.82,224.00,6.19,0.16,0.72,3.36,4.48,4.22
6795,1222,Jaywant Bhaskar Pharne,Walva,123,Farnewadi(borgaon),0.80,8.36,0.16,0.46,175.62,27.19,224.00,5.85,0.60,0.59,2.14,4.66,2.08
6796,1223,Jaywant Bhimrao Khot,Walva,71,Farnewadi(borgaon),0.80,8.09,0.14,0.40,150.53,15.60,212.80,6.80,1.28,0.74,2.48,6.98,2.76
6797,1224,Jalindar Bajrang Pharne,Walva,5/02,Farnewadi(borgaon),0.80,8.36,0.14,0.47,137.98,20.06,291.20,6.50,0.46,0.82,2.44,4.06,2.52
6798,1225,Jalindar Shankar Salunkhe,Walva,65/1,Farnewadi(borgaon),0.80,8.50,0.24,0.33,163.07,20.50,313.60,9.25,0.48,0.91,2.26,4.90,2.56
6799,1226,Jitendra Bhagwan Pharne,Walva,71/1,Farnewadi(borgaon),0.80,8.34,0.18,0.69,163.07,22.29,481.60,9.47,1.10,0.87,3.44,4.62,4.34
6800,1227,Jyoti Kiran Jadhav,Walva,489,Farnewadi(borgaon),1.00,8.55,0.10,0.44,188.16,26.30,324.80,10.38,0.36,0.81,2.24,7.00,3.26
6801,1228,Dattatray Anandrao Pharne,Walva,12,Farnewadi(borgaon),0.80,8.35,0.15,0.25,137.98,20.50,392.00,13.22,0.82,0.77,3.20,4.06,3.98
6802,1229,Dashrath Bhaskar Pharne,Walva,123,Farnewadi(borgaon),0.80,8.27,0.12,0.43,137.98,24.52,481.60,4.80,0.46,0.86,3.20,2.34,4.26
6803,1230,Dadaso Hindurao Deshmukh,Walva,62,Farnewadi(borgaon),0.80,8.41,0.14,0.71,188.16,24.07,369.60,7.28,0.12,0.81,3.12,2.54,3.74
6804,1231,Dilip Bhaskar Pharne,Walva,121,Farnewadi(borgaon),0.80,8.51,0.10,0.60,150.53,26.30,257.60,6.06,0.90,0.74,2.96,3.74,3.38
6805,1232,Dilip Ramchandra Jamdade,Walva,137,Farnewadi(borgaon),1.00,8.54,0.22,0.43,175.62,22.73,436.80,6.28,0.62,0.54,3.20,4.48,3.78
6806,1233,Dilip Vasant Jamdade,Walva,48,Farnewadi(borgaon),0.80,8.60,0.29,0.21,137.98,30.76,369.60,11.21,0.60,0.93,2.32,5.04,2.04
6807,1234,Dhanaji Pandurang Pharne,Walva,138,Farnewadi(borgaon),1.00,8.30,0.14,0.43,150.53,32.09,268.80,11.69,0.24,0.86,2.40,4.40,2.22
6808,1235,Dhanaji Bajirao Salunkhe,Walva,78,Farnewadi(borgaon),0.80,8.64,0.21,0.63,175.62,28.97,403.20,10.16,0.48,0.95,3.02,5.66,3.52
6809,1236,Narendra Shahaji Bhosale,Walva,120,Farnewadi(borgaon),0.80,8.33,0.16,0.39,150.53,24.52,291.20,6.32,0.44,0.85,2.50,5.06,2.00
6810,1237,Nagnath Pandu Pharne,Walva,141/2,Farnewadi(borgaon),0.80,8.55,0.18,0.57,175.62,24.52,257.60,6.94,1.38,1.06,2.60,5.72,1.98
6811,1238,Nitin Vasant Salunkhe,Walva,55,Farnewadi(borgaon),0.80,8.14,0.38,0.44,150.53,26.30,224.00,8.16,0.08,0.72,3.34,5.08,3.24
6812,1239,Niwas Dattu Jamdade,Walva,47,Farnewadi(borgaon),0.80,8.30,0.14,0.42,137.98,29.42,179.20,5.93,0.42,1.06,3.06,3.22,3.56
6813,1240,Parvati Dhondiram Jadhav,Walva,503/1,Farnewadi(borgaon),1.00,8.61,0.10,0.50,163.07,22.73,358.40,5.37,0.52,0.97,2.82,4.60,2.82
6814,1241,Prakash Bhimrao Khot,Walva,135,Farnewadi(borgaon),0.80,8.33,0.17,0.42,150.53,26.75,358.40,7.76,1.18,1.06,3.08,8.66,3.16
6815,1242,Pramod Sakharam Musale,Walva,126,Farnewadi(borgaon),0.80,8.02,0.12,0.58,137.98,31.65,224.00,9.77,0.62,0.60,2.96,5.86,2.62
6816,1243,Pralhad Nana Jadhav,Walva,104,Farnewadi(borgaon),0.80,7.66,0.30,0.53,175.62,33.43,280.00,12.08,0.76,0.91,4.06,6.98,5.12
6817,1244,Prashant Shahaji Bhosale,Walva,120,Farnewadi(borgaon),0.80,8.08,0.10,1.10,150.53,21.40,212.80,10.25,0.04,0.85,3.66,5.88,4.76
6818,1245,Bajirao Tukaram Jamdade,Walva,49,Farnewadi(borgaon),0.80,8.22,0.13,0.35,137.98,26.30,168.00,13.74,0.84,0.68,3.56,10.64,3.62
6819,1246,Balaso Anand Jamdade,Walva,50,Farnewadi(borgaon),0.80,8.36,0.69,0.74,163.07,25.41,212.80,13.52,0.08,0.82,3.56,4.62,4.14
6820,1247,Balaso Bhimrao Khot,Walva,79,Farnewadi(borgaon),0.80,8.45,0.15,0.81,150.53,22.73,660.80,13.00,0.28,0.86,4.66,6.28,6.24
6821,1248,Bhairavnath Kashinath Salunkhe,Walva,1189,Farnewadi(borgaon),0.80,8.34,0.26,0.33,175.62,23.63,201.60,11.82,0.58,0.84,4.20,6.14,5.28
6822,1249,Mangal Popat Pharne,Walva,47,Farnewadi(borgaon),0.80,8.43,0.15,0.43,150.53,19.61,134.40,10.56,0.56,0.91,4.18,11.38,5.36
6823,1250,Makarand Vilas Nangare,Walva,"4/2,156",Farnewadi(borgaon),0.80,8.17,0.48,0.49,125.44,12.93,324.80,6.15,0.30,1.06,3.98,5.12,4.78
6824,1251,Mahadev Uttam Pharne,Walva,56,Farnewadi(borgaon),0.80,8.06,0.14,0.56,150.53,26.75,190.40,8.68,1.12,0.86,5.08,14.20,5.72
6825,1252,Mohan Ganu Jamdade,Walva,133,Farnewadi(borgaon),0.80,8.54,0.24,0.33,175.62,23.18,347.20,7.90,0.20,1.06,4.50,4.96,5.64
6826,1253,Mohan Govind Pharne,Walva,12,Farnewadi(borgaon),0.80,8.60,0.27,0.46,150.53,18.72,302.40,5.76,0.10,0.63,4.70,4.32,4.92
6827,1254,Yashwant Appa Jamdade,Walva,50,Farnewadi(borgaon),0.80,8.58,0.13,0.54,137.98,18.28,246.40,4.27,0.16,0.70,3.08,4.98,1.74
6828,1255,Ranjana Sadashiv Shinde,Walva,47,Farnewadi(borgaon),0.80,8.63,0.21,0.54,175.62,28.08,336.00,3.71,0.22,0.82,4.80,5.48,5.18
6829,1256,Rajendra Vasantrao Pharne,Walva,127,Farnewadi(borgaon),0.80,8.62,0.26,0.36,150.53,16.49,235.20,3.71,0.42,0.96,4.76,5.74,7.20
6830,1257,Ramchandra Tatoba Chavan,Walva,68,Farnewadi(borgaon),0.80,8.19,0.20,0.56,175.62,17.83,313.60,8.03,1.82,0.98,3.50,7.22,3.28
6831,1258,Rahul Jayakar Musale,Walva,126,Farnewadi(borgaon),0.80,8.49,0.27,0.38,137.98,20.50,291.20,8.81,0.50,0.82,4.50,5.06,4.82
6832,1259,Rekha Jalindar Salunkhe,Walva,1279,Farnewadi(borgaon),1.00,7.92,0.11,0.53,150.53,22.29,179.20,13.52,0.92,1.03,4.90,14.28,5.46
6833,1260,Laxmi Tukaram Jamdade,Walva,47,Farnewadi(borgaon),0.80,8.06,0.10,0.54,163.07,26.30,190.40,2.92,1.50,0.78,4.76,7.30,4.24
6834,1261,Vijay Popat Pharne,Walva,"5/2,8",Farnewadi(borgaon),0.80,7.72,0.13,0.46,137.98,20.06,492.80,3.58,2.70,0.55,7.94,8.58,4.30
6835,1262,Vijay Shivaji Salunkhe,Walva,46,Farnewadi(borgaon),1.00,8.57,0.24,0.38,175.62,16.05,369.60,7.76,0.32,1.01,5.06,4.70,1.96
6836,1263,Vitthal Shankar Salunkhe,Walva,66/1,Farnewadi(borgaon),0.80,8.48,0.10,0.38,150.53,14.26,224.00,7.20,0.52,0.70,4.30,8.98,4.90
6837,1264,Vilas Madhukar Pharne,Walva,1386/2,Farnewadi(borgaon),0.80,8.52,0.14,0.26,163.07,12.04,268.80,8.38,2.36,0.77,3.34,5.64,5.18
6838,1265,Vishal Kiran Jadhav,Walva,461/1,Farnewadi(borgaon),0.80,8.33,0.14,0.60,150.53,16.94,257.60,4.27,2.66,0.91,4.44,6.78,4.52
6839,1266,Vishwas Dattu Jamdade,Walva,47,Farnewadi(borgaon),0.80,8.38,0.12,0.69,175.62,12.04,179.20,3.97,0.26,1.03,3.72,7.22,5.22
6840,1267,Vishnu Govind Pharne,Walva,12,Farnewadi(borgaon),0.80,8.43,0.14,0.51,163.07,13.82,190.40,4.58,3.12,0.92,3.52,4.50,5.18
6841,1268,Sharad Popat Pharne,Walva,"5/2,8",Farnewadi(borgaon),0.80,8.54,0.16,0.50,188.16,20.50,112.00,9.47,0.24,0.84,3.66,4.38,5.68
6842,1269,Shamrao Babu Pharne,Walva,101,Farnewadi(borgaon),0.80,8.09,0.21,0.21,175.62,13.37,156.80,10.43,0.10,0.77,4.26,8.78,4.64
6843,1270,Shivaji Bhagwan Pharne,Walva,05/02,Farnewadi(borgaon),0.80,8.62,0.19,0.25,150.53,9.36,336.00,11.69,0.08,0.74,4.92,4.76,4.78
6844,1271,Sanjay Jagnnath Pharne,Walva,129,Farnewadi(borgaon),0.80,8.61,0.25,0.46,163.07,29.42,179.20,5.02,0.20,0.75,5.20,4.16,4.96
6845,1272,Sanjay Dinkar Pharne,Walva,147,Farnewadi(borgaon),0.80,8.61,0.20,0.40,137.98,22.73,201.60,9.07,0.34,0.89,4.30,4.62,5.20
6846,1273,Sandeep Mohan Pharne,Walva,128,Farnewadi(borgaon),0.80,7.87,0.29,0.53,175.62,22.73,268.80,12.34,0.50,0.84,5.20,10.66,6.04
6847,1274,Sandeep Shahaji Bhosale,Walva,120,Farnewadi(borgaon),0.80,8.52,0.30,0.44,150.53,14.71,336.00,8.38,0.38,1.01,5.34,4.50,4.46
6848,1275,Satish Vasant Jamdade,Walva,48,Farnewadi(borgaon),0.80,7.92,0.70,0.28,175.62,17.38,268.80,4.97,0.56,0.86,5.26,9.12,5.06
6849,1276,Sarjerao Ramchandra Nangare,Walva,3/2,Farnewadi(borgaon),1.00,8.41,0.21,0.22,150.53,20.50,302.40,9.77,0.26,0.91,4.62,6.60,3.02
6850,1277,Sunita Vijay Patil,Walva,49,Farnewadi(borgaon),0.80,8.23,0.39,0.24,137.98,19.61,235.20,5.10,0.40,0.55,5.22,6.08,3.96
6851,1278,Sunil Bajrang Pharne,Walva,121,Farnewadi(borgaon),0.80,8.12,0.21,0.51,163.07,23.18,235.20,7.20,0.56,0.81,3.78,7.88,2.96
6852,1279,Subhash Vasant Salunkhe,Walva,55,Farnewadi(borgaon),0.80,8.30,0.15,0.21,150.53,27.19,179.20,3.01,0.24,0.70,3.98,4.02,3.78
6853,1280,Surekha Bajirao Pawar,Walva,49,Farnewadi(borgaon),0.80,8.41,0.11,0.32,175.62,24.07,224.00,6.80,0.20,0.87,4.72,6.32,2.28
6854,1281,Suresh Bhimrao Pharne,Walva,"13,11,25,127",Farnewadi(borgaon),0.80,8.07,0.10,0.33,150.53,16.94,268.80,8.59,0.52,0.74,5.44,12.28,4.62
6855,1282,Sopan Shamrao Musale,Walva,126,Farnewadi(borgaon),0.80,8.35,0.14,0.46,188.16,20.06,246.40,6.32,0.38,0.86,4.10,5.06,2.38
6856,1283,Harshal Hanbirrao Salunkhe,Walva,124,Farnewadi(borgaon),0.80,8.22,0.10,0.21,163.07,20.50,268.80,10.99,0.22,0.80,5.20,11.26,4.16
6857,1284,Hausabai Shivaji Salunkhe,Walva,155,Farnewadi(borgaon),0.80,8.49,0.12,0.24,188.16,16.49,224.00,12.08,0.62,0.81,5.82,9.96,6.54
6858,1285,Hauserao Dinkar Pharne,Walva,145,Farnewadi(borgaon),0.80,8.08,0.10,0.26,163.07,17.83,257.60,9.25,0.30,0.78,6.28,15.24,5.34
6859,1286,Hauserao Ramchandra Nangare,Walva,2/3,Farnewadi(borgaon),0.80,8.44,0.12,0.17,150.53,21.84,492.80,8.33,1.30,0.74,4.46,4.10,4.06
6860,1289,Uttam Vishnu Jadhav,Walva,726/1,Kurlap,0.8,8.28,0.27,1.17,175.62,25.41,560.0,1.96,2.78,0.82,1.92,15.02,4.54
6861,1290,Sarladevi Dinkar Patil,Walva,1154,Kurlap,0.4,8.43,0.16,1.21,150.53,9.81,425.6,1.31,1.80,0.60,1.68,18.40,4.68
6862,1291,Indubai Bacchram Devkar,Walva,1112,Kurlap,0.4,8.18,0.26,1.38,137.98,34.32,526.4,1.48,2.76,0.51,1.78,15.76,4.84
6863,1292,Anil Dattatray Patil,Walva,945,Kurlap,0.45,8.37,0.19,1.08,175.62,13.82,504.0,1.66,0.84,0.67,1.62,12.98,0.72
6864,1293,Vijay Shankar Bhalkar,Walva,123/1,Kurlap,0.4,8.48,0.25,1.03,150.53,28.08,604.8,1.70,2.06,0.57,1.72,13.52,0.96
6865,1294,Shivaji Rangrao Patil,Walva,107/2,Kurlap,0.4,8.13,0.25,1.10,175.62,27.19,772.8,1.18,2.60,0.90,1.64,14.20,4.64
6866,1295,Jijabai Ananda Yadav,Walva,103/1,Kurlap,0.4,8.39,0.18,1.72,137.98,22.29,414.4,1.18,2.40,0.92,1.76,23.20,5.00
6867,1296,Suresh Baburao Jadhav,Walva,934/?,Kurlap,0.7,8.22,0.27,0.97,163.07,18.28,470.4,3.18,1.32,0.82,1.86,20.90,5.16
6868,1297,Ganpatrao Shamrao Patil,Walva,886/?,Kurlap,1,8.34,0.22,0.88,112.90,20.06,627.2,1.53,1.46,0.55,1.72,18.02,4.26
6869,1298,Vinod Vasantrao Patil,Walva,726/1,Kurlap,0.8,8.20,0.22,1.44,225.79,20.95,884.8,0.44,2.64,0.69,1.78,14.58,4.36
6870,1299,Dilip Shamrao Jadhav,Walva,645/1,Kurlap,1,8.28,0.20,1.24,163.07,29.87,828.8,2.09,2.50,0.55,2.02,14.14,3.80
6871,1300,Balaso Dattatray Jadhav,Walva,1451/2,Kurlap,0.5,8.23,0.19,1.03,137.98,8.47,806.4,1.88,2.60,0.58,1.98,14.48,3.90
6872,1301,Vilas Ramchandra Patil,Walva,1438/?,Kurlap,0.4,8.25,0.25,0.89,175.62,31.20,448.0,7.42,1.26,0.93,1.82,13.28,5.26
6873,1302,Sadashiv Ramchandra Patil,Walva,1438/?,Kurlap,0.4,7.97,0.24,0.82,188.16,10.70,537.6,3.14,0.88,0.91,1.50,12.78,4.06
6874,1303,Anusaya Ravaji Lakhan,Walva,1161/1,Kurlap,0.4,8.16,0.20,0.78,163.07,20.50,649.6,1.48,1.46,0.81,1.98,29.32,4.80
6875,1304,Akkatai Appaso Shete,Walva,1691,Kurlap,0.4,8.05,0.25,1.00,137.98,24.52,492.8,3.32,1.02,0.65,1.80,14.00,4.12
6876,1305,Navnath Nivrutti Patil,Walva,1595,Kurlap,0.4,7.86,0.33,0.71,175.62,12.48,470.4,2.36,1.12,0.61,1.98,19.30,4.06
6877,1306,Bapu Shripati Kamble,Walva,1567,Kurlap,0.4,7.96,0.22,0.88,150.53,11.14,414.4,2.62,0.78,0.72,1.50,12.76,4.10
6878,1307,Shrikant Madhukar Patil,Walva,1464,Kurlap,0.4,8.18,0.25,0.68,150.53,29.87,604.8,2.70,1.40,0.53,2.00,29.82,4.64
6879,1308,Pandit Ramchandra Chougule,Walva,1423,Kurlap,0.4,8.17,0.19,1.06,188.16,22.73,481.6,1.44,2.38,0.96,1.82,17.60,4.50
6880,1309,Maruti Govind Mane,Walva,1396,Kurlap,0.4,8.04,0.23,1.01,163.07,35.22,414.4,0.87,1.12,0.76,1.66,14.96,4.44
6881,1310,Pandurang Nana Mane,Walva,1395,Kurlap,0.4,7.69,0.28,0.90,137.98,31.65,761.6,4.19,2.34,0.88,2.04,16.18,4.52
6882,1311,Vasantrao Shripati Yadav,Walva,1112,Kurlap,0.5,7.73,0.27,0.86,163.07,14.71,638.4,1.53,1.78,0.65,1.56,13.34,4.04
6883,1312,Ashok Pandurang Devkar,Walva,1358,Kurlap,0.4,7.97,0.29,0.75,188.16,18.72,683.2,5.37,2.44,0.76,1.88,14.14,4.20
6884,1313,Anusaya Keshav Devkar,Walva,1279,Kurlap,0.4,8.09,0.24,0.76,200.70,8.92,683.2,6.19,2.54,1.02,1.92,16.70,4.86
6885,1314,Pradip Babanrao Patil,Walva,1268,Kurlap,0.4,8.15,0.21,0.92,175.62,39.67,649.6,4.97,2.28,0.92,1.82,21.90,4.82
6886,1315,Bajirao Bapu Yadav,Walva,1267,Kurlap,0.4,7.70,0.31,1.35,175.62,24.52,425.6,5.93,1.28,1.24,1.76,16.90,5.74
6887,1316,Ramrao Shivaji Jadhav,Walva,1264,Kurlap,0.4,7.84,0.24,0.56,150.53,11.14,627.2,6.41,1.30,0.69,1.50,12.36,4.90
6888,1317,Sagar Balaso Jadhav,Walva,1264,Kurlap,0.4,7.82,0.27,0.50,188.16,30.76,896.0,6.63,2.08,0.94,2.32,13.70,3.72
6889,1318,Suman Sarjerao Suryawanshi,Walva,1247,Kurlap,0.4,7.86,0.25,0.97,175.62,14.26,436.8,6.85,1.02,0.97,1.86,18.90,4.38
6890,1319,Mohan Bajirao Suryawanshi,Walva,1236,Kurlap,0.4,8.28,0.21,0.64,137.98,26.30,515.2,4.01,1.32,0.91,1.80,18.54,5.88
6891,1320,Prakash Nivrutti Suryawanshi,Walva,1234,Kurlap,0.4,8.18,0.19,0.35,175.62,21.40,571.2,3.79,1.06,1.00,1.54,12.40,5.32
6892,1321,Namdev Krishn Suryawanshi,Walva,1226,Kurlap,0.5,8.16,0.23,0.63,150.53,18.72,380.8,2.75,0.76,1.10,1.38,12.00,4.72
6893,1322,Ranjit Dattatray Patil,Walva,1216,Kurlap,40,7.92,0.30,0.75,188.16,20.06,425.6,7.07,1.24,1.09,2.60,16.16,4.98
6894,1323,Hambirrao Govind Jadhav,Walva,1211,Kurlap,1,7.80,0.39,0.78,163.07,28.08,761.6,7.15,2.22,1.06,2.00,16.20,4.68
6895,1324,Somraj Anil Patil,Walva,1158,Kurlap,0.5,7.83,0.29,1.06,175.62,12.04,873.6,2.97,1.42,1.35,1.92,24.44,5.62
6896,1325,Shivaprasad Dinkar Patil,Walva,1153,Kurlap,0.4,7.77,0.25,0.57,137.98,28.97,436.8,3.45,0.84,1.18,1.40,11.42,4.24
6897,1326,Ramrao Baburao Patil,Walva,1128,Kurlap,0.4,7.90,0.28,0.57,175.62,13.37,347.2,3.58,2.00,0.85,1.92,12.96,4.52
6898,1327,Vilas Govind Jadhav,Walva,1122,Kurlap,0.4,8.18,0.24,0.60,188.16,13.82,795.2,4.06,1.02,1.02,1.82,17.58,5.00
6899,1328,Shivaji Nivrutti Devkar,Walva,1120,Kurlap,0.8,8.23,0.20,0.57,213.25,18.72,492.8,4.14,1.04,1.26,1.42,15.72,5.48
6900,1329,Shivaji Akaram Devkar,Walva,1116,Kurlap,0.6,7.82,0.32,0.56,175.62,22.73,560.0,3.14,1.18,1.09,1.82,14.60,5.48
6901,1330,Pradip Dattatray Kulkarni,Walva,1088,Kurlap,0.5,8.34,0.21,0.88,150.53,13.82,795.2,3.23,0.92,1.31,1.62,24.16,5.42
6902,1331,Shankar Pandurang Bhalkar,Walva,1071,Kurlap,0.4,7.18,0.30,0.65,188.16,14.71,560.0,4.32,1.26,1.11,2.28,30.18,6.08
6903,1332,Sachin Bhagwan Patil,Walva,1062,Kurlap,0.4,8.27,0.20,0.61,163.07,27.64,459.2,4.89,1.16,1.19,1.92,14.46,4.96
6904,1333,Balasaheb Sakharam Patil,Walva,1062,Kurlap,1,8.40,0.22,0.74,188.16,23.18,425.6,5.80,1.00,1.01,1.76,15.70,5.22
6905,1334,Akkatai Balaso Patil,Walva,1002,Kurlap,0.4,7.92,0.31,0.67,225.79,31.65,526.4,6.24,0.86,1.36,1.92,18.74,4.88
6906,1335,Madan Babasaheb Shete,Walva,0.60,Kurlap,0.6,7.98,0.22,0.74,150.53,30.76,470.4,5.85,0.84,0.90,1.46,19.78,5.42
6907,1336,Balasaheb Dhondiram Patil,Walva,998,Kurlap,0.7,7.86,0.33,0.64,137.98,13.82,470.4,6.32,0.88,0.97,1.48,18.20,4.92
6908,1337,Sharadkumar Dhondiram Patil,Walva,998,Kurlap,0.8,7.83,0.36,1.00,150.53,17.83,672.0,6.63,1.10,0.83,1.96,17.60,4.68
6909,1338,Bhanudas Janardan Patil,Walva,962,Kurlap,0.4,7.95,0.32,0.58,137.98,20.95,459.2,7.02,0.96,0.78,1.98,19.80,4.18
6910,1339,Sambhaji Rajaram Patil,Walva,957,Kurlap,0.48,7.77,0.43,0.83,150.53,12.04,380.8,7.50,0.76,0.91,1.92,20.76,4.62
6911,1340,Surykant Baburao Patil,Walva,955,Kurlap,0.4,8.31,0.20,0.74,175.62,14.71,425.6,7.68,1.04,0.90,2.20,27.48,4.42
6912,1341,Machindra Nivrutti Patil,Walva,954,Kurlap,1,8.09,0.34,0.76,137.98,22.29,459.2,3.40,1.32,1.09,2.68,19.84,3.14
6913,1342,Pandurang Sakharam Patil,Walva,954,Kurlap,954,8.23,0.48,0.57,163.07,13.82,425.6,2.88,0.60,0.81,1.70,13.96,4.04
6914,1343,Dilip Bajirao Patil,Walva,915,Kurlap,0.4,7.80,0.43,0.86,188.16,14.71,380.8,3.45,0.78,0.79,1.84,19.58,4.64
6915,1344,Sushilkumar Chandrakant Lakhan,Walva,913,Kurlap,0.4,8.20,0.24,0.65,150.53,16.05,604.8,3.79,1.12,1.02,2.32,21.34,4.50
6916,1345,Krushnath Raghunath Patil,Walva,903,Kurlap,1,8.17,0.25,0.85,163.07,18.28,324.8,8.07,1.28,0.87,2.16,35.66,5.06
6917,1346,Shripati Yesu Babar,Walva,881,Kurlap,0.6,7.80,0.40,1.28,150.53,27.64,235.2,6.15,1.50,0.91,2.74,34.90,5.10
6918,1347,Manik Atmaram Patil,Walva,836,Kurlap,0.4,7.66,0.39,1.03,150.53,27.19,179.2,6.06,1.18,0.88,2.38,33.86,4.50
6919,1348,Faizuddin Mohammad Jamadar,Walva,824,Kurlap,0.4,7.63,0.42,0.68,163.07,10.70,112.0,3.79,0.94,0.75,2.18,25.36,4.88
6920,1349,Sharad Maruti Patil,Walva,822,Kurlap,0.4,8.26,0.22,0.81,150.53,18.72,190.4,3.18,0.86,0.59,1.82,20.16,4.32
6921,1350,Prakash Dnyanu Patil,Walva,801,Kurlap,1,8.31,0.26,0.61,163.07,22.73,145.6,4.10,1.14,0.84,2.40,35.70,4.54
6922,1351,Dinkar Keshav Falle,Walva,778,Kurlap,0.52,8.03,0.33,0.75,150.53,12.48,504.0,6.37,0.96,0.75,2.54,28.00,4.70
6923,1352,Abhinivesh Rajaram Patil,Walva,717,Kurlap,0.4,8.36,0.21,0.86,150.53,11.14,492.8,6.67,1.20,0.86,2.48,30.68,4.82
6924,1353,Shivaji Rajaram Patil,Walva,695,Kurlap,0.4,8.13,0.26,0.54,200.70,27.19,492.8,7.28,0.76,0.73,2.10,23.70,4.50
6925,1354,Kanchan Dhondiram Kore,Walva,660,Kurlap,0.62,8.32,0.19,0.58,150.53,22.73,548.8,5.71,0.60,0.89,1.74,13.86,4.18
6926,1355,Sandip Dhondiram Kore,Walva,658,Kurlap,0.4,7.88,0.26,0.85,200.70,32.09,448.0,4.01,0.80,0.82,2.08,19.88,4.86
6927,1356,Satish Kashinath Jadhav,Walva,654,Kurlap,0.4,7.90,0.34,0.43,137.98,22.29,414.4,3.62,1.08,0.81,1.90,18.94,4.90
6928,1357,Shankar Mahadev Patil,Walva,633,Kurlap,0.8,8.17,0.21,0.38,163.07,21.84,627.2,5.67,1.42,0.79,2.44,26.42,4.72
6929,1358,Alaka Jaysing Patil,Walva,613,Kurlap,0.4,7.80,0.46,0.51,112.90,22.73,806.4,5.28,1.44,0.72,2.20,39.88,5.16
6930,1359,Shubham Sudhir Patil,Walva,485,Kurlap,0.4,7.82,0.38,0.68,150.53,16.49,414.4,5.15,1.06,0.96,2.22,31.44,5.16
6931,1360,Nagesh Pandurang Patil,Walva,411,Kurlap,0.4,7.74,0.42,0.89,150.53,14.26,705.6,4.84,0.82,0.82,2.34,28.84,5.20
6932,1361,Kamal Rangrao Patil,Walva,402,Kurlap,0.4,7.81,0.44,0.61,200.70,23.18,515.2,4.75,1.76,0.75,2.84,30.08,6.22
6933,1362,Chaya Anandrao Patil,Walva,203,Kurlap,0.4,7.70,0.37,0.76,137.98,18.28,492.8,5.58,1.48,0.78,2.18,28.78,6.74
6934,1363,Vikas Nivrutti Mane,Walva,370,Kurlap,0.4,8.21,0.24,0.75,200.70,17.38,414.4,4.93,1.54,0.92,2.02,20.32,6.78
6935,1364,Maruti Bajirao Suryawanshi,Walva,352,Kurlap,0.47,8.25,0.25,0.82,150.53,15.16,571.2,6.72,1.84,0.86,2.32,36.62,7.34
6936,1365,Maruti Shripati Jadhav,Walva,341,Kurlap,0.4,7.79,0.36,0.75,137.98,12.48,436.8,7.72,1.24,0.81,2.06,16.32,7.30
6937,1366,Yashwant Anand Mane,Walva,316,Kurlap,0.4,8.16,0.21,0.43,150.53,16.49,672.0,3.58,1.94,0.88,2.82,41.52,6.28
6938,1367,Ananda Shankar Mali,Walva,286,Kurlap,0.4,8.27,0.20,0.65,125.44,18.28,481.6,2.75,1.42,0.55,2.06,17.64,7.62
6939,1368,Sachin Bajarang Jadhav,Walva,224,Kurlap,0.4,8.31,0.20,0.60,137.98,19.61,436.8,4.10,1.42,0.92,2.32,24.08,6.84
6940,1369,Shrikant Nivrutti Pawar,Walva,203,Kurlap,0.8,8.45,0.18,0.76,200.70,20.95,358.4,4.19,1.92,1.32,2.54,29.10,7.22
6941,1370,Chandrakant Shripati Pawar,Walva,199,Kurlap,0.4,8.21,0.19,0.54,175.62,18.72,280.0,6.15,1.64,1.05,2.24,28.54,7.34
6942,1371,Madhukar Shripati Pawar,Walva,199,Kurlap,0.7,7.93,0.36,0.58,163.07,18.28,313.6,5.76,2.26,0.67,3.16,18.40,7.24
6943,1372,Eknath Shripati Pawar,Walva,199,Kurlap,0.45,8.37,0.22,0.42,150.53,18.72,235.2,5.50,1.20,1.06,2.12,9.20,7.40
6944,1373,Shubham Dilip Pawar,Walva,163,Kurlap,0.4,8.02,0.38,0.63,137.98,19.61,302.4,5.23,1.16,0.74,2.64,27.56,6.90
6945,1374,Sangita Dilip Pawar,Walva,143,Kurlap,0.4,8.03,0.30,0.47,200.70,18.28,246.4,4.84,1.70,1.10,2.06,12.46,7.46
6946,1375,Shamrao Ananda Parit,Walva,138,Kurlap,0.82,8.32,0.23,0.86,213.25,14.26,168.0,4.93,1.32,0.86,1.84,17.74,6.78
6947,1376,Vijaykumar Shivaji Patil,Walva,138,Kurlap,0.4,7.71,0.33,0.78,137.98,15.60,145.6,7.37,1.64,0.83,2.48,26.14,6.16
6948,1377,Bajirao Hariba Thorat,Walva,134,Kurlap,0.42,7.67,0.42,0.60,150.53,16.49,168.0,6.46,2.52,0.61,2.70,25.30,7.34
6949,1378,Shrimansachin Pandurang Pawar,Walva,133,Kurlap,1,8.37,0.22,0.64,200.70,14.26,179.2,7.02,1.20,0.77,2.08,20.10,7.54
6950,1379,Vishwas Pandurang Pawar,Walva,133,Kurlap,1,8.09,0.31,0.92,150.53,15.60,179.2,6.28,1.44,0.65,2.46,32.44,7.08
6951,1380,Pandurang Babaso Patil,Walva,116,Kurlap,0.4,8.33,0.28,0.29,137.98,16.94,201.6,3.97,1.24,0.70,2.22,18.16,7.74
6952,1381,Jayshree Sadashiv Dhumale,Walva,787,Kapuskhed,0.30,7.91,0.65,1.29,213.25,35.22,806.40,5.80,3.64,0.64,2.22,15.22,12.92
6953,1382,Mahadev Shamrao Patil,Walva,1332,Kapuskhed,0.60,7.71,0.77,0.71,188.16,19.17,257.60,5.32,1.10,0.71,1.54,10.12,3.00
6954,1383,Shalan Vasant Jadhav,Walva,1294,Kapuskhed,0.35,8.00,0.76,0.99,137.98,27.19,784.00,12.82,1.48,0.69,1.62,8.52,4.74
6955,1384,Kumar Vasant Jadhav,Walva,1294,Kapuskhed,0.20,8.03,0.58,0.79,188.16,25.85,257.60,4.67,1.78,0.63,1.50,9.46,4.64
6956,1385,Sangita Pradip Patil,Walva,1292,Kapuskhed,0.40,8.07,0.75,0.54,175.62,17.38,302.40,6.15,1.30,0.83,1.48,12.88,4.16
6957,1386,Arun Vasant Jadahav,Walva,1291,Kapuskhed,0.20,8.06,0.77,0.75,188.16,19.61,212.80,6.06,1.36,0.80,1.64,11.14,9.50
6958,1387,Ramchandra Hari Patil,Walva,1058,Kapuskhed,0.60,8.07,1.03,0.56,175.62,13.37,190.40,21.24,0.92,0.65,1.34,6.18,4.62
6959,1388,Sopan Hari Patil,Walva,1037,Kapuskhed,0.40,8.12,0.15,0.86,163.07,36.55,123.20,4.36,1.66,0.86,1.42,3.16,5.36
6960,1389,Vinod Sarjerao Patil,Walva,39,Kapuskhed,0.40,8.02,0.70,0.78,137.98,10.70,179.20,18.97,1.38,0.71,1.24,11.08,4.72
6961,1390,Mahadev Babu Gurav,Walva,74,Kapuskhed,0.60,7.76,1.16,0.53,163.07,38.34,179.20,11.17,1.22,1.05,1.26,17.90,4.76
6962,1391,Maruti Rama Patil,Walva,126,Kapuskhed,0.20,7.72,0.74,0.94,150.53,35.66,156.80,4.14,1.28,0.98,1.56,7.00,5.64
6963,1392,Pandurang Nivrutti Mali,Walva,195,Kapuskhed,0.60,8.06,0.69,0.97,150.53,35.66,168.00,6.59,2.06,0.94,1.36,10.64,5.96
6964,1393,Shivaji Hindurao Patil,Walva,74,Kapuskhed,0.40,8.04,0.57,0.82,125.44,17.38,156.80,5.54,0.82,0.88,1.46,10.34,4.76
6965,1394,Ganeah Baburao Moakashi,Walva,74,Kapuskhed,0.60,7.86,1.10,1.04,188.16,32.09,201.60,13.87,1.40,1.35,1.36,15.40,4.76
6966,1395,Vijay Khasabha Salunkhe,Walva,419,Kapuskhed,0.40,8.04,0.74,1.00,137.98,42.35,291.20,6.54,1.18,0.71,1.38,5.60,4.02
6967,1396,Dilip Khashba Salunkhe,Walva,424,Kapuskhed,0.60,7.97,0.56,0.68,175.62,19.17,649.60,5.41,0.90,0.73,1.46,2.90,4.48
6968,1397,Uttamrao Ramchandra Patil,Walva,990,Kapuskhed,0.30,7.84,0.50,0.74,200.70,21.84,627.20,7.11,2.40,0.95,1.74,6.10,5.00
6969,1398,Mahdev Baburao Patil,Walva,942,Kapuskhed,0.40,8.24,0.59,0.96,163.07,24.52,660.80,6.67,0.56,0.72,1.72,6.58,5.82
6970,1399,Jaganath Maruti Patil,Walva,1333,Kapuskhed,0.60,7.87,0.53,0.81,125.44,31.20,280.00,3.84,1.36,0.76,2.32,11.56,4.34
6971,1400,Bhimrao Ramrao Patil,Walva,1333,Kapuskhed,0.60,8.06,0.32,0.75,188.16,12.04,212.80,7.02,0.68,0.98,1.94,12.62,4.04
6972,1401,Baburao Maruti Patil,Walva,1333,Kapuskhed,0.30,7.73,0.67,0.92,137.98,25.85,403.20,4.67,0.92,0.65,2.14,6.30,5.00
6973,1402,Vijay Jaysingrao Patil,Walva,1335,Kapuskhed,0.30,8.17,0.50,0.99,125.44,24.52,571.20,4.19,1.72,0.76,1.72,12.14,5.70
6974,1403,Kisan Shankar Patil,Walva,1427,Kapuskhed,0.40,8.52,0.16,0.83,163.07,20.95,358.40,2.62,0.64,1.24,1.44,6.72,4.46
6975,1404,Jaywant Anandrao Patil,Walva,1677,Kapuskhed,0.40,8.01,0.38,0.68,137.98,14.71,481.60,6.37,1.74,0.88,1.38,6.22,4.84
6976,1405,Narendra Ramrao Nangre,Walva,1668,Kapuskhed,0.20,8.01,0.24,1.01,150.53,34.77,896.00,3.18,1.40,0.96,1.30,6.22,5.26
6977,1406,Sunil Shripati Patil,Walva,1581,Kapuskhed,0.20,7.81,0.81,0.96,188.16,11.14,627.20,7.37,1.24,1.06,1.34,8.96,4.58
6978,1407,Dilip Shankar Patil,Walva,1562,Kapuskhed,0.40,8.44,0.23,0.94,175.62,13.37,537.60,7.72,1.00,0.90,1.42,11.00,4.92
6979,1408,Ravindra Ramrao Patil,Walva,1565,Kapuskhed,0.20,8.07,0.16,0.93,188.16,22.29,448.00,4.41,0.74,0.80,1.36,7.54,4.80
6980,1409,Adhikrao Shamrao Patil,Walva,1552,Kapuskhed,0.40,7.95,0.64,1.15,137.98,25.41,571.20,11.21,1.78,1.28,1.56,6.76,5.86
6981,1410,Bajirao Ananda Patil,Walva,1590,Kapuskhed,0.60,8.43,0.19,0.64,150.53,41.46,246.40,6.67,1.10,1.09,1.62,5.50,5.76
6982,1411,Raghunath Ravu Patil,Walva,1526,Kapuskhed,0.40,8.18,0.20,0.54,175.62,33.43,302.40,12.65,0.50,1.31,1.50,3.54,4.76
6983,1412,Arvind Jaysing Mali,Walva,1517,Kapuskhed,0.20,8.18,0.27,0.99,200.70,26.75,784.00,6.11,1.32,1.03,1.68,6.40,4.76
6984,1413,Jaykar Antu Patil,Walva,1532,Kapuskhed,0.80,8.20,0.35,1.08,150.53,23.63,784.00,5.37,1.20,0.93,1.76,11.46,4.44
6985,1414,Ambaji Tukaram Patil,Walva,1528,Kapuskhed,0.30,8.34,0.36,1.06,163.07,29.42,660.80,6.11,1.02,1.12,1.54,7.14,5.48
6986,1415,Dilip Sanjay Jadhav,Walva,1520,Kapuskhed,0.70,8.41,0.27,1.11,213.25,32.54,604.80,10.12,0.92,1.13,1.50,11.60,5.16
6987,1416,Housherao Jaypal Patil,Walva,1566,Kapuskhed,0.20,8.20,0.36,1.00,163.07,19.61,828.80,6.76,1.26,1.11,1.54,12.72,5.90
6988,1417,Akaram Yashwant Patil,Walva,1558,Kapuskhed,0.40,8.65,0.18,0.72,175.62,37.89,728.00,7.28,0.96,1.31,1.72,7.04,5.76
6989,1418,Rajendra Balkrushan Kharade,Walva,1692,Kapuskhed,0.40,8.21,0.52,1.10,188.16,29.42,784.00,6.28,1.12,1.53,1.46,6.32,5.48
6990,1419,Adhik Shripati Patil,Walva,35,Kapuskhed,0.30,7.87,0.29,0.96,150.53,30.31,828.80,7.24,1.86,1.14,1.86,8.64,8.54
6991,1420,Nitin Sarjerao Naikwadi,Walva,78,Kapuskhed,0.20,8.01,0.27,0.99,200.70,44.58,873.60,5.15,0.86,0.89,1.42,10.04,6.26
6992,1421,Popat Pandurang Kumbhar,Walva,69,Kapuskhed,1.82,7.16,0.29,0.53,175.62,22.29,257.60,7.55,0.72,0.79,6.16,4.12,7.46
6993,1422,Dhanaji Sampatrao Patil,Walva,66,Kapuskhed,0.28,8.31,0.28,0.68,163.07,41.46,481.60,6.28,0.58,0.87,1.76,21.08,4.30
6994,1423,Devanand Ramchandra Yadav,Walva,84,Kapuskhed,0.20,7.99,0.79,0.88,213.25,27.64,817.60,11.17,0.64,1.48,1.38,6.58,5.56
6995,1424,Bharat Sopan Patil,Walva,230,Kapuskhed,0.50,8.32,0.37,1.07,175.62,24.96,918.40,8.46,1.78,1.11,1.68,10.06,5.96
6996,1425,Shalan Sopan Patl,Walva,276,Kapuskhed,0.20,8.50,0.50,0.99,213.25,31.65,548.80,10.60,1.28,1.46,1.82,4.92,5.92
6997,1426,Jalindar Pandurang Pakhrev,Walva,88,Kapuskhed,0.30,8.17,0.13,1.39,150.53,39.23,784.00,14.70,2.24,1.36,1.34,3.20,5.36
6998,1427,Balaso Rangrao Patil,Walva,208,Kapuskhed,1.00,8.22,0.29,0.94,188.16,24.96,672.00,6.54,2.60,0.85,1.84,9.84,9.12
6999,1428,Sumitra Balaso Patil,Walva,216,Kapuskhed,1.00,8.17,0.19,1.15,213.25,35.66,392.00,5.89,1.62,0.98,2.58,11.40,10.26
7000,1429,Baburao Yashwant Jadhav,Walva,544,Kapuskhed,0.20,8.15,0.11,0.99,150.53,34.32,716.80,6.89,1.48,0.63,2.34,8.86,8.70
7001,1430,Babaso Bhimrao Patil,Walva,540,Kapuskhed,0.15,8.23,0.36,1.07,175.62,27.19,683.20,6.28,2.18,0.79,1.70,8.88,7.60
7002,1431,Sashikant Joriram Desai,Walva,375,Kapuskhed,0.40,8.31,0.11,0.76,188.16,24.07,481.60,6.98,0.82,0.75,2.04,12.34,7.86
7003,1432,Mphan Nivrtti Patil,Walva,370,Kapuskhed,0.40,7.86,0.52,0.83,213.25,21.84,436.80,5.23,1.54,0.65,1.74,18.02,9.06
7004,1433,Laxman Mahdev Kharade,Walva,340,Kapuskhed,0.20,8.35,0.25,0.85,188.16,31.65,302.40,7.55,1.98,0.83,1.62,15.70,3.28
7005,1434,Hambir Tatoba Mokashi,Walva,418,Kapuskhed,0.60,8.48,0.24,1.03,213.25,27.19,448.00,6.28,3.12,0.78,1.74,9.38,6.96
7006,1435,Manik Dhondiram Patil,Walva,407,Kapuskhed,0.40,8.10,0.36,0.75,163.07,22.73,481.60,8.99,2.60,0.70,2.18,7.60,5.96
7007,1436,Shila Manikrao Patil,Walva,406,Kapuskhed,0.40,8.02,0.43,0.96,188.16,28.97,537.60,8.46,2.42,0.86,1.68,11.84,8.88
7008,1437,Mohit Manik Patil,Walva,461,Kapuskhed,0.30,8.39,0.20,0.81,163.07,24.52,481.60,8.42,1.84,0.72,1.68,7.30,8.16
7009,1438,Ganesh Vasant Patil,Walva,498,Kapuskhed,0.60,8.22,0.96,0.85,225.79,24.96,571.20,5.10,1.96,0.99,1.80,14.66,8.02
7010,1439,Baburao Vitthal Patil,Walva,1531,Kapuskhed,0.40,8.23,0.23,0.60,175.62,19.17,459.20,6.80,0.88,0.93,1.54,8.24,8.80
7011,1440,Prashant Vilas Patil,Walva,1449,Kapuskhed,0.30,8.27,0.28,0.71,213.25,22.29,515.20,5.89,1.56,0.98,1.70,11.56,7.22
7012,1441,Dhondiram Hambirrao Patil,Walva,1427,Kapuskhed,0.40,8.27,0.49,0.60,213.25,30.76,369.60,6.76,1.08,0.85,1.76,8.98,8.94
7013,1442,Ramesh Subrao Patil,Walva,612,Kapuskhed,0.40,8.21,0.91,0.90,188.16,27.64,369.60,5.71,1.74,1.32,1.86,13.70,7.90
7014,1443,Ashok Shamrao Patil,Walva,816,Kapuskhed,0.60,8.36,0.25,0.46,225.79,23.18,504.00,5.23,2.20,0.76,1.70,7.68,8.56
7015,1444,Uttam Dadu Patil,Walva,650,Kapuskhed,0.40,8.13,0.66,1.01,175.62,27.64,772.80,8.46,2.24,0.98,1.88,14.46,8.72
7016,1445,Vinayak Rahul Patil,Walva,846,Kapuskhed,0.40,8.07,0.39,1.21,200.70,26.30,683.20,6.15,3.48,0.72,2.04,11.42,8.06
7017,1446,Alka Devanand Patil,Walva,862,Kapuskhed,0.60,8.40,0.29,0.69,137.98,18.72,425.60,6.06,0.44,0.74,1.94,18.46,9.96
7018,1447,Sakharam Rajaram Patil,Walva,602,Kapuskhed,0.20,8.29,0.17,0.96,175.62,20.50,784.00,8.16,0.44,1.26,2.22,9.70,9.32
7019,1448,Pralhad Shankar Kumbhar,Walva,94,Kapuskhed,0.40,8.22,0.61,0.56,200.70,18.72,571.20,4.67,0.38,0.62,1.94,11.82,8.24
7020,1449,Sahaji Appa Patil,Walva,103,Kapuskhed,0.20,8.27,0.79,0.53,188.16,19.61,548.80,10.08,0.38,0.76,1.68,14.00,8.88
7021,1450,Savanta Nivrutti Mali,Walva,178,Kapuskhed,0.40,8.10,0.66,0.47,163.07,24.96,660.80,4.67,0.46,1.21,1.60,12.24,8.28
7022,1451,Dipak Aakaram Mali,Walva,179,Kapuskhed,0.30,8.43,0.22,0.83,188.16,19.61,616.00,5.67,0.36,0.88,1.62,12.40,7.94
7023,1452,Rajendra Kisan Mali,Walva,177,Kapuskhed,0.40,7.95,0.52,1.07,200.70,29.42,728.00,7.37,0.26,0.94,2.18,12.88,7.14
7024,1453,Popot Yashwant Mali,Walva,175,Kapuskhed,0.20,8.05,0.45,0.75,175.62,25.85,660.80,6.59,0.30,1.04,2.36,14.00,7.46
7025,1454,Jitendra Arun Patil,Walva,1132,Kapuskhed,0.40,8.05,0.78,0.43,175.62,20.95,649.60,5.89,0.40,0.84,1.62,19.94,0.76
7026,1455,Vikas Bajirao Patil,Walva,1177,Kapuskhed,0.40,8.16,0.29,1.50,163.07,21.40,705.60,6.76,0.38,1.08,2.50,23.72,8.32
7027,1456,Anil Ramchandra Patil,Walva,1150,Kapuskhed,0.40,7.68,0.34,0.58,175.62,15.60,481.60,5.15,0.56,1.27,2.04,8.62,9.82
7028,1457,Digvijay Udye Patil,Walva,1110,Kapuskhed,0.40,8.32,0.29,0.90,163.07,24.96,403.20,3.45,0.34,1.55,1.86,12.56,9.04
7029,1458,Vishwas Dnyandev Mokashi,Walva,1013,Kapuskhed,0.40,8.06,0.23,0.82,175.62,30.76,403.20,4.32,0.50,1.38,1.62,12.04,7.78
7030,1459,Sangram Vishwas Mokashi,Walva,1013,Kapuskhed,0.40,8.00,0.22,0.75,188.16,22.73,313.60,4.41,0.28,1.05,1.48,13.86,9.50
7031,1460,Pradip Anandrao Patil,Walva,1013,Kapuskhed,0.30,8.14,0.31,1.13,200.70,19.61,705.60,5.76,0.46,0.92,1.92,19.06,8.36
7032,1461,Datatrya Bhimrao Patil,Walva,1013,Kapuskhed,0.40,8.15,0.27,1.25,213.25,22.73,817.60,8.68,0.44,1.11,1.86,17.30,9.22
7033,1462,Ajit Anandrao Patil,Walva,990,Kapuskhed,0.20,8.10,0.32,1.14,200.70,27.19,728.00,8.77,0.44,1.16,2.16,10.10,8.48
7034,1463,Dilip Ramrao Patil,Walva,990,Kapuskhed,0.60,8.04,0.40,1.24,175.62,26.30,851.20,6.28,0.56,0.85,2.12,6.84,7.40
7035,1464,Shivaji Ramrao Patil,Walva,990,Kapuskhed,0.30,8.22,0.20,1.17,163.07,19.61,638.40,5.54,0.32,1.03,1.88,12.64,7.94
7036,1465,Tanaji Rajaram Naikwadi,Walva,890,Kapuskhed,0.40,8.08,0.32,0.96,150.53,18.72,761.60,6.54,0.48,0.91,1.78,9.44,7.38
7037,1466,Anil Ramrao Mokashi,Walva,1025,Kapuskhed,0.40,8.02,0.45,0.74,163.07,19.61,683.20,4.75,0.32,0.85,2.18,10.62,7.50
7038,1467,Vishnu Ganpati Pawar,Walva,1253,Kapuskhed,0.48,8.12,0.45,1.00,200.70,22.73,772.80,8.16,0.52,0.89,2.16,7.72,6.80
7039,1468,Pravbhavati Dnyandev Thorat,Walva,1040,Kapuskhed,0.30,8.06,0.28,0.69,225.79,20.50,638.40,7.94,0.44,1.07,1.84,14.84,8.98
7040,1469,Vrundavani Prakash Mokashi,Walva,1018,Kapuskhed,0.20,7.53,0.26,0.56,137.98,30.31,571.20,5.23,0.42,1.03,4.82,23.80,7.16
7041,1470,Monali Dhanaji Patil,Walva,609,Kapuskhed,0.30,7.77,1.00,0.60,163.07,20.95,526.40,6.15,0.34,0.88,1.76,6.00,8.34
7042,1471,Suryakant Dinkar Supne,Walva,539,Kapuskhed,0.40,8.03,0.41,1.24,175.62,18.28,772.80,7.42,0.46,1.12,2.32,9.62,6.16
7043,1472,Mahdev Jalindir Mali,Walva,197,Kapuskhed,0.40,7.93,0.90,1.35,200.70,27.64,728.00,5.15,0.50,0.92,4.42,6.78,3.40
7044,1473,????? ????????? ??????,Walva,626,Kille Machhindra Gad,0.60,8.34,0.12,0.90,137.98,16.49,492.80,2.79,1.12,0.52,2.04,4.22,6.70
7045,1474,?????? ???? ????,Walva,616,Kille Machhindra Gad,0.75,8.29,0.17,0.74,200.70,19.61,571.20,4.27,1.94,0.79,1.64,2.94,4.34
7046,1475,???? ???? ?????,Walva,612,Kille Machhindra Gad,0.50,8.12,0.24,0.57,175.62,22.29,728.00,1.66,0.52,0.75,2.10,2.56,2.98
7047,1476,????? ??? ?????,Walva,611,Kille Machhindra Gad,0.40,8.04,0.33,0.89,200.70,24.52,369.60,5.15,1.06,1.01,1.48,17.30,3.96
7048,1477,??? ?????? ????,Walva,67,Kille Machhindra Gad,0.29,8.16,0.31,0.78,188.16,16.94,694.40,2.70,1.12,0.91,1.38,13.04,3.08
7049,1478,Shivaji Rangrav More,Walva,51,Kille Machhindra Gad,0.29,8.22,0.24,0.33,200.70,24.96,224.00,3.14,0.38,0.86,1.58,4.20,4.26
7050,1479,Mahadev Dattatray Patil,Walva,463,Kille Machhindra Gad,1.00,8.25,0.29,0.72,163.07,11.14,504.00,3.01,0.76,0.95,1.44,9.16,5.10
7051,1480,Mahesh Mohan Salunkhe,Walva,740,Kille Machhindra Gad,0.40,8.39,0.24,1.06,250.88,13.37,481.60,1.44,1.12,0.91,1.34,8.62,4.98
7052,1481,Sandip Mohan Salunkhe,Walva,393,Kille Machhindra Gad,0.40,8.21,0.25,0.58,200.70,23.18,459.20,2.49,1.00,0.91,1.52,8.76,4.28
7053,1482,Santosh Mohan Salunkhe,Walva,741,Kille Machhindra Gad,0.40,8.34,0.20,0.68,150.53,27.19,560.00,6.63,0.92,0.93,1.72,4.52,4.26
7054,1483,Krishnat Dattu Sakpal,Walva,259,Kille Machhindra Gad,0.41,8.28,0.18,0.76,163.07,21.40,548.80,3.23,1.00,0.82,1.58,7.84,3.78
7055,1484,Dadaso Mahadev Kumbhar,Walva,242,Kille Machhindra Gad,0.30,8.27,0.27,0.79,150.53,22.73,257.60,4.54,1.94,0.90,1.52,3.56,2.40
7056,1485,Balaso Vishnu Madane,Walva,147,Kille Machhindra Gad,0.25,8.21,0.33,0.53,163.07,15.60,537.60,4.41,0.36,1.00,1.38,3.36,4.30
7057,1486,Mangesh Nanaso Kumbhar,Walva,78,Kille Machhindra Gad,0.30,8.21,0.30,1.31,200.70,15.60,504.00,2.53,1.00,1.20,1.54,5.96,4.52
7058,1487,Savitri Ashok Patil,Walva,381,Kille Machhindra Gad,0.40,8.28,0.25,1.00,213.25,11.14,201.60,4.58,1.04,0.98,1.40,8.90,2.74
7059,1488,Kakaso Bhagwan Pol,Walva,289,Kille Machhindra Gad,0.80,8.23,0.25,0.65,175.62,20.95,515.20,2.14,0.28,1.06,1.60,5.32,3.22
7060,1489,Anil Rangrao Pol,Walva,290,Kille Machhindra Gad,0.60,8.22,0.32,0.96,175.62,23.18,537.60,2.70,1.42,1.16,1.48,7.90,3.16
7061,1490,Ashok Bajirao Tambe,Walva,156,Kille Machhindra Gad,0.50,8.41,0.18,0.71,163.07,19.17,560.00,0.87,2.46,1.07,1.32,2.36,3.54
7062,1491,Harun Amin Patel,Walva,171,Kille Machhindra Gad,1.00,8.19,0.35,0.54,200.70,15.16,604.80,3.45,1.34,0.95,1.26,8.80,1.58
7063,1492,Balaso Nurmahammad Sheikh,Walva,597,Kille Machhindra Gad,0.50,8.16,0.48,0.82,150.53,20.95,761.60,6.06,1.08,1.03,1.40,14.12,1.22
7064,1493,Sultan Ismail Shikalgar,Walva,58,Kille Machhindra Gad,0.40,7.96,1.06,0.64,200.70,12.48,504.00,7.59,0.96,1.06,1.32,6.62,1.06
7065,1494,Nila Sukhadev Kamble,Walva,425,Kille Machhindra Gad,0.40,8.34,0.19,0.49,188.16,15.60,548.80,1.31,1.92,1.12,1.36,2.70,0.66
7066,1495,Baban Savala Thorat,Walva,430,Kille Machhindra Gad,0.40,8.25,0.42,0.53,200.70,16.94,492.80,2.44,1.08,0.82,1.40,10.26,0.68
7067,1496,Pradip Kisan Deshmukh,Walva,739,Kille Machhindra Gad,1.60,8.55,0.19,0.76,150.53,27.64,436.80,1.74,0.86,0.95,1.46,8.14,0.64
7068,1497,Ashish Mohanrao Kanase,Walva,364,Kille Machhindra Gad,1.60,8.55,0.20,0.90,188.16,32.09,380.80,5.45,0.86,1.12,1.18,4.74,0.72
7069,1498,Baban Sakharam Kadam,Walva,330,Kille Machhindra Gad,0.40,8.23,0.36,0.71,200.70,26.30,448.00,6.19,1.68,1.16,2.28,4.74,0.72
7070,1499,Arun Mahadev Kadam,Walva,273,Kille Machhindra Gad,0.40,8.54,0.25,0.90,150.53,18.72,470.40,4.71,1.68,1.06,1.30,4.00,0.64
7071,1500,Sambhaji Chandra More,Walva,57,Kille Machhindra Gad,0.40,8.10,0.26,0.94,175.62,14.71,560.00,5.45,2.14,1.04,1.58,3.32,0.64
7072,1501,Ravindra Namdev Jadhav,Walva,217,Kille Machhindra Gad,1.00,8.28,0.19,0.71,150.53,12.93,616.00,17.45,2.12,0.84,1.50,1.80,0.64
7073,1502,Suman Krishnat Jadhav,Walva,134,Kille Machhindra Gad,0.40,8.39,0.93,0.75,188.16,9.81,560.00,11.52,1.04,0.93,1.48,6.22,0.60
7074,1503,Prakash Ramchandra Shendge,Walva,38,Kille Machhindra Gad,0.40,8.25,0.24,0.57,213.25,19.61,302.40,10.91,0.52,0.85,1.90,1.58,0.60
7075,1504,Ananda Mahadev Karande,Walva,56,Kille Machhindra Gad,0.60,8.27,0.20,0.83,225.79,14.26,448.00,19.11,1.12,1.07,2.96,9.12,0.60
7076,1505,Shrirang Anna Ingavale,Walva,68,Kille Machhindra Gad,0.40,8.09,0.42,1.10,188.16,18.28,537.60,13.30,0.72,0.83,1.60,7.16,0.60
7077,1506,Mangal Shankar Tambe,Walva,68,Kille Machhindra Gad,0.40,8.13,0.63,1.08,200.70,15.60,548.80,4.97,0.40,0.92,1.48,4.24,3.38
7078,1507,Vilas Chendu Kamble,Walva,10,Kille Machhindra Gad,0.40,8.39,0.23,0.63,175.62,16.05,728.00,3.84,0.64,0.77,1.52,10.54,4.52
7079,1508,Jalindar Ganpati Pol,Walva,161,Kille Machhindra Gad,0.40,8.35,0.21,0.83,213.25,12.04,638.40,17.19,1.98,0.90,1.60,3.16,3.80
7080,1509,Sakhubai Sopan Salunkhe,Walva,517,Kille Machhindra Gad,0.40,8.21,0.23,0.85,163.07,15.60,257.60,11.86,0.42,0.88,1.26,2.04,4.56
7081,1510,Baban Shankar Jagtap,Walva,614,Kille Machhindra Gad,0.40,8.24,0.20,0.67,225.79,20.95,560.00,8.42,0.54,0.66,1.52,2.52,3.92
7082,1511,Dnaneshwar Vishwas Shinde,Walva,391,Kille Machhindra Gad,0.40,8.32,0.10,0.60,175.62,14.26,403.20,7.59,0.48,0.68,0.56,1.94,5.08
7083,1512,Pramod Babaso Gaikwad,Walva,717,Kille Machhindra Gad,0.60,8.15,0.27,0.82,188.16,11.59,436.80,6.19,0.68,1.06,1.66,3.16,6.52
7084,1513,Mahadev Savala Autade,Walva,398,Kille Machhindra Gad,0.40,8.06,0.57,0.68,225.79,12.93,470.40,5.93,1.10,1.12,1.38,3.54,4.70
7085,1514,Anil Shankar Sakhare,Walva,179,Kille Machhindra Gad,0.40,8.18,0.37,1.01,163.07,14.26,560.00,7.28,0.98,1.04,1.50,10.00,3.66
7086,1515,Jaywant Bapuso Kanase,Walva,708,Kille Machhindra Gad,1.00,8.26,0.23,0.68,175.62,18.72,257.60,7.42,0.50,0.85,1.44,3.34,3.82
7087,1516,Mangal Vishnu Salunkhe,Walva,174,Kille Machhindra Gad,0.60,8.22,0.24,0.50,200.70,18.28,504.00,6.46,0.40,1.21,2.32,2.72,4.92
7088,1517,Vikas Sampatrao Salunkhe,Walva,171,Kille Machhindra Gad,0.40,8.24,0.31,0.96,213.25,23.18,560.00,7.85,0.68,0.89,1.62,3.82,3.46
7089,1518,Mohan Pandurang More,Walva,295,Kille Machhindra Gad,0.40,8.15,0.60,0.64,200.70,13.82,470.40,8.42,0.64,1.96,1.38,22.22,4.74
7090,1519,Prakash Bhimrao Sakpal,Walva,163,Kille Machhindra Gad,0.30,8.37,0.35,1.00,175.62,27.19,537.60,8.11,0.84,1.09,1.26,9.22,4.62
7091,1520,Tukaram Sakharam Matkari,Walva,415,Kille Machhindra Gad,0.50,8.41,0.23,0.44,163.07,17.83,179.20,7.55,0.34,1.69,2.00,5.30,2.10
7092,1521,Babaso Dhondiram Kamble,Walva,560,Kille Machhindra Gad,0.10,8.32,0.30,0.75,188.16,12.48,392.00,6.80,0.80,1.02,1.46,7.54,5.42
7093,1522,Ankushrao Vishwas Shinde,Walva,391,Kille Machhindra Gad,0.20,7.98,0.97,0.63,200.70,11.14,761.60,7.11,0.34,0.82,1.48,11.44,3.52
7094,1523,Rajendra Vitthal Karande,Walva,168,Kille Machhindra Gad,0.80,8.31,0.30,0.43,188.16,18.28,358.40,6.94,0.64,0.74,1.56,9.64,3.46
7095,1524,Shubham Jaywant Kumbhar,Walva,73,Kille Machhindra Gad,0.20,8.15,0.46,0.85,213.25,27.64,649.60,6.46,0.58,1.02,1.84,7.54,3.96
7096,1525,Janardan Ganpati Kumbhar,Walva,73,Kille Machhindra Gad,0.60,8.28,0.24,0.53,188.16,11.59,616.00,4.32,0.78,0.75,2.44,9.10,4.22
7097,1526,Shankar Dadu Karande,Walva,466,Kille Machhindra Gad,0.80,8.26,0.27,0.94,225.79,27.19,660.80,6.24,0.68,0.71,2.16,4.50,4.96
7098,1527,Shivaji Bhimrao Karande,Walva,467,Kille Machhindra Gad,0.40,8.32,0.26,0.82,238.34,18.72,683.20,6.06,0.76,0.83,1.92,5.32,4.52
7099,1528,Mansing Mahadev Ingavale,Walva,68,Kille Machhindra Gad,0.40,8.36,0.21,0.43,213.25,29.87,392.00,7.11,0.72,0.96,1.40,4.48,6.18
7100,1529,Sindhu Suresh Sutar,Walva,273,Kille Machhindra Gad,0.40,8.31,0.61,0.82,163.07,22.73,772.80,6.32,0.82,1.03,1.66,21.36,7.30
7101,1530,Abhijit Ganpati Dubal,Walva,58,Kille Machhindra Gad,0.40,8.22,0.38,0.46,238.34,23.18,302.40,7.46,0.68,0.80,1.48,8.62,4.86
7102,1531,Bhagwan Dattu Kumbhar,Walva,57,Kille Machhindra Gad,0.40,8.21,0.40,0.89,188.16,19.61,571.20,4.41,1.06,0.91,1.44,10.64,4.70
7103,1532,Raju Babasa Aga,Walva,152,Kille Machhindra Gad,0.20,8.25,0.24,0.46,213.25,14.71,593.60,6.80,0.38,0.82,2.18,2.68,3.62
7104,1533,Ilahi Shamshuddin Jamadar,Walva,280,Kille Machhindra Gad,0.20,8.22,0.38,0.89,225.79,16.49,616.00,4.27,1.10,0.81,1.64,12.14,4.86
7105,1534,Subhash Maruti Madane,Walva,625,Kille Machhindra Gad,0.40,8.03,1.00,0.60,200.70,18.28,448.00,5.54,0.68,0.55,1.46,5.76,4.16
7106,1535,Mahadev Pandurang Tambe,Walva,206,Kille Machhindra Gad,0.20,8.37,0.26,0.86,213.25,18.28,201.60,6.32,0.18,0.90,1.50,6.58,3.22
7107,1536,Tanaji Vishwanath More,Walva,443,Kille Machhindra Gad,0.40,8.21,0.29,0.76,188.16,14.71,448.00,4.54,0.58,0.78,1.66,13.52,4.82
7108,1537,Sambhaji Dattatray Jadhav,Walva,332,Kille Machhindra Gad,0.40,8.22,0.54,0.22,175.62,9.81,560.00,5.15,1.00,0.91,1.30,3.62,5.54
7109,1538,Sachin Sambhaji Jadhav,Walva,734,Kille Machhindra Gad,0.40,8.05,0.40,0.90,225.79,12.04,571.20,7.94,0.24,0.68,1.62,18.38,4.22
7110,1539,Nanaso Appa Salunkhe,Walva,162,Kille Machhindra Gad,0.30,8.06,0.59,0.81,200.70,15.60,761.60,7.15,0.72,0.64,1.78,14.62,7.44
7111,1540,Hauserao Vishwanath More,Walva,143,Kille Machhindra Gad,0.40,8.17,0.60,0.38,175.62,18.28,795.20,6.80,0.92,0.78,1.66,8.92,4.36
7112,1541,Sambhaji Krishna Nikam,Walva,385,Kille Machhindra Gad,0.40,8.06,0.86,0.56,150.53,23.63,649.60,5.98,0.74,0.95,1.52,22.44,4.14
7113,1542,Hamid Mahamad Aga,Walva,593,Kille Machhindra Gad,0.40,8.10,0.72,0.63,163.07,22.73,817.60,6.19,0.98,1.06,1.56,3.84,4.82
7114,1543,Hauserao Bajirao Pol,Walva,161,Kille Machhindra Gad,0.40,8.30,0.28,0.42,188.16,22.73,560.00,4.71,1.12,0.68,1.90,11.08,4.72
7115,1544,Sagar Bhanudas Karande,Walva,464,Kille Machhindra Gad,0.40,8.37,0.28,0.99,213.25,18.72,436.80,5.93,1.30,0.74,1.58,7.48,5.58
7116,1545,Shivaji Shankar Yadav,Walva,615,Kille Machhindra Gad,0.40,8.43,0.23,0.54,200.70,17.83,660.80,6.63,1.94,0.71,1.62,12.96,5.80
7117,1546,Aslam Chabulal Mulla,Walva,687,Kille Machhindra Gad,0.10,8.09,0.80,0.51,175.62,22.73,828.80,6.46,0.80,0.65,1.62,6.92,4.34
7118,1547,Pradip Kashinath Kamble,Walva,657,Kille Machhindra Gad,0.10,8.38,0.22,0.38,200.70,16.05,246.40,7.28,0.26,0.53,1.60,4.28,3.34
7119,1548,Ankush Baburao Salunkhe,Walva,402,Kille Machhindra Gad,0.20,8.30,0.27,0.36,213.25,27.19,212.80,5.54,0.72,0.74,2.28,7.18,4.12
7120,1549,Vinayak Anna Jadhav,Walva,104,Kille Machhindra Gad,0.10,8.30,0.32,0.25,225.79,24.52,436.80,6.63,0.98,1.00,1.78,3.98,5.54
7121,1550,Krishnat Khashaba Kumbhar,Walva,36,Kille Machhindra Gad,0.10,8.27,0.25,0.92,163.07,18.28,537.60,8.77,0.54,1.09,1.62,8.28,3.48
7122,1551,Chetan Balaso Dubal,Walva,224,Kille Machhindra Gad,0.20,8.24,0.38,0.43,200.70,25.41,448.00,8.16,0.60,1.06,1.28,11.98,4.94
7123,1552,Vinod Vasant Sutar,Walva,659,Kille Machhindra Gad,0.10,8.33,0.43,0.54,175.62,17.83,616.00,6.19,1.12,0.82,1.80,12.84,4.76
7124,1553,Bhaskar Babu Kamble,Walva,525,Kille Machhindra Gad,0.20,8.15,0.47,0.50,163.07,14.71,772.80,6.85,0.78,0.76,1.44,13.68,4.96
7125,1554,Bhimrao Ramchandra Jadhav,Walva,188,Kille Machhindra Gad,0.10,8.20,0.42,1.13,150.53,21.40,537.60,4.23,1.08,0.61,1.76,14.42,4.80
7126,1555,Hanif Lala Sayyad,Walva,188,Kille Machhindra Gad,0.30,8.37,0.36,0.60,200.70,16.49,571.20,5.58,0.98,1.08,1.76,14.02,4.84
7127,1556,Rajaram Vilas Shinde,Walva,739,Kille Machhindra Gad,0.11,8.36,0.31,0.99,137.98,18.28,582.40,6.24,1.02,0.77,1.42,11.12,4.74
7128,1557,Niwas Vitthal Karande,Walva,535,Kille Machhindra Gad,0.20,8.41,0.23,0.90,163.07,16.05,627.20,4.71,0.94,0.70,1.62,8.98,6.32
7129,1558,Vaishali Prakash Salunkhe,Walva,236,Kille Machhindra Gad,0.20,8.38,0.30,0.56,175.62,24.07,470.40,8.38,0.94,0.87,2.44,11.90,4.64
7130,1559,Dilawar Babu Mulla,Walva,47,Kille Machhindra Gad,0.20,8.25,0.32,0.61,150.53,16.94,392.00,8.16,1.46,0.57,1.52,9.10,5.86
7131,1560,Dadaso Atmaram Salunkhe,Walva,606,Kille Machhindra Gad,40.00,8.27,0.33,0.51,175.62,16.05,537.60,6.80,1.06,0.93,1.90,8.10,5.36
7132,1561,Manik Ganpati Kanase,Walva,285,Kille Machhindra Gad,0.60,8.39,0.29,0.39,137.98,12.93,470.40,7.55,0.72,1.06,2.10,12.14,4.90
7133,1562,Vijay Yashwantrao Patil,Walva,701,Kille Machhindra Gad,0.77,8.36,0.20,0.50,163.07,15.16,571.20,6.41,0.90,0.87,2.14,11.42,6.52
7134,1563,Sagar Ramrao Kanase,Walva,565,Kille Machhindra Gad,0.83,8.24,0.41,0.51,213.25,14.26,515.20,7.28,0.86,0.95,1.76,13.90,5.18
7135,1564,Satish Kundalik Patil,Walva,717,Kille Machhindra Gad,1.50,8.39,0.29,0.56,150.53,16.05,280.00,6.63,0.86,1.05,1.70,3.08,3.98
7136,1565,Narayan Pandurang Mahiti,Walva,426,Bichud,0.2,8.79,0.29,0.54,213.25,38.34,291.2,7.50,1.00,0.51,2.02,8.10,5.94
7137,1566,Vishwanath Vishnu Kulkarni,Walva,550/2,Bichud,0.4,8.30,0.16,0.94,137.98,39.23,280.0,4.14,1.18,0.75,1.42,12.30,5.58
7138,1567,Jaykar Niwas Mohite,Walva,563,Bichud,0.94,7.83,0.10,0.38,225.79,43.24,324.8,5.93,1.04,0.53,2.14,20.12,5.78
7139,1568,Sunil Ananda Mohite,Walva,561,Bichud,0.3,8.14,0.25,0.61,188.16,35.22,492.8,4.62,0.60,0.51,1.24,11.50,4.98
7140,1569,Vijaykumar Keru Rasal,Walva,579,Bichud,0.4,8.06,0.55,0.76,200.70,29.42,448.0,6.19,1.88,0.50,1.26,10.84,5.08
7141,1570,Ashok Shivaji Patil,Walva,538,Bichud,0.2,7.72,0.73,0.92,175.62,41.01,369.6,11.69,1.88,0.53,1.28,10.82,5.58
7142,1571,Sanjay Shivaji Patil,Walva,216,Bichud,0.27,8.37,0.20,0.43,188.16,17.38,548.8,6.02,1.26,0.23,1.58,11.70,5.04
7143,1572,Sushila Hariba Rasal,Walva,407,Bichud,0.2,7.66,2.00,0.79,213.25,32.99,504.0,11.12,1.48,0.67,0.98,19.76,4.94
7144,1573,Mahadev Shankar Godse,Walva,232,Bichud,0.4,8.20,0.53,1.07,200.70,15.60,436.8,7.37,0.96,0.56,1.66,14.52,5.34
7145,1574,Dilip Atmaram Mohite,Walva,230,Bichud,0.4,8.38,0.35,0.93,238.34,23.63,448.0,6.89,1.58,0.73,1.42,5.78,6.00
7146,1575,Jaywant Shankar Patil,Walva,109,Bichud,0.3,8.13,0.18,0.68,213.25,43.24,515.2,7.33,0.86,0.57,1.52,13.64,4.52
7147,1576,Bhaskar Laxman Deshmukh,Walva,347,Bichud,0.25,8.38,0.34,1.63,175.62,13.82,336.0,4.89,0.64,0.78,1.62,10.62,6.32
7148,1577,Sayaji Dinkar Patil,Walva,386,Bichud,0.4,8.47,0.59,1.24,175.62,32.54,358.4,6.02,1.52,0.72,1.20,11.50,5.18
7149,1578,Jaywant Kundalik Mohite,Walva,4,Bichud,0.2,7.99,0.47,0.76,175.62,36.55,436.8,7.42,0.70,0.83,1.50,12.58,5.04
7150,1579,Babaso Kundalik Mohite,Walva,16,Bichud,0.16,7.54,0.21,0.63,150.53,32.09,470.4,7.07,1.48,0.86,1.98,27.64,5.40
7151,1580,Sandip Balkrishna Patil,Walva,483,Bichud,0.4,8.48,0.66,0.71,175.62,40.12,537.6,5.32,0.68,0.65,1.28,5.54,4.20
7152,1581,Mahipati Dhanu Godse,Walva,485,Bichud,0.4,7.92,0.91,0.78,213.25,24.52,268.8,6.02,1.02,1.01,1.34,11.96,5.14
7153,1582,Pandurang Krishna Bhosale,Walva,349,Bichud,0.37,7.80,1.03,1.03,213.25,43.68,481.6,4.23,1.20,0.76,1.12,17.34,5.24
7154,1583,Sagar Balkrishna Patole,Walva,483,Bichud,0.4,8.18,0.71,0.83,188.16,23.18,492.8,5.15,1.10,0.54,1.28,9.08,4.72
7155,1584,Balaso Navalu Pawar,Walva,3,Bichud,0.2,7.47,0.25,0.53,188.16,36.55,414.4,9.16,1.14,0.47,2.02,9.98,5.06
7156,1585,Shankar Maruti Jadhav,Walva,452,Bichud,0.7,8.03,0.37,0.65,225.79,11.59,515.2,7.07,1.10,0.59,1.60,12.64,4.82
7157,1586,Indutai Dinkar Pawar,Walva,14,Bichud,0.3,7.64,0.64,0.86,175.62,37.44,336.0,5.15,1.14,0.82,1.76,10.38,5.22
7158,1587,Deepak Ramdas Patil,Walva,108,Bichud,0.4,8.20,0.21,0.65,238.34,24.96,515.2,5.58,0.74,0.31,1.54,10.84,4.00
7159,1588,Bapurao Vitthal Mohite,Walva,511,Bichud,0.6,8.31,0.29,0.53,137.98,31.65,324.8,6.46,0.64,0.38,1.48,9.64,3.96
7160,1589,Yuvraj Balkrishna Godse,Walva,569/?,Bichud,1.2,8.52,0.51,0.47,225.79,27.64,436.8,5.98,0.46,0.81,1.20,2.54,4.22
7161,1590,Shivaji Santram Rasal,Walva,582,Bichud,0.2,7.59,1.07,0.44,188.16,24.07,324.8,18.71,0.82,0.96,1.20,14.64,5.36
7162,1591,Shamrao Anna Rasal,Walva,403,Bichud,0.1,7.44,0.35,0.90,200.70,25.41,459.2,7.76,2.28,0.77,2.20,11.20,6.10
7163,1592,Vijaykumar Sitaram Pawar,Walva,7,Bichud,0.26,7.89,0.23,0.64,163.07,30.76,436.8,5.93,0.96,0.66,1.50,12.78,4.26
7164,1593,Vikas Shankar Tandale,Walva,572,Bichud,0.1,8.40,0.55,0.72,188.16,20.95,313.6,5.58,0.28,0.73,1.00,6.70,3.58
7165,1594,Subhadra Shankar Tandale,Walva,224,Bichud,0.1,7.83,0.66,0.46,225.79,15.16,291.2,7.02,0.62,0.50,2.02,4.06,6.32
7166,1595,Jaywant Maruti Pawar,Walva,12,Bichud,0.34,7.65,0.29,0.53,200.70,21.40,392.0,6.63,1.62,0.68,2.20,15.78,6.00
7167,1596,Sandip Tukaram Tandale,Walva,571,Bichud,0.15,8.24,0.18,0.71,238.34,28.08,448.0,5.19,0.50,0.89,1.54,11.80,4.76
7168,1597,Hari Tukaram Tandale,Walva,376,Bichud,0.1,8.56,0.26,0.61,213.25,33.88,280.0,5.10,0.54,0.86,1.56,12.78,5.60
7169,1598,Vijaykumar Shankar Sawant,Walva,379,Bichud,0.4,7.96,1.04,0.90,175.62,35.66,302.4,10.12,0.62,0.95,1.28,7.92,4.28
7170,1599,Mahadev Nivritti Sawant,Walva,371,Bichud,0.4,8.31,0.37,0.85,175.62,30.76,224.0,5.54,0.68,0.81,1.28,2.72,4.48
7171,1600,Mangal Mahadev Sawant,Walva,381,Bichud,0.3,8.14,0.58,0.68,175.62,18.72,302.4,7.90,0.78,0.61,1.18,1.20,4.14
7172,1601,Santosh Balasaheb Jadhav,Walva,499,Bichud,0.9,8.16,0.34,0.90,150.53,20.50,313.6,6.19,1.08,0.55,1.48,9.94,5.04
7173,1602,Subhash Anandrao Patil,Walva,555,Bichud,0.4,8.40,0.58,0.65,175.62,26.30,336.0,12.13,0.66,0.66,1.46,5.60,4.26
7174,1603,Sanjay Anandrao Patil,Walva,386,Bichud,0.4,8.13,0.35,0.93,213.25,16.05,302.4,6.02,1.24,0.56,1.32,9.70,5.30
7175,1604,Pradip Dashrath Godse,Walva,184,Bichud,0.2,8.18,0.21,0.68,213.25,22.73,302.4,6.06,1.52,0.71,1.96,7.50,6.06
7176,1605,Janardan Ramchandra Mohite,Walva,56,Bichud,0.15,8.37,0.23,0.63,188.16,15.60,179.2,6.37,0.74,0.61,2.12,12.82,5.78
7177,1606,Sukhdev Anna Rasal,Walva,581,Bichud,0.2,7.98,0.16,0.75,188.16,27.64,369.6,5.85,1.90,0.77,2.26,12.20,6.10
7178,1607,Bajirao Vishnu Rasal,Walva,410,Bichud,0.13,8.12,0.33,0.67,225.79,38.34,347.2,5.58,1.00,0.71,1.56,9.98,4.04
7179,1608,Balaso Rajaram Sutar,Walva,347,Bichud,0.8,8.21,0.18,1.03,175.62,37.00,448.0,5.98,0.92,0.77,3.24,11.52,6.28
7180,1609,Bhagwat Laxman Deshmukh,Walva,290,Bichud,0.2,8.19,0.45,1.11,225.79,32.09,548.8,5.28,1.04,0.69,2.10,12.66,5.30
7181,1610,Prakash Dattajirao Patil,Walva,399,Bichud,0.4,8.29,0.12,1.04,238.34,24.07,324.8,6.67,1.06,0.84,1.26,20.96,5.12
7182,1611,Pranit Pramod Jadhav,Walva,159,Bichud,0.4,8.10,0.11,0.49,188.16,27.64,403.2,5.63,0.66,0.90,1.74,9.56,4.86
7183,1612,Balu Tukaram Khudaya,Walva,125,Bichud,0.1,8.34,0.23,0.69,137.98,29.87,336.0,8.03,0.76,0.75,1.48,7.68,4.54
7184,1613,Suhas Sadashiv Kulkarni,Walva,574,Bichud,0.6,8.13,0.21,0.68,200.70,34.77,470.4,6.19,1.34,0.91,1.90,17.28,5.86
7185,1614,Anupama Prakash Kulkarni,Walva,461,Bichud,0.29,8.11,0.40,0.64,150.53,21.40,291.2,5.81,0.90,0.96,1.78,14.40,5.32
7186,1615,Jaykar Shamrao Godse,Walva,238,Bichud,0.36,8.22,0.16,0.60,188.16,17.38,280.0,6.46,0.60,0.77,1.78,14.56,3.54
7187,1616,Sanjay Vilas Mohite,Walva,534,Bichud,0.4,8.22,0.17,0.58,225.79,12.48,324.8,7.59,0.46,0.55,1.58,7.40,4.88
7188,1617,Lata Manik Patil,Walva,514,Bichud,0.4,8.06,0.14,0.56,150.53,15.16,470.4,5.45,1.12,0.66,1.56,10.00,4.48
7189,1618,Balasaheb Babasaheb Patil,Walva,520,Bichud,0.6,8.06,0.30,0.46,200.70,9.81,436.8,6.98,1.26,0.54,1.36,13.26,5.28
7190,1619,Sagar Zhanu Sawant,Walva,65,Bichud,0.4,8.12,0.22,0.83,175.62,13.82,336.0,6.37,0.54,0.56,1.70,14.10,4.98
7191,1620,Vitthal Narayan Kulkarni,Walva,575,Bichud,1.6,8.02,0.47,0.46,200.70,19.17,459.2,5.54,1.40,0.81,1.72,12.96,6.72
7192,1621,Chandrakant Shamrao Mohite,Walva,518,Bichud,0.6,8.08,0.51,0.54,225.79,28.53,358.4,5.76,0.92,0.56,1.36,18.22,5.36
7193,1622,Dhondiram Vitthal Mane,Walva,506,Bichud,0.2,8.07,0.21,0.63,238.34,24.52,492.8,4.85,1.06,0.51,1.70,16.12,5.84
7194,1623,Satish Dinkar Patil,Walva,2,Bichud,0.21,8.00,0.25,0.64,150.53,31.65,324.8,5.98,1.66,0.87,1.82,19.02,5.78
7195,1624,Shalan Sarjerao Pawar,Walva,21,Bichud,21,7.94,0.28,0.49,175.62,24.96,436.8,7.85,1.26,0.57,2.18,19.44,5.96
7196,1625,Rajaram Vishnu Kamble,Walva,469,Bichud,0.22,8.24,0.34,0.74,200.70,35.22,302.4,6.19,0.80,0.51,1.32,10.44,4.86
7197,1626,Pralhad Vitthal Mohite,Walva,531,Bichud,0.4,8.16,0.64,0.47,225.79,36.11,291.2,7.81,0.88,0.91,1.32,8.74,4.68
7198,1627,Hindurao Shankar Mohite,Walva,361,Bichud,0.1,8.08,0.35,0.96,238.34,32.54,336.0,5.89,0.58,0.57,1.58,5.32,3.36
7199,1628,Kundlika Hanumantha Gurav,Walva,348,Bichud,0.4,8.34,0.50,0.72,137.98,24.07,481.6,7.50,0.70,0.54,2.14,14.14,7.30
7200,1629,Savita Shankar Patil,Walva,356,Bichud,356,8.52,0.30,0.85,188.16,14.71,436.8,6.37,0.60,0.96,1.62,10.60,6.52
7201,1630,Dattatray Nivritti Mane,Walva,526,Bichud,0.2,8.54,0.47,0.56,188.16,20.06,380.8,6.63,0.54,0.58,1.66,12.70,5.76
7202,1631,Dinkar Jagnnath Bhosale,Walva,352,Bichud,0.23,8.31,0.83,0.82,188.16,21.40,504.0,5.15,1.12,0.55,1.36,11.76,4.56
7203,1632,Udaysing Bhanudas Jambhale,Walva,393,Bichud,0.24,8.22,0.24,0.49,200.70,24.96,515.2,7.72,1.30,0.58,1.58,11.68,5.36
7204,1633,Rajaram Shripati Mohite,Walva,336,Bichud,0.4,8.14,0.56,0.54,175.62,28.97,448.0,7.37,1.06,0.56,1.42,11.44,5.38
7205,1634,Bajirao Rajaram Mohite,Walva,422,Bichud,0.32,8.21,0.97,0.57,213.25,12.48,459.2,5.10,0.68,0.52,1.48,13.56,4.62
7206,1635,Jaywant Dnyandev Godse,Walva,547/1,Bichud,0.2,8.11,0.43,0.86,163.07,38.34,526.4,6.02,1.30,0.82,1.86,14.38,6.02
7207,1636,Ramesh Vitthal Godse,Walva,276,Bichud,0.24,8.23,0.27,0.69,200.70,16.94,347.2,6.32,0.54,0.69,1.50,12.90,4.68
7208,1637,Dattaguru Ramrao Mohite,Walva,311,Bichud,0.3,8.18,0.23,0.58,238.34,10.70,324.8,5.76,0.50,0.81,1.62,10.22,4.38
7209,1638,Navnath Narayan Sawant,Walva,298,Bichud,1,8.20,0.26,0.40,163.07,14.71,347.2,6.63,0.96,0.88,1.70,8.34,5.70
7210,1639,Sumitra Vijay Patil,Walva,242,Bichud,1.2,8.10,0.45,0.47,213.25,20.06,313.6,6.24,1.00,0.73,1.86,17.42,6.10
7211,1640,Kumar Shamrao Sawant,Walva,176,Bichud,0.2,8.20,0.25,0.61,200.70,13.37,179.2,6.15,0.62,0.77,1.58,15.42,4.32
7212,1641,Tanaji Vishnu Godse,Walva,282,Bichud,0.33,8.48,0.42,0.71,188.16,9.36,369.6,5.71,0.42,0.94,1.44,8.56,4.62
7213,1642,Dattu Rau Kidekude,Walva,167,Bichud,0.17,8.30,0.19,0.58,238.34,21.40,347.2,7.59,1.02,0.87,2.36,18.16,6.98
7214,1643,Digambar Namdev Jambhale,Walva,38,Bichud,0.63,8.19,0.23,0.50,250.88,24.96,448.0,6.46,0.86,1.00,1.76,16.20,5.38
7215,1644,Vasant Janardan Kudale,Walva,203,Bichud,0.1,8.04,0.45,0.56,175.62,30.76,459.2,6.02,1.08,0.96,1.74,14.52,6.50
7216,1645,Uttam Krishna Kudale,Walva,374,Bichud,0.2,8.26,0.29,0.43,175.62,17.83,324.8,5.54,0.54,0.55,1.56,14.52,5.06
7217,1646,Bhalchandra Dnyandev Godse,Walva,279,Bichud,0.19,8.05,0.36,0.39,213.25,27.64,403.2,6.85,0.96,0.55,1.78,14.74,5.96
7218,1647,Ashok Ramchandra Sonwane,Walva,138,Bichud,138,8.26,0.19,0.64,238.34,32.99,336.0,7.33,0.76,0.59,1.70,15.14,5.32
7219,1648,Dadaso Vishnu Sonwane,Walva,135,Bichud,0.14,8.24,0.15,0.49,175.62,37.44,470.4,4.54,1.30,0.91,2.66,19.70,6.62
7220,1649,Babaso Rangrao Patil,Walva,419,Bichud,0.49,8.04,0.47,0.60,175.62,19.17,459.2,7.42,1.16,0.64,1.86,15.72,7.42
7221,1650,Ramchandra Anand Mane,Walva,521,Bichud,0.2,8.12,0.48,0.58,275.97,14.26,369.6,7.33,1.20,0.82,1.94,16.52,6.34
7222,1651,Shrirang Gangaram Mohite,Walva,261,Bichud,0.18,8.17,0.31,0.46,175.62,11.14,369.6,6.94,1.04,0.68,1.60,16.00,6.06
7223,1652,Bajirao Mahadev Mohite,Walva,423,Bichud,0.32,8.22,0.25,0.54,225.79,27.19,313.6,6.80,0.78,0.71,1.62,14.92,5.14
7224,1653,Niwas Sarjerao Patil,Walva,474,Bichud,0.28,8.20,0.37,0.85,213.25,20.06,246.4,6.63,0.60,0.67,1.82,15.90,6.14
7225,1654,Sarjerao Pandurang Patole,Walva,479,Bichud,0.33,8.06,0.50,0.49,137.98,29.87,380.8,5.06,0.76,0.73,1.58,17.64,5.74
7226,1655,Bhagwan Anandrao Mohite,Walva,306,Bichud,0.21,8.12,0.25,0.50,188.16,25.85,481.6,6.02,0.76,0.64,1.60,17.44,5.64
7227,1656,Pravin Balaso Sawant,Walva,331,Bichud,0.35,8.20,0.19,0.54,213.25,17.38,313.6,6.59,1.00,0.79,1.86,19.12,5.64
7228,1657,Ganapati Mahadev Sawant,Walva,1138,Kalamwadi,0.73,7.92,0.42,0.76,188.16,32.09,179.2,7.50,0.78,0.97,2.60,2.82,5.38
7229,1658,Kavita Ganpati Sawant,Walva,1137,Kalamwadi,0.42,7.95,0.18,0.97,200.70,34.32,246.4,6.80,1.12,0.68,1.82,6.06,4.30
7230,1659,Prashant Vinayak Sawant,Walva,1139,Kalamwadi,0.12,7.89,0.14,0.99,188.16,23.63,291.2,6.19,1.04,0.36,2.08,2.42,4.38
7231,1660,Vijaya Vinayak Sawant,Walva,1142,Kalamwadi,0.11,7.86,0.20,1.11,200.70,42.35,358.4,7.15,1.44,0.98,1.86,7.72,4.74
7232,1661,Sanjay Rangrao Sawant,Walva,1143,Kalamwadi,0.35,7.94,0.12,1.14,175.62,38.78,548.8,5.54,2.36,0.50,2.08,5.32,3.44
7233,1662,Vasant Shivaji Sawant,Walva,1144,Kalamwadi,0.13,7.99,0.44,0.97,175.62,9.36,336.0,8.85,1.04,0.29,2.00,7.70,4.56
7234,1663,Hambirao Rajaram Sawant,Walva,1147,Kalamwadi,0.4,7.89,0.19,1.15,163.07,22.73,504.0,5.93,2.54,0.33,2.18,6.22,4.14
7235,1664,Dilip Rangrao Sawant,Walva,1150,Kalamwadi,0.3,7.71,0.11,1.04,238.34,38.34,302.4,6.19,0.60,0.93,3.12,6.02,6.22
7236,1665,Parvati Andarao  Sawant,Walva,1154,Kalamwadi,1,7.37,0.15,0.79,213.25,36.55,168.0,5.37,0.52,0.65,4.18,6.58,3.86
7237,1666,Vedika Jaywant Sawant,Walva,1155,Kalamwadi,0.19,7.57,0.27,1.03,188.16,41.01,235.2,6.94,2.20,0.40,3.50,6.92,3.64
7238,1667,Krushnath Raghunath Sawant,Walva,1478,Kalamwadi,0.35,7.67,0.21,0.97,163.07,24.96,436.8,7.85,1.34,0.79,2.96,4.04,4.56
7239,1668,Suryakant Dnyandev Patil,Walva,1479,Kalamwadi,0.21,7.89,0.15,0.97,200.70,20.06,403.2,7.81,0.60,0.67,1.52,3.24,3.98
7240,1669,Ananda Shankar Jadhav,Walva,1487,Kalamwadi,0.55,7.96,0.25,1.00,238.34,24.52,515.2,6.19,2.66,0.87,2.04,0.42,4.04
7241,1670,Sunil Balaji Jadhav,Walva,1492,Kalamwadi,0.35,7.75,0.15,0.89,213.25,38.78,347.2,8.24,1.08,0.66,2.48,0.34,4.12
7242,1671,Anna Rau Sawant,Walva,1501,Kalamwadi,0.2,7.61,0.22,0.83,175.62,39.67,246.4,6.80,0.96,0.52,2.98,0.08,4.70
7243,1672,Sangramsinh Patangrao Sawant,Walva,1506,Kalamwadi,0.25,7.79,0.40,0.89,163.07,27.64,324.8,10.99,1.80,0.51,1.52,1.10,4.68
7244,1673,Shanta Pantgrao Sawant,Walva,1509,Kalamwadi,0.22,7.91,0.18,1.04,175.62,28.53,436.8,7.50,3.04,0.49,2.56,5.62,4.18
7245,1674,Vishwas Anna Sawant,Walva,1513,Kalamwadi,0.25,7.95,0.29,0.88,200.70,41.90,302.4,5.98,1.74,0.56,1.54,13.42,4.18
7246,1675,Shreerang Yashwant Sawant,Walva,1521,Kalamwadi,0.1,8.12,0.20,0.94,188.16,22.29,112.0,6.19,0.98,0.80,1.14,20.90,4.54
7247,1676,Bajrang Ananda Desai,Walva,1208,Kalamwadi,0.35,8.14,0.12,0.86,213.25,28.53,414.4,8.11,0.82,0.71,1.24,10.46,2.98
7248,1677,Shankar Ramchandra Yadav,Walva,1213,Kalamwadi,0.4,7.66,0.15,0.76,200.70,33.43,369.6,6.41,1.06,0.65,1.14,24.52,5.36
7249,1678,Sanjay Tukaram Sawant,Walva,1219,Kalamwadi,0.15,7.90,0.11,0.92,225.79,35.22,380.8,4.80,1.76,0.67,2.64,11.72,4.66
7250,1679,Bhaskar Akaram Sawant,Walva,1220,Kalamwadi,0.22,7.95,0.10,0.81,200.70,19.61,560.0,5.76,1.42,0.52,1.56,11.62,4.40
7251,1680,Hindurao Yedu Sawant,Walva,1223,Kalamwadi,0.2,7.79,0.17,0.83,175.62,31.20,515.2,5.41,1.70,0.79,1.68,8.22,4.58
7252,1681,Shankar Yedu Sawant,Walva,1224,Kalamwadi,0.25,8.07,0.15,0.94,188.16,28.08,313.6,6.37,1.30,0.96,2.20,15.28,5.90
7253,1682,Sachin Balaso Sawant,Walva,1227,Kalamwadi,0.4,8.05,0.23,0.85,213.25,37.89,235.2,6.94,1.12,0.69,1.34,7.36,4.34
7254,1683,Ashok Anna Sawant,Walva,1228,Kalamwadi,0.45,7.97,0.14,0.82,213.25,19.17,302.4,5.50,1.18,0.86,1.22,8.98,3.92
7255,1684,Dipak Raghunath Shinde,Walva,1230,Kalamwadi,0.25,8.05,0.23,0.96,213.25,15.16,347.2,8.46,1.98,0.99,1.56,8.92,4.12
7256,1685,Arjun Hari Sawant,Walva,1234,Kalamwadi,0.45,7.56,0.10,0.71,200.70,28.08,526.4,6.06,0.62,0.50,1.78,4.16,3.72
7257,1686,Sanjay Shankar Sawant,Walva,1239,Kalamwadi,0.1,8.02,0.25,0.97,225.79,33.43,448.0,4.62,1.28,0.79,2.32,13.54,4.04
7258,1687,Suresh Tukaram Sawant,Walva,1240,Kalamwadi,0.2,8.07,0.27,0.69,150.53,33.88,347.2,5.58,1.30,0.84,1.30,7.88,4.68
7259,1688,Dinkar Dattu Sawant,Walva,609,Kalamwadi,0.12,7.99,0.32,0.89,238.34,25.41,425.6,7.46,1.68,0.94,1.34,22.34,4.06
7260,1689,Tanaji Vitthal Sawant,Walva,612,Kalamwadi,0.1,7.85,0.25,1.14,213.25,20.95,504.0,7.68,0.86,0.66,1.48,6.76,3.76
7261,1690,Shivaji Balaso Sawant,Walva,615,Kalamwadi,0.15,8.06,0.59,0.85,163.07,15.60,324.8,4.49,0.82,0.91,1.20,7.90,4.50
7262,1691,Anil Vitthal Sawant,Walva,619,Kalamwadi,0.15,7.62,0.14,0.65,200.70,11.14,481.6,7.98,0.60,0.79,3.40,6.82,6.44
7263,1692,Shivaji Babu Suryvanshi,Walva,912,Kalamwadi,0.1,7.74,0.16,0.81,200.70,28.97,336.0,6.24,1.42,0.66,3.34,17.26,4.46
7264,1693,Shrikant Shankar Jadhav,Walva,913,Kalamwadi,0.2,8.02,0.36,0.69,163.07,15.16,179.2,7.28,0.74,0.86,1.34,11.52,3.36
7265,1694,Hanmant Laxman Sawant,Walva,915,Kalamwadi,0.18,8.11,0.10,0.85,213.25,16.94,302.4,6.46,1.58,0.65,1.28,12.48,4.86
7266,1695,Tukaram Shripati Sawant,Walva,917,Kalamwadi,0.17,7.88,0.19,0.88,213.25,12.04,369.6,7.50,1.04,0.53,2.26,11.80,3.96
7267,1696,Ghanshyam Ramchandra Shinde,Walva,918,Kalamwadi,0.2,8.04,0.28,0.96,200.70,20.50,280.0,7.33,1.22,0.54,1.94,30.90,3.80
7268,1697,Sujit Shivaji Sawant,Walva,920,Kalamwadi,0.13,7.94,0.11,0.89,213.25,12.48,403.2,5.37,1.18,0.50,1.60,5.88,3.84
7269,1698,Sarjerao Sampat Sawant,Walva,922,Kalamwadi,0.2,8.08,0.10,0.90,163.07,15.60,347.2,6.15,1.12,0.56,1.86,11.88,3.88
7270,1699,Mahadev Nana Suryawanshi,Walva,923,Kalamwadi,0.1,7.49,0.13,0.76,175.62,23.18,324.8,6.85,0.70,0.76,1.58,8.48,4.20
7271,1700,Jagannath Dattu Suryawanshi,Walva,924,Kalamwadi,0.12,8.10,0.29,0.88,200.70,26.30,302.4,7.20,0.66,0.72,4.04,7.72,2.88
7272,1701,Manohar Baban Bandgar,Walva,925,Kalamwadi,0.06,8.01,0.25,0.99,150.53,30.31,190.4,7.33,0.80,0.65,1.58,14.04,4.34
7273,1702,Bhimrao Shamrao Sawant,Walva,927,Kalamwadi,0.15,7.64,0.23,0.65,213.25,32.09,212.8,6.19,1.10,0.66,1.32,4.34,4.60
7274,1703,Hambirao Ramchandra Sawant,Walva,926,Kalamwadi,0.4,8.09,0.13,0.90,213.25,19.61,392.0,7.02,2.10,0.69,2.50,10.10,5.36
7275,1704,Vilas Yashwant Sawant,Walva,928,Kalamwadi,0.25,8.14,0.12,0.81,238.34,24.52,347.2,7.55,1.04,0.77,2.74,15.60,5.50
7276,1705,Maruti Kesu Sawant,Walva,930,Kalamwadi,0.35,7.89,0.26,0.82,163.07,16.49,560.0,6.19,1.26,0.96,1.68,10.18,5.48
7277,1706,Pandurang Bapu Sawant,Walva,931,Kalamwadi,0.22,7.94,0.29,0.65,175.62,17.38,257.6,6.85,1.16,0.69,2.24,9.98,4.72
7278,1707,Hanmant Laxman Sawant,Walva,1113,Kalamwadi,0.4,7.95,0.24,0.85,163.07,18.72,280.0,7.11,0.94,0.86,1.80,6.82,5.78
7279,1708,Dhanaji Balkrishna Sawant,Walva,1114,Kalamwadi,0.35,7.75,0.26,0.82,200.70,20.95,347.2,5.85,0.58,0.49,1.40,15.64,6.76
7280,1709,Shankar Jagannath Sawant,Walva,1110,Kalamwadi,0.35,8.26,0.24,0.97,175.62,23.63,414.4,5.58,1.18,0.59,1.28,13.34,4.10
7281,1710,Subhash Jagannath Sawant,Walva,1111,Kalamwadi,0.24,8.15,0.28,0.86,175.62,36.11,212.8,8.55,0.74,0.86,1.62,6.56,4.88
7282,1711,Shivaji Anna Sawant,Walva,1112,Kalamwadi,0.25,8.32,0.15,0.85,200.70,37.89,190.4,6.19,0.82,0.53,1.98,5.80,5.74
7283,1712,Sharad Shamrao Sawant,Walva,1125,Kalamwadi,0.25,8.16,0.20,0.94,200.70,16.05,280.0,8.07,0.72,0.58,2.24,7.04,5.54
7284,1713,Ramchandra Baba Sawant,Walva,1126,Kalamwadi,0.14,8.09,0.22,0.99,175.62,24.07,425.6,4.71,0.68,0.72,1.70,10.32,5.66
7285,1714,Subhash Krishna Sawant,Walva,1127,Kalamwadi,0.14,8.03,0.29,0.89,175.62,29.87,246.4,8.42,1.06,0.62,1.66,2.68,4.88
7286,1715,Vasant Ananda Sawant,Walva,1128,Kalamwadi,0.13,7.86,0.31,0.79,200.70,16.94,504.0,6.46,1.16,0.62,1.42,8.92,5.60
7287,1716,Mahadev Dattu Sawant,Walva,1103,Kalamwadi,0.2,8.11,0.48,0.90,200.70,37.44,324.8,8.33,1.20,0.57,1.80,7.70,5.74
7288,1717,Mahadev Ananda Sawant,Walva,124,Kalamwadi,0.22,7.89,0.23,0.86,188.16,18.72,593.6,5.76,0.88,0.65,2.44,7.98,5.36
7289,1718,Dinkar Raghunath Sawant,Walva,125,Kalamwadi,0.17,8.38,0.17,0.83,175.62,20.06,235.2,6.32,1.22,0.70,1.40,6.96,5.48
7290,1719,Subhash Rangrao Sawant,Walva,126,Kalamwadi,0.15,7.90,0.24,0.81,200.70,21.84,492.8,7.46,0.50,0.88,1.96,2.54,5.94
7291,1720,Dinkar Ramchandra Sawant,Walva,172,Kalamwadi,0.25,7.87,0.25,0.85,213.25,14.26,302.4,8.68,1.24,0.69,1.48,8.10,6.12
7292,1721,Shivaji Ananda Sawant,Walva,173,Kalamwadi,0.25,7.45,0.20,0.72,150.53,27.19,179.2,7.59,1.36,0.75,2.76,8.06,5.60
7293,1722,Sunil Mahadev Sawant,Walva,174,Kalamwadi,0.22,7.78,0.25,0.93,200.70,19.17,358.4,4.41,0.72,0.85,2.04,7.28,5.98
7294,1723,Balkrushna Ramchandra Sawant,Walva,175,Kalamwadi,0.1,7.93,0.30,0.78,188.16,10.70,212.8,5.54,1.74,0.73,4.02,14.38,4.08
7295,1724,Sunil Hanmant Sawant,Walva,176,Kalamwadi,0.15,7.47,0.17,0.72,200.70,12.93,358.4,6.24,1.22,0.79,3.22,7.06,4.36
7296,1725,Arun Rajaram Sanmukh,Walva,177,Kalamwadi,0.23,7.98,0.18,0.82,200.70,33.43,515.2,7.07,0.84,0.74,2.24,13.02,4.44
7297,1726,Vikas Sanjay Sawant,Walva,178,Kalamwadi,0.27,8.00,0.25,0.90,200.70,38.34,291.2,6.46,2.04,0.83,4.52,7.42,4.56
7298,1727,Parvati Balkrishna Sawant,Walva,185,Kalamwadi,0.23,7.97,0.34,0.74,213.25,23.18,280.0,7.02,1.18,0.51,2.78,8.32,5.86
7299,1728,Rajaram Shivaji Sawant,Walva,889,Kalamwadi,0.12,8.05,0.25,0.75,200.70,25.85,436.8,4.36,0.84,0.89,1.86,5.82,5.30
7300,1729,Yogesh Laxman Sawant,Walva,885,Kalamwadi,0.11,7.77,0.23,0.69,225.79,18.72,358.4,5.98,1.00,0.85,1.60,8.80,5.70
7301,1730,Pravin Shreerang Suryawanshi,Walva,884,Kalamwadi,0.35,7.61,0.14,0.64,163.07,12.04,324.8,6.94,1.12,0.80,1.96,23.16,5.48
7302,1731,Swapnil Bhagwan Suryawanshi,Walva,880,Kalamwadi,0.14,8.12,0.10,0.47,188.16,17.38,425.6,6.41,0.94,0.69,2.08,10.94,5.48
7303,1732,Balaso Vitthu Suryawanshi,Walva,879,Kalamwadi,0.19,7.63,0.16,0.74,150.53,12.48,235.2,5.93,0.84,0.71,3.72,5.08,4.04
7304,1733,Sambhaji Chandar Desai,Walva,877,Kalamwadi,0.33,7.98,0.19,0.76,188.16,28.97,168.0,6.19,0.84,0.92,2.08,16.62,5.46
7305,1734,Sunil Bajirao Desai,Walva,875,Kalamwadi,0.09,8.01,0.25,0.94,213.25,30.76,358.4,8.11,0.58,0.61,4.22,6.48,4.32
7306,1735,Prabhakar Bhau Desai,Walva,872,Kalamwadi,0.23,8.18,0.17,0.92,200.70,37.44,324.8,6.63,0.56,0.73,1.94,14.86,5.70
7307,1736,Umesh Shamarao Desai,Walva,869,Kalamwadi,0.17,8.00,0.23,1.00,213.25,39.23,336.0,6.37,0.64,0.57,1.76,14.78,5.54
7308,1737,Vasant Natha Desai,Walva,864,Kalamwadi,0.07,8.01,0.40,0.90,200.70,32.09,369.6,5.93,1.14,1.00,1.66,10.88,5.20
7309,1738,Abhijit Anandrao Sawant,Walva,1130,Kalamwadi,0.25,8.03,0.48,0.81,188.16,29.42,436.8,6.85,0.36,0.78,2.68,3.34,6.22
7310,1739,Sanjay Tukaram Sawant,Walva,1144,Kalamwadi,0.22,7.79,0.37,0.89,213.25,25.85,470.4,4.75,0.50,0.54,1.72,4.14,4.48
7311,1740,Shobha Anandrao Sawant,Walva,534,Kalamwadi,0.1,8.27,0.25,0.93,238.34,19.61,313.6,6.72,0.58,0.59,1.54,17.64,4.10
7312,1741,Bhaskar Aakaram Sawant,Walva,1457,Kalamwadi,0.2,7.92,0.22,0.83,213.25,16.49,448.0,5.54,0.48,0.82,2.74,9.24,5.08
7313,1742,Anandrao Vishnu Sawant,Walva,1464,Kalamwadi,0.23,7.95,0.29,0.86,200.70,28.53,358.4,7.28,0.26,0.64,1.50,2.82,6.18
7314,1743,Ashok Mahipati Sawant,Walva,1121,Kalamwadi,0.21,8.12,0.20,0.96,225.79,34.32,212.8,6.59,0.54,0.87,4.04,6.64,3.02
7315,1744,Sarjero Sampat Sawant,Walva,1122,Kalamwadi,0.23,8.03,0.15,0.99,175.62,23.18,246.4,6.46,0.32,0.68,2.34,2.42,4.48
7316,1745,Bajirao Baba Sawant,Walva,1126,Kalamwadi,0.14,7.66,0.14,0.58,200.70,15.16,358.4,6.98,0.38,0.91,1.78,8.20,4.00
7317,1746,Sanjay Mahadev Sawant,Walva,1123,Kalamwadi,0.17,7.90,0.26,0.83,213.25,11.14,201.6,4.80,0.58,0.73,2.10,5.28,4.40
7318,1747,Satyawan Rajaram Rerekar,Walva,1309,Kalamwadi,0.24,8.16,0.12,0.63,163.07,17.83,324.8,7.50,0.34,0.79,3.46,8.08,4.58
7319,1748,Hambirao Ramchandra Sawant,Walva,1480,Kalamwadi,0.1,7.80,0.27,0.69,200.70,24.96,380.8,5.54,1.60,0.85,8.02,12.02,5.36
7320,1749,Prashant Bhagwan Yadav,Walva,318/2,Ahirwadi,0.8,8.88,0.31,0.85,100.35,35.22,425.6,5.02,1.10,0.82,2.00,9.80,4.00
7321,1750,Pratham Pradeep Yadav,Walva,317/2,Ahirwadi,0.2,8.16,1.40,0.90,225.79,30.31,481.6,19.63,0.58,0.87,1.30,11.40,3.42
7322,1751,Anita Sadasukh Yadav,Walva,318/1,Ahirwadi,0.35,8.11,1.57,0.89,188.16,11.59,560.0,17.45,0.64,0.83,1.34,15.20,3.74
7323,1752,Sada Shiv rangra Yadav,Walva,318,Ahirwadi,0.2,8.10,1.75,0.18,100.35,37.44,380.8,9.81,0.92,0.71,1.68,18.34,4.24
7324,1753,Rahul sadashiv Yadav,Walva,317/1,Ahirwadi,0.3,8.12,0.61,0.60,213.25,43.24,448.0,5.93,0.86,0.69,1.40,10.46,4.64
7325,1754,Ashok Ramchandra Bhosle,Walva,319,Ahirwadi,0.2,8.26,1.02,0.89,163.07,15.60,515.2,15.09,0.84,0.66,1.52,12.42,3.86
7326,1755,Mahadev Rangrav Yadav,Walva,317,Ahirwadi,0.3,8.48,1.40,0.69,112.90,41.46,425.6,11.78,1.26,0.90,1.70,13.80,5.56
7327,1756,Usha Tai Maruti Bhosle,Walva,320,Ahirwadi,0.2,8.35,0.66,0.57,125.44,40.56,459.2,11.95,1.16,1.06,1.42,12.16,4.58
7328,1757,Ananda Ramchandra Bhosle,Walva,320/1,Ahirwadi,0.2,8.16,0.60,0.72,188.16,26.30,504.0,9.33,1.04,1.18,1.62,9.58,4.00
7329,1758,Sanjay AaKaram Yadav,Walva,314/3,Ahirwadi,0.2,8.69,0.34,0.75,75.26,34.77,436.8,15.75,0.80,1.40,1.50,9.52,4.04
7330,1759,Anil Krishna Yadav,Walva,336/1/1/b,Ahirwadi,0.3,8.16,0.81,0.79,125.44,28.53,560.0,13.78,0.96,1.18,1.26,8.82,3.58
7331,1760,Shrrang Krishna Yadav,Walva,335/2,Ahirwadi,0.25,8.10,0.48,0.89,100.35,33.43,414.4,10.29,0.78,1.05,1.18,8.84,3.02
7332,1761,Ratnabai Dinkar Yadav,Walva,335/1/2,Ahirwadi,0.3,8.72,0.34,0.60,200.70,35.22,481.6,17.75,0.46,0.72,1.48,5.84,3.08
7333,1762,Shobha Bhopal Yadav,Walva,336,Ahirwadi,0.3,8.14,0.83,0.78,137.98,41.90,571.2,9.16,0.94,0.92,1.28,11.30,3.54
7334,1763,Dilip Vitthal Yadav,Walva,332,Ahirwadi,0.3,8.10,0.44,0.57,163.07,36.55,672.0,8.77,2.46,0.89,1.38,7.62,3.90
7335,1764,Deepak Nivritti Khamkar,Walva,335/2/1,Ahirwadi,0.24,8.18,0.41,1.03,150.53,37.44,414.4,8.72,1.46,0.99,1.72,7.42,4.22
7336,1765,Bajirao Rangrav Patil,Walva,350,Ahirwadi,0.4,8.25,0.66,0.82,175.62,39.67,537.6,19.02,1.12,0.83,1.36,9.42,4.54
7337,1766,Dinkar Ananda Yadav,Walva,347,Ahirwadi,0.3,7.87,0.85,0.74,188.16,43.24,593.6,22.94,1.18,0.96,1.64,20.18,4.18
7338,1767,Ajith DNyandev  Pawar,Walva,312/1,Ahirwadi,0.35,8.54,0.60,0.81,137.98,25.85,683.2,12.82,0.56,0.67,1.66,17.50,3.78
7339,1768,Deepak Dinkar Yadav,Walva,636/1,Ahirwadi,0.4,8.22,0.23,0.99,175.62,40.56,548.8,7.50,1.04,0.71,1.48,12.04,3.52
7340,1769,Santosh Dinkar Yadav,Walva,635/1,Ahirwadi,0.4,8.31,0.28,0.57,238.34,39.23,448.0,8.90,0.88,0.75,1.66,5.34,3.86
7341,1770,Swaraj Bhopal Yadav,Walva,635/0,Ahirwadi,0.2,7.26,0.28,0.65,150.53,34.32,414.4,8.55,1.16,0.79,1.68,8.04,4.04
7342,1771,Prakash Vittal Yadav,Walva,1406,Ahirwadi,0.4,8.25,0.19,0.81,163.07,32.09,560.0,17.45,1.34,0.90,1.68,5.96,2.36
7343,1772,Nivruti Dattatreya Yadav,Walva,377/2,Ahirwadi,0.4,8.08,0.72,0.75,163.07,33.88,481.6,13.13,0.66,0.94,1.42,10.08,4.10
7344,1773,Ganpati Dattatrey Yadav,Walva,373/4,Ahirwadi,0.4,8.05,0.39,0.57,188.16,18.72,436.8,3.93,1.82,0.93,1.58,13.22,4.54
7345,1774,Shankar Dnyanu Kadam,Walva,343,Ahirwadi,0.4,8.06,0.39,0.78,200.70,24.96,504.0,4.41,1.20,0.91,1.92,14.28,5.80
7346,1775,Bhupal Akram Yadav,Walva,362/10,Ahirwadi,0.2,8.17,0.69,0.83,213.25,27.64,627.2,16.66,1.06,0.87,1.74,12.84,5.40
7347,1776,Digvijay Sarjara Pawar,Walva,312/2/2,Ahirwadi,0.6,8.21,0.55,0.81,137.98,28.97,470.4,18.10,1.26,1.29,1.94,12.02,5.10
7348,1777,Sharad Surjerav Pawar,Walva,312/1/2/3,Ahirwadi,0.6,8.25,0.40,0.75,137.98,32.99,683.2,12.87,2.22,1.24,1.98,8.70,4.00
7349,1778,Ganpati Rangrav Nikam,Walva,341,Ahirwadi,0.4,8.19,0.36,1.00,213.25,21.40,392.0,5.41,1.44,1.05,1.32,11.96,4.42
7350,1779,Pandit Shripad Nikam,Walva,341/2,Ahirwadi,0.2,8.02,0.38,0.54,163.07,26.30,504.0,19.80,1.38,1.53,1.70,11.30,4.50
7351,1780,Hambhirao Maruti Patole,Walva,359/3,Ahirwadi,1,8.00,0.67,0.78,137.98,16.49,436.8,13.74,1.60,0.14,2.00,12.66,4.70
7352,1781,Nivas Yashwant Lakhe,Walva,356/1/a,Ahirwadi,0.4,8.36,0.29,0.86,150.53,19.61,380.8,4.14,0.94,0.95,1.80,8.38,3.56
7353,1782,Raghunath Nivritti Kadam,Walva,349/4,Ahirwadi,0.4,8.28,0.31,0.74,137.98,14.71,481.6,5.41,0.84,1.27,1.56,11.04,4.18
7354,1783,Meenakshi Sriranga Yadav,Walva,345/1/b,Ahirwadi,0.4,8.19,0.58,0.78,213.25,21.84,705.6,4.36,1.06,1.34,1.72,11.08,3.86
7355,1784,Sarjerav  Dada Pawar,Walva,644/1,Ahirwadi,0.4,8.07,0.31,0.65,175.62,15.60,436.8,8.42,1.58,1.47,1.22,20.10,3.24
7356,1785,Uttam Bhanudas Yadav,Walva,357/1,Ahirwadi,0.6,8.10,0.36,0.79,200.70,28.53,571.2,4.80,1.08,1.40,1.42,1.28,2.88
7357,1786,Maruti Ganpati Khamkar,Walva,362/8,Ahirwadi,0.5,8.54,0.35,0.92,150.53,23.18,470.4,6.59,1.26,1.35,1.58,10.32,4.40
7358,1787,Nitin Haribhau Kadam,Walva,344/3,Ahirwadi,0.4,8.09,0.42,0.74,163.07,18.28,537.6,4.97,1.46,0.94,1.48,11.60,3.46
7359,1788,Anandrav Rangrav Patil,Walva,347/1/b,Ahirwadi,0.4,7.87,1.20,0.83,188.16,32.54,414.4,19.19,0.72,0.97,1.82,6.58,4.18
7360,1789,Sunil Bhimrao Yadav,Walva,336/4,Ahirwadi,0.5,8.32,0.39,0.96,125.44,35.22,470.4,4.84,0.84,0.84,1.52,7.06,3.16
7361,1790,Santosh Narayan Dutale,Walva,360,Ahirwadi,0.3,7.98,0.41,0.82,150.53,25.85,515.2,3.14,1.46,0.90,2.04,12.82,4.64
7362,1791,Nivas Ananda Khamkar,Walva,347/3,Ahirwadi,0.3,8.06,1.24,0.92,250.88,29.42,560.0,7.20,1.26,1.09,1.92,12.22,4.04
7363,1792,Maruti Ramchandra Yadav,Walva,354/1,Ahirwadi,0.2,8.31,0.23,0.56,213.25,14.26,459.2,4.80,0.72,1.27,1.68,12.06,3.28
7364,1793,Eaknath Dattu  Kadam,Walva,358/2/3,Ahirwadi,0.4,8.30,0.33,0.90,188.16,21.40,571.2,13.30,1.04,1.03,1.66,9.44,3.92
7365,1794,Mahadev Tukaram Bhogar,Walva,343,Ahirwadi,0.5,8.32,0.35,0.83,200.70,38.34,392.0,5.93,1.04,1.39,1.68,11.72,4.22
7366,1795,Vinayak Anil Patil,Walva,313/2,Ahirwadi,0.4,8.15,0.35,0.97,175.62,32.99,436.8,7.68,1.76,1.00,1.86,7.84,5.18
7367,1796,Vikas Ashok Kadam,Walva,655/2,Ahirwadi,0.3,8.30,0.71,0.85,137.98,17.38,481.6,7.68,1.02,0.77,1.88,12.76,4.96
7368,1797,Shobha Ashok Kadam,Walva,648/8,Ahirwadi,0.3,8.44,0.76,0.75,213.25,11.14,571.2,5.23,1.44,0.85,2.22,11.20,7.42
7369,1798,Yuvraj Pandurang Khamkar,Walva,333/1,Ahirwadi,0.4,8.05,0.33,0.88,238.34,13.37,414.4,15.27,1.46,0.91,2.00,22.14,4.32
7370,1799,Pradeep Bhagwan Yadav,Walva,318/2,Ahirwadi,0.4,8.09,0.51,0.74,150.53,29.87,481.6,4.41,0.92,0.82,1.74,16.50,5.22
7371,1800,Anjana Ashok Bhosle,Walva,320,Ahirwadi,0.4,8.32,0.32,0.75,150.53,19.17,548.8,5.41,1.24,0.72,1.92,12.12,3.80
7372,1801,Snehal Prashant Yadav,Walva,317/2,Ahirwadi,0.2,8.09,0.39,0.69,112.90,11.59,750.4,11.82,1.60,0.76,2.04,12.84,4.70
7373,1802,Sagar Nivas Lakhe,Walva,356/2,Ahirwadi,0.4,8.11,0.45,0.82,238.34,37.89,358.4,13.78,1.20,0.88,2.18,14.98,4.82
7374,1803,Pratap Shivaji Thorat,Walva,333,Ahirwadi,0.4,8.33,0.24,0.86,188.16,16.94,414.4,9.16,1.18,0.98,3.78,16.02,3.42
7375,1804,Jayant Pratap Thorat,Walva,333,Ahirwadi,0.82,8.22,0.33,0.60,137.98,12.93,459.2,6.80,1.20,1.02,2.90,11.76,4.92
7376,1805,Dhiraj Vijay Singh Thorat,Walva,333,Ahirwadi,0.4,8.20,0.44,0.72,238.34,28.53,537.6,4.67,1.62,1.06,2.26,13.68,4.74
7377,1806,Suraj Vijay Singh Thorat,Walva,333,Ahirwadi,0.4,8.57,0.26,0.60,188.16,34.32,358.4,5.67,1.24,0.99,2.26,15.22,4.38
7378,1807,Mayura Bapat Nikam,Walva,333,Ahirwadi,0.4,8.15,0.35,0.82,163.07,23.18,425.6,5.32,1.24,1.18,2.00,12.30,4.68
7379,1808,Shivaji Rangrav Khamkar,Walva,334/3+3/b,Ahirwadi,0.4,8.08,0.35,1.00,188.16,28.53,459.2,4.84,1.56,1.25,2.04,13.92,4.26
7380,1809,Arun Shankar Yadav,Walva,1396,Ahirwadi,0.4,8.51,0.24,0.79,213.25,13.82,414.4,10.03,1.74,0.83,1.88,14.92,4.00
7381,1810,Dilip Dattu Kadam,Walva,344/1,Ahirwadi,0.6,8.21,0.36,0.72,125.44,37.89,515.2,5.63,0.78,1.21,1.84,13.68,2.98
7382,1811,Amit Shivaji Patole,Walva,359/8,Ahirwadi,0.4,8.18,0.35,0.90,163.07,36.11,448.0,5.15,1.10,0.64,2.12,8.66,5.18
7383,1812,Santosh Sopan Patole,Walva,359/1,Ahirwadi,0.4,8.21,0.26,0.72,175.62,19.17,425.6,5.98,0.94,0.77,1.90,12.54,3.66
7384,1813,Dilip Taanaji Yadav,Walva,358,Ahirwadi,0.2,8.56,0.27,0.85,125.44,31.20,604.8,10.73,1.44,1.05,1.80,11.12,4.06
7385,1814,Sunil Raghunath Kadam,Walva,336/4,Ahirwadi,0.4,8.15,0.44,0.69,213.25,11.14,537.6,6.76,1.50,0.99,2.24,12.34,5.28
7386,1815,Manisha Haribhau Kadam,Walva,344/3,Ahirwadi,0.4,8.20,0.28,0.90,87.81,21.40,526.4,4.93,1.22,1.42,1.94,17.12,5.12
7387,1816,Nilesh Hari Bhau Kadam,Walva,344/3,Ahirwadi,0.4,8.32,0.78,0.71,213.25,24.07,604.8,10.56,0.96,0.75,1.96,14.06,5.04
7388,1817,Gunvant Shivaji Yadav,Walva,338,Ahirwadi,0.4,8.03,0.44,0.75,150.53,14.71,515.2,6.59,1.40,1.07,1.82,24.02,5.10
7389,1818,Janabai Pandarinath Yadav,Walva,373/4,Ahirwadi,0.2,8.19,0.28,0.61,163.07,19.17,627.2,9.07,1.52,0.83,1.78,12.86,4.72
7390,1819,Uttar Maruti Khamkar,Walva,362/8,Ahirwadi,0.2,8.09,0.45,0.85,150.53,33.43,436.8,5.19,1.78,0.73,2.04,14.34,5.44
7391,1820,Bhagwan Dnyandev Kadam,Walva,344/3,Ahirwadi,0.4,8.18,0.38,0.56,112.90,34.77,492.8,9.25,1.60,0.94,2.02,15.86,5.92
7392,1821,Mithun Ashok Bhosle,Walva,317,Ahirwadi,0.2,8.11,0.43,0.68,163.07,29.87,548.8,4.75,1.32,1.10,2.18,15.98,6.16
7393,1822,Balaso Shankar Yadav,Walva,1396/1,Ahirwadi,0.4,8.13,0.46,0.81,175.62,24.96,728.0,5.37,1.36,1.17,2.00,12.48,4.36
7394,1823,Balasaheb Vitthal Yadav,Walva,340/1,Ahirwadi,0.4,8.08,0.46,0.68,188.16,31.65,481.6,6.28,1.62,1.23,1.98,14.78,5.40
7395,1824,Vikas Ramchandra Yadav,Walva,340/1,Ahirwadi,0.4,8.49,0.28,0.75,175.62,37.00,548.8,4.32,0.94,1.05,1.84,12.32,5.82
7396,1825,Vikas Prahlad Yadav,Walva,340/1,Ahirwadi,0.3,8.54,0.54,0.71,112.90,20.95,571.2,6.63,1.28,1.01,1.08,13.22,4.34
7397,1826,Sandeep Krishna Karande,Walva,341/1/a/1/b,Ahirwadi,0.2,8.21,0.27,0.58,150.53,23.18,459.2,4.41,1.56,1.00,2.18,15.88,5.38
7398,1827,Bhau So Sitaram Yadav,Walva,341/1/b,Ahirwadi,0.2,7.87,1.92,0.61,163.07,15.60,593.6,7.02,1.16,0.94,2.02,10.68,5.70
7399,1828,Jay Singh Tukaram Yadav,Walva,338/13,Ahirwadi,0.4,8.25,0.30,0.53,200.70,20.50,436.8,11.82,1.26,1.35,2.28,11.78,4.32
7400,1829,Rahul Sambhaji Kadam,Walva,338/2,Ahirwadi,0.4,8.70,0.52,0.57,250.88,16.94,347.2,4.75,0.98,0.89,2.42,14.80,3.78
7401,1830,Shivaji Nivritti Kadam,Walva,338/2,Ahirwadi,0.4,8.31,0.54,0.74,238.34,26.30,470.4,8.20,1.34,0.86,2.28,14.10,4.18
7402,1831,Mohan Janardhan Kadam,Walva,338/2,Ahirwadi,0.4,8.17,0.44,0.61,150.53,15.16,548.8,8.59,0.84,0.94,2.08,10.22,5.14
7403,1832,Bhaskar Dnyandev Pawar,Walva,644/5/1,Ahirwadi,0.2,8.37,0.45,0.82,175.62,10.25,448.0,9.42,0.86,1.15,2.30,11.90,3.78
7404,1833,Pramod Dnyndev Pawar,Walva,644/5/1,Ahirwadi,0.2,8.12,0.41,0.71,112.90,30.31,526.4,5.45,1.80,1.19,2.30,18.30,4.56
7405,1834,Sangram Rajendra Pawar,Walva,644/5/1,Ahirwadi,0.2,8.10,0.52,0.57,137.98,16.49,425.6,10.21,1.56,1.31,2.36,16.30,5.30
7406,1835,Vivek Sanjay Deshmukh,Walva,343,Ahirwadi,0.1,8.04,0.56,0.58,125.44,11.59,481.6,6.24,1.60,1.21,2.28,17.88,4.66
7407,1836,Balaso Rangrav Yadav,Walva,301/1,Ahirwadi,0.2,8.12,0.48,0.60,150.53,24.07,582.4,4.58,1.72,1.26,2.26,13.04,5.28
7408,1837,Raghunath Nivritti Kadam,Walva,349/4,Ahirwadi,0.4,8.20,0.50,0.44,125.44,28.97,537.6,11.43,1.48,0.75,2.52,13.38,5.22
7409,1838,Surekha Anil Yadav,Walva,345/1/a,Ahirwadi,0.2,8.24,0.38,0.57,112.90,33.43,660.8,7.46,1.40,0.87,3.44,19.84,5.24
7410,1839,Mangal Sambhaji Kadam,Walva,344/1/2,Ahirwadi,0.4,8.08,0.10,0.86,163.07,19.17,593.6,9.07,1.74,0.83,2.42,14.56,4.54
7411,1841,Mangal Pandurang Kokate,Walva,6,Gotkhindi,0.1,7.92,0.30,0.94,175.62,16.94,548.8,5.54,0.72,0.87,0.96,3.70,3.34
7412,1842,Pramod Hanmant Shedage,Walva,23,Gotkhindi,0.4,8.15,0.13,0.79,188.16,32.99,481.6,4.62,0.48,0.78,0.68,1.72,2.54
7413,1843,Leelabai Bhau Londhe,Walva,31,Gotkhindi,0.1,8.16,0.23,0.67,150.53,25.41,448.0,6.67,0.50,0.75,0.76,3.92,2.80
7414,1844,Papaso Baburao Sadamate,Walva,50,Gotkhindi,0.2,8.18,0.27,0.60,200.70,11.59,436.8,2.79,0.72,0.92,0.82,3.34,2.36
7415,1845,Mohan Dadu Dhende,Walva,52,Gotkhindi,0.46,8.08,0.31,0.64,150.53,13.37,459.2,4.49,0.44,0.90,0.50,1.80,2.74
7416,1846,Vijay Daulat Londhe,Walva,60,Gotkhindi,0.38,8.17,0.35,0.58,188.16,16.05,324.8,4.54,0.78,0.93,0.40,3.58,2.36
7417,1847,Manish Bhanudas Londhe,Walva,63,Gotkhindi,0.1,8.15,0.28,0.61,175.62,10.70,470.4,6.46,0.48,0.93,0.38,2.52,2.16
7418,1848,Shobha Prakash Dhawale,Walva,64,Gotkhindi,0.4,8.18,0.26,0.58,137.98,39.23,504.0,18.84,0.50,0.58,0.38,1.02,1.96
7419,1849,Prasad Prakash Dhawale,Walva,64,Gotkhindi,0.4,8.16,0.26,0.79,188.16,30.76,448.0,8.90,0.42,0.92,0.36,2.24,1.82
7420,1850,Vilas Dyanu Patil,Walva,68,Gotkhindi,0.4,8.18,0.19,0.79,137.98,32.09,526.4,24.91,0.58,0.91,0.26,1.26,2.32
7421,1851,Swati Sandeep Nangre,Walva,70,Gotkhindi,0.1,8.24,0.28,0.89,163.07,11.14,436.8,14.70,0.62,0.90,0.42,3.04,1.82
7422,1852,Vandana Vaibhav Kokate,Walva,82,Gotkhindi,0.1,8.19,0.34,0.68,150.53,16.05,481.6,5.54,0.62,0.94,0.40,0.58,1.76
7423,1853,Dattatrey Sudhakar Thorat,Walva,92,Gotkhindi,0.4,8.27,0.31,0.76,175.62,15.16,336.0,4.62,0.36,0.92,0.24,1.16,1.90
7424,1854,Pramod Vilas Patil,Walva,93,Gotkhindi,0.2,8.28,0.26,0.56,150.53,22.73,436.8,3.40,0.70,0.91,0.44,1.46,2.34
7425,1855,Ajit Nivritti Patil,Walva,94,Gotkhindi,0.2,8.18,0.24,0.82,200.70,23.18,481.6,6.24,0.60,0.97,0.34,2.38,2.54
7426,1856,Balakrishna VishnuPant Desai,Walva,107,Gotkhindi,0.161877782,8.06,0.35,0.61,175.62,25.85,358.4,6.59,1.02,0.98,0.28,2.60,1.42
7427,1857,Amol RangRao Kokate,Walva,109,Gotkhindi,0.25,8.13,0.42,0.71,175.62,26.75,436.8,7.33,0.24,1.01,0.26,5.12,1.64
7428,1858,Ajit Bhimrao Thorat,Walva,125,Gotkhindi,0.4,7.96,0.22,0.57,137.98,38.78,347.2,6.19,1.24,1.01,0.22,1.38,1.26
7429,1859,Sarita Vaman Bhoite,Walva,135,Gotkhindi,0.2,8.16,0.24,0.71,188.16,19.17,470.4,7.50,0.68,0.89,0.22,1.36,1.50
7430,1860,Santaji Gopal Bhoite,Walva,134,Gotkhindi,0.2,8.20,0.34,0.60,175.62,12.48,392.0,11.78,0.60,0.92,0.30,1.68,1.50
7431,1861,Rajaram Shankar Shingate,Walva,138,Gotkhindi,0.4,8.08,0.28,0.65,150.53,17.38,448.0,6.06,0.36,0.93,0.38,1.92,1.54
7432,1862,Madhukar Bhimrao Yevale,Walva,186,Gotkhindi,0.4,8.16,0.30,0.79,188.16,19.17,347.2,6.50,0.84,0.94,0.20,2.98,1.24
7433,1863,Vinay Gajanan Patil,Walva,1605,Gotkhindi,0.4,8.22,0.27,0.61,163.07,14.26,403.2,5.19,0.36,0.94,0.20,3.14,1.34
7434,1864,Chandrakant Tukaram Thorat,Walva,228,Gotkhindi,0.2,8.10,0.34,0.69,137.98,23.63,347.2,5.41,0.54,0.95,1.04,4.20,1.40
7435,1865,Vitthal Anna Patil,Walva,235,Gotkhindi,0.4,8.16,0.30,0.63,175.62,27.64,436.8,19.37,0.62,0.81,0.40,4.60,1.14
7436,1866,Ganpati Dattatray Shingate,Walva,254,Gotkhindi,0.161877782,8.15,0.21,0.61,175.62,37.00,414.4,18.54,0.42,0.84,0.16,2.62,1.72
7437,1867,Prakash Hanuman Shendage,Walva,255,Gotkhindi,0.3,8.19,0.29,0.67,150.53,25.41,492.8,10.47,0.78,0.75,0.24,2.16,2.00
7438,1868,Hanmant AnandRao Patil,Walva,291,Gotkhindi,0.141643059,8.17,0.31,0.79,188.16,15.16,380.8,17.06,0.80,1.27,0.36,2.06,1.12
7439,1869,Shivaji Mahadev Mali,Walva,394,Gotkhindi,0.4,8.16,0.35,0.72,163.07,13.82,515.2,15.22,0.60,1.18,0.20,2.64,0.84
7440,1870,Aandarao Dyanu Jadhav,Walva,132,Gotkhindi,0.3,8.22,0.28,0.60,188.16,24.07,347.2,16.75,0.88,1.01,0.28,2.48,1.26
7441,1871,Ananda Ishwara Mane,Walva,330,Gotkhindi,0.4,8.39,0.24,0.64,150.53,28.97,268.8,12.30,0.56,1.20,0.32,2.98,1.22
7442,1872,Sarjerao Annaso Thorat,Walva,333,Gotkhindi,0.2,7.93,0.38,0.67,175.62,31.65,414.4,6.76,0.26,1.06,0.22,3.48,1.14
7443,1873,Prakash Baburao Kulkarni,Walva,333,Gotkhindi,0.3,8.39,0.37,0.32,137.98,26.30,179.2,11.56,0.54,0.95,0.30,7.84,1.00
7444,1874,Shital Dinkar Potdar,Walva,338,Gotkhindi,0.3,8.30,0.33,0.65,175.62,34.77,313.6,4.97,0.32,0.89,0.24,4.18,0.96
7445,1875,Sachin Shivaji Shingate,Walva,342,Gotkhindi,0.3,8.31,0.21,0.76,188.16,29.42,190.4,3.71,0.48,0.81,0.38,3.48,1.76
7446,1876,Sudhir Rangrao Mali,Walva,344,Gotkhindi,0.3,8.22,0.37,0.61,200.70,19.61,324.8,8.11,0.92,0.85,0.20,4.76,1.42
7447,1877,Shivaji Madhukar Jangam,Walva,344,Gotkhindi,0.4,8.31,0.36,0.58,175.62,32.54,246.4,6.85,0.62,0.75,0.20,6.24,1.48
7448,1878,Vaishali Dipak Bandal,Walva,346,Gotkhindi,0.4,8.33,0.34,0.74,150.53,16.94,347.2,14.22,0.46,0.92,0.20,3.84,1.22
7449,1879,Shankar Pandurang Padalkar,Walva,350,Gotkhindi,0.4,8.23,0.35,0.78,175.62,37.00,280.0,15.70,0.44,0.98,0.20,2.14,1.08
7450,1880,Ramchandra Ganpati Sawant,Walva,363,Gotkhindi,0.4,8.37,0.32,0.65,200.70,39.67,324.8,9.16,1.22,1.05,0.52,3.44,1.34
7451,1881,Satyawan Baburao Kulkarni,Walva,426,Gotkhindi,0.38,8.33,0.23,0.72,163.07,37.89,257.6,5.71,0.30,1.06,0.24,3.18,0.78
7452,1882,Sharad Baburao Kulkarni,Walva,427,Gotkhindi,0.35,8.30,0.28,0.76,137.98,17.38,313.6,9.68,0.48,1.07,0.16,3.84,0.80
7453,1883,Dattajirao Sarjerao Thorat,Walva,506,Gotkhindi,0.3,8.34,0.36,0.68,163.07,30.31,268.8,10.03,0.52,1.14,0.20,4.54,0.32
7454,1884,Suresh Baburao Yewale,Walva,507,Gotkhindi,0.25,8.32,0.34,0.51,200.70,34.32,280.0,14.35,0.36,1.05,0.20,3.42,0.28
7455,1885,Vilas Sakharam Jadhav,Walva,516,Gotkhindi,0.2,8.34,0.17,0.46,163.07,37.00,168.0,7.72,0.52,1.18,0.20,2.90,0.20
7456,1886,Balaso Tukaram Jadhav,Walva,517,Gotkhindi,0.3,8.32,0.32,0.58,200.70,37.89,347.2,9.03,0.16,0.82,0.22,3.54,0.24
7457,1887,Bhagwan Pandurang More,Walva,529,Gotkhindi,0.4,8.36,0.32,0.51,188.16,32.99,268.8,20.50,0.42,0.90,0.82,3.16,0.20
7458,1888,Jayashri Bajirao Patil,Walva,555,Gotkhindi,0.3,8.31,0.38,0.50,213.25,35.22,324.8,16.40,0.20,0.98,0.30,3.52,0.32
7459,1889,Shivaji Ramchandra Jadhav,Walva,658,Gotkhindi,0.4,8.23,0.35,0.51,200.70,31.20,347.2,6.15,0.26,1.05,0.30,3.12,0.28
7460,1890,Vilas Ramchandra Patil,Walva,709,Gotkhindi,0.2,8.40,0.24,0.53,175.62,15.60,403.2,5.28,0.14,0.95,0.24,4.16,0.24
7461,1891,Vikram Shankar Patil,Walva,712,Gotkhindi,0.4,8.51,0.18,0.61,200.70,21.40,481.6,10.91,0.42,1.07,0.20,4.22,3.92
7462,1892,Swapnil Popat Patil,Walva,724,Gotkhindi,0.4,8.31,0.19,0.42,163.07,38.78,347.2,5.93,0.60,1.04,0.20,6.56,2.36
7463,1893,Vijay Ramchandra Sawant,Walva,726,Gotkhindi,0.4,8.16,0.26,0.43,213.25,39.67,392.0,5.54,0.44,0.98,0.22,5.10,0.32
7464,1894,Vikas Shivaji Yewale,Walva,756,Gotkhindi,0.3,8.22,0.34,0.68,188.16,19.17,436.8,11.38,0.96,0.93,0.24,4.26,0.22
7465,1895,Bhimrao Krushna Patil,Walva,786,Gotkhindi,0.4,8.34,0.28,0.60,163.07,23.63,414.4,8.20,0.88,0.84,0.24,6.56,0.30
7466,1896,Vaijayanta Tukraram Khot,Walva,787,Gotkhindi,0.25,8.38,0.22,0.72,175.62,19.61,358.4,12.08,0.66,1.10,0.28,6.26,0.20
7467,1897,Laxmi Nivrutti Khot,Walva,787,Gotkhindi,0.25,8.35,0.28,0.57,137.98,29.87,302.4,7.37,0.70,1.12,0.20,6.74,0.48
7468,1898,Rajaram Maruti Yewale,Walva,837,Gotkhindi,0.25,8.40,0.30,0.58,150.53,21.84,235.2,12.43,0.52,0.93,0.22,4.44,0.24
7469,1899,Prabhavathi Annaso Kulkarni,Walva,999,Gotkhindi,0.4,8.39,0.28,0.58,188.16,30.31,280.0,6.15,0.44,0.94,0.28,4.88,0.30
7470,1900,Pravin Ashok Patil,Walva,1208,Gotkhindi,0.4,8.40,0.29,0.64,175.62,36.11,324.8,5.76,0.50,0.98,0.34,4.56,0.32
7471,1901,Pravin Ashok Kulkarni,Walva,1208,Gotkhindi,0.8,8.44,0.28,0.60,150.53,26.75,257.6,9.60,0.34,0.87,0.24,4.86,0.24
7472,1902,Suresh Shankar Ghare,Walva,1286,Gotkhindi,0.3,8.40,0.29,0.68,200.70,39.23,302.4,8.33,0.54,0.83,0.28,5.32,0.32
7473,1903,Mahadev Baburao Yewale,Walva,1317,Gotkhindi,0.4,8.27,0.35,0.54,213.25,40.56,481.6,8.85,0.40,0.77,0.20,5.72,0.20
7474,1904,Anil Raghunath Yewale ,Walva,1326,Gotkhindi,0.8,8.43,0.23,0.69,175.62,37.44,347.2,6.15,0.76,0.75,0.22,5.42,0.22
7475,1905,Prakash Baburao Kulkarni,Walva,1328,Gotkhindi,0.4,8.39,0.21,0.65,200.70,28.08,414.4,6.59,0.84,0.95,0.20,4.78,0.34
7476,1906,Sushila Shankar Kulkarni,Walva,1331,Gotkhindi,0.3,8.45,0.20,0.51,163.07,23.63,358.4,7.02,0.76,1.02,0.36,4.38,0.22
7477,1907,Dattajirao Shivaji Mane,Walva,1332,Gotkhindi,0.2,8.43,0.22,0.58,188.16,14.71,336.0,7.46,0.70,1.27,0.24,4.46,0.32
7478,1908,Vikas Shivaji Alwanae,Walva,1386,Gotkhindi,0.25,8.55,0.18,0.61,200.70,12.04,414.4,12.26,0.72,1.21,0.38,3.94,0.38
7479,1909,Babaso Sahdev Khairmode,Walva,1785,Gotkhindi,0.2,8.51,0.19,0.58,188.16,12.93,358.4,8.33,0.38,0.99,0.38,3.88,0.26
7480,1910,Vinod Bhupal Gotkhinde,Walva,1783,Gotkhindi,0.2,8.35,0.20,0.71,163.07,17.83,425.6,4.41,0.58,1.07,0.26,3.32,0.28
7481,1911,Dipak Dadaso Kulkarni,Walva,1694,Gotkhindi,0.3,8.26,0.30,0.71,188.16,25.41,459.2,6.02,0.64,0.97,0.22,3.42,0.52
7482,1912,Shankar Bapu Patil,Walva,1687,Gotkhindi,0.3,8.32,0.25,0.61,213.25,29.42,369.6,7.28,0.42,0.74,0.26,3.88,0.20
7483,1913,Sakharam Bhau Londhe,Walva,1682,Gotkhindi,0.15,8.26,0.27,0.83,188.16,36.11,380.8,5.28,1.52,0.80,0.20,4.30,0.28
7484,1914,Vijay Valkrushna Babar,Walva,1672,Gotkhindi,0.4,8.61,0.11,0.72,200.70,20.50,324.8,6.80,0.66,0.90,0.20,7.02,0.32
7485,1915,Rajvardhan Vinay Patul,Walva,1665,Gotkhindi,0.4,8.51,0.18,0.63,175.62,11.14,392.0,6.28,1.00,0.96,0.28,6.72,0.22
7486,1916,Chandraskant Aanadarao Patil,Walva,1608,Gotkhindi,0.2,8.50,0.22,0.56,163.07,37.00,302.4,5.02,1.14,0.79,0.24,5.24,0.26
7487,1917,Satish Gajanan Patil,Walva,1606,Gotkhindi,0.8,8.47,0.23,0.57,188.16,24.07,470.4,8.11,0.78,0.74,0.20,6.34,0.22
7488,1918,Santu Balu Bhosale,Walva,1463,Gotkhindi,0.2,8.39,0.28,0.58,200.70,18.28,414.4,7.72,0.76,0.82,0.24,1.18,0.48
7489,1919,Jagganath Baburao Mali,Walva,1459,Gotkhindi,0.3,8.38,0.29,0.76,188.16,26.30,358.4,6.02,0.58,0.68,0.28,4.40,0.28
7490,1920,Sandesh Pandurang Javir,Walva,1427,Gotkhindi,0.27,8.29,0.35,0.68,175.62,34.77,324.8,7.02,0.80,0.64,0.26,4.42,0.38
7491,1921,Shrikant Keshavrao Chavhan,Walva,1415,Gotkhindi,0.4,8.47,0.23,0.58,150.53,37.00,380.8,6.59,0.64,0.74,0.20,3.38,0.32
7492,1922,Vishnu Dattu Kadam,Walva,1400,Gotkhindi,0.25,8.37,0.25,0.50,188.16,38.78,313.6,6.63,0.64,0.92,0.28,3.94,0.20
7493,1923,Pratibha Ramesh Patil,Walva,1661,Gotkhindi,0.6,8.53,0.18,0.59,163.07,39.67,358.4,5.37,0.66,1.02,0.24,4.02,0.22
7494,1924,Sadashiv Ramchandra Patil,Walva,1754,Gotkhindi,0.4,8.43,0.25,0.56,200.70,33.43,336.0,6.28,0.62,1.12,0.20,5.10,0.42
7495,1925,Ashok Yashwanth Kulkarni,Walva,955,Gotkhindi,0.4,8.35,0.22,0.61,175.62,21.40,403.2,11.08,0.82,1.08,0.58,3.78,0.24
7496,1926,Ramesh Shamrao Khot,Walva,787,Gotkhindi,0.25,8.56,0.17,0.57,188.16,10.70,414.4,10.16,0.52,1.13,0.48,5.34,0.22
7497,1927,Rajendra Shivajirao Thorat,Walva,109,Gotkhindi,0.4,8.20,0.32,0.51,163.07,12.93,436.8,7.68,0.80,0.98,0.46,4.14,0.20
7498,1928,Ashish Nivrutti Khot,Walva,787,Gotkhindi,0.25,8.48,0.19,0.67,200.70,10.25,347.2,5.54,1.14,1.09,0.44,3.48,0.26
7499,1929,Shubham Nagnath Patil,Walva,1489,Gotkhindi,0.4,8.29,0.31,0.44,175.62,21.40,459.2,7.90,0.70,1.05,0.48,4.44,0.34
7500,1930,Pradnya Nagnath Patil,Walva,1489,Gotkhindi,0.4,8.39,0.27,0.44,150.53,23.63,425.6,7.94,1.20,0.97,0.46,2.68,0.36
7501,1931,Shailja Nagnath Patil,Walva,1489,Gotkhindi,0.4,8.38,0.27,0.71,200.70,28.53,537.6,4.97,0.40,0.95,0.54,2.64,0.20
7502,1932,Abhijeet Chandrakant Patil,Walva,1379,Gotkhindi,0.4,8.41,0.26,0.74,188.16,34.32,313.6,6.59,0.60,0.93,0.78,2.40,0.36
7503,,Shrikant Ramchandra Dige,Walva,103,Farnewadi(borgaon),1,8.29,0.14,0.43,188.16,23.18,179.2,3.75,0.58,0.85,3.14,4.54,3.98
7504,,Shrikant Kiran Jadhav,Walva,488,Farnewadi(borgaon),1,8.58,0.24,0.74,125.44,16.49,134.4,5.93,0.12,0.70,4.32,3.92,4.70
